Date,PETR4.SA,VALE3.SA,ITUB4.SA,WEGE3.SA,MGLU3.SA,ABEV3.SA,BBAS3.SA,RENT3.SA
2021-01-04,8.051274299621582,52.85942459106445,19.446636199951172,33.06497573852539,215.7353973388672,11.875998497009277,12.368096351623535,56.88699722290039
2021-01-05,8.36596965789795,53.74947738647461,19.32076644897461,35.09440231323242,211.96859741210938,12.129169464111328,12.239777565002441,56.55129623413086
2021-01-06,8.382678985595703,55.51222610473633,19.887176513671875,36.02495574951172,200.83938598632812,12.374669075012207,12.519444465637207,53.29485321044922
2021-01-07,8.633326530456543,59.135963439941406,20.661264419555664,37.513816833496094,198.27110290527344,12.313292503356934,13.016281127929688,55.82112121582031
2021-01-08,8.666747093200684,58.95103073120117,20.65497398376465,39.78254318237305,204.09254455566406,12.681540489196777,13.091955184936523,59.589508056640625
2021-01-11,8.59433650970459,58.93946838378906,20.189258575439453,38.56397247314453,201.09622192382812,12.351652145385742,12.87808895111084,58.431304931640625
2021-01-12,8.53028392791748,57.327003479003906,20.25218963623047,39.911048889160156,207.17446899414062,12.888680458068848,12.996540069580078,59.656654357910156
2021-01-13,8.118112564086914,55.6104850769043,19.91863250732422,40.00410079956055,205.63351440429688,12.405357360839844,12.354935646057129,59.63147735595703
2021-01-14,8.201661109924316,56.52364730834961,20.510221481323242,39.82241439819336,203.1508331298828,12.533854484558105,12.325325012207031,62.04864501953125
2021-01-15,7.831262588500977,54.06733703613281,19.736135482788086,38.178470611572266,205.11985778808594,12.294893264770508,11.943655014038086,59.34612274169922
2021-01-18,7.817338466644287,54.506591796875,19.635433197021484,40.85929489135742,209.314697265625,12.503020286560059,11.82191276550293,59.329341888427734
2021-01-19,7.990005016326904,54.36210250854492,19.402584075927734,39.70277786254883,206.14715576171875,12.541563987731934,11.621209144592285,57.74308395385742
2021-01-20,7.856327533721924,53.356468200683594,19.081619262695312,39.30398178100586,217.61880493164062,12.34885311126709,11.361274719238281,58.38933563232422
2021-01-21,7.672520637512207,53.9575309753418,18.823591232299805,38.838714599609375,218.21807861328125,12.03281021118164,11.246114730834961,56.9961051940918
2021-01-22,7.544412612915039,53.84772872924805,18.420801162719727,39.42361831665039,222.49855041503906,11.678221702575684,11.084894180297852,56.66040802001953
2021-01-26,7.51934814453125,53.02703094482422,17.809396743774414,39.41474914550781,220.44390869140625,11.870931625366211,10.788773536682129,55.359500885009766
2021-01-27,7.630745887756348,51.553253173828125,17.809396743774414,39.299556732177734,220.78634643554688,11.870931625366211,11.104635238647461,54.5369987487793
2021-01-28,7.73100471496582,52.651363372802734,18.5280818939209,38.98050308227539,224.2107391357422,11.978849411010742,11.364566802978516,56.43378829956055
2021-01-29,7.433014869689941,50.83082580566406,17.866132736206055,37.128299713134766,216.3346710205078,11.647388458251953,11.140827178955078,53.6137809753418
2021-02-01,7.666951656341553,52.749603271484375,18.342365264892578,37.46062469482422,213.4239501953125,12.025101661682129,11.282312393188477,53.67252731323242
2021-02-02,7.9816484451293945,50.66321563720703,17.9512939453125,37.76637268066406,216.59149169921875,12.03281021118164,11.206633567810059,56.66040802001953
2021-02-03,8.059629440307617,52.264137268066406,17.86298942565918,39.29068374633789,219.58782958984375,12.086767196655273,11.29547119140625,57.74308395385742
2021-02-04,8.02620792388916,51.60527420043945,17.787294387817383,37.917049407958984,216.67709350585938,12.025101661682129,11.249409675598145,58.41451644897461
2021-02-05,8.031779289245605,53.57029724121094,17.711606979370117,37.442909240722656,221.3000030517578,11.963435173034668,11.17373275756836,57.80183029174805
2021-02-08,7.8284783363342285,54.33320236206055,17.383615493774414,37.88602066040039,223.95388793945312,11.516345977783203,11.144119262695312,58.12916564941406
2021-02-09,7.669734954833984,54.47191619873047,17.591764450073242,37.66889572143555,224.63876342773438,11.531763076782227,11.279017448425293,57.508087158203125
2021-02-10,7.74214506149292,54.731990814208984,17.465618133544922,38.12086868286133,216.59149169921875,11.570304870605469,11.124377250671387,56.5261344909668
2021-02-11,7.820123195648193,53.80726623535156,17.465618133544922,38.550689697265625,219.58782958984375,11.524054527282715,11.167149543762207,56.19879913330078
2021-02-12,7.920382022857666,54.26384735107422,17.509765625,38.40446472167969,221.81365966796875,11.40071964263916,11.104635238647461,56.148433685302734
2021-02-17,8.240647315979004,55.685611724853516,17.730525970458984,37.199188232421875,218.3036651611328,11.770724296569824,10.97631549835205,55.31753158569336
2021-02-18,8.151531219482422,56.29246139526367,17.604381561279297,36.946624755859375,214.36566162109375,11.40071964263916,10.943413734436035,54.22645568847656
2021-02-19,7.6112518310546875,56.506290435791016,17.42145347595215,36.88459014892578,213.50955200195312,11.477804183959961,10.736127853393555,54.63771057128906
2021-02-22,6.034972667694092,55.10765075683594,16.15363883972168,36.654170989990234,207.6025390625,11.238842964172363,9.48582649230957,51.27217102050781
2021-02-23,6.700575351715088,56.032379150390625,17.18807601928711,37.07070541381836,212.82467651367188,11.32363510131836,10.165961265563965,51.448421478271484
2021-02-24,6.795262813568115,56.59877014160156,16.935781478881836,38.41775894165039,210.9412841796875,11.315926551818848,10.125871658325195,50.81055450439453
2021-02-25,6.458284378051758,55.315731048583984,16.405948638916016,35.44892120361328,205.89035034179688,10.945923805236816,9.84190559387207,50.239837646484375
2021-02-26,6.193714618682861,54.627967834472656,16.20737648010254,34.584842681884766,207.0032501220703,10.807173728942871,9.370858192443848,48.67876434326172
2021-03-01,6.126876354217529,56.968658447265625,15.72182846069336,34.71808624267578,210.17079162597656,10.614463806152344,9.30738353729248,49.652339935302734
2021-03-02,6.1240925788879395,58.7198600769043,16.35654067993164,34.29969024658203,207.77374267578125,10.78404712677002,9.664846420288086,49.182334899902344
2021-03-03,5.901297092437744,57.99740982055664,16.394624710083008,34.272972106933594,215.05052185058594,10.922799110412598,9.684889793395996,49.366981506347656
2021-03-04,6.188145637512207,57.136268615722656,16.908742904663086,32.594940185546875,217.79002380371094,11.393012046813965,10.035673141479492,51.12948989868164
2021-03-05,6.235490322113037,60.525630950927734,17.53710174560547,32.510372161865234,215.13613891601562,11.624263763427734,10.222755432128906,51.053958892822266
2021-03-08,5.876232147216797,60.1994743347168,16.978561401367188,30.778926849365234,197.75746154785156,11.32363510131836,9.755047798156738,46.261600494384766
2021-03-09,6.012693405151367,59.595489501953125,17.21339225769043,31.824920654296875,200.24012756347656,11.685930252075195,9.684889793395996,46.64768600463867
2021-03-10,6.221565246582031,58.677425384521484,17.340343475341797,32.17209243774414,213.16712951660156,11.770724296569824,9.988901138305664,47.45340347290039
2021-03-11,6.4861345291137695,60.21759033203125,17.365734100341797,32.01185607910156,212.31103515625,11.631973266601562,10.039011001586914,49.97965621948242
2021-03-12,6.452715873718262,58.82843017578125,17.251489639282227,31.66912078857422,210.34201049804688,11.585721015930176,10.071145057678223,49.93770217895508
2021-03-15,6.5863938331604,58.47810363769531,17.454601287841797,32.59048843383789,203.0652313232422,11.793848991394043,10.000646591186523,49.803409576416016
2021-03-16,6.483351230621338,58.290870666503906,17.099163055419922,32.670616149902344,206.74644470214844,11.6011381149292,10.027503967285156,48.67876434326172
2021-03-17,6.7061448097229,59.13041687011719,17.765592575073242,32.5771369934082,204.94863891601562,11.88634967803955,10.306136131286621,50.17269515991211
2021-03-18,6.47221040725708,58.07949447631836,17.867168426513672,31.9628963470459,190.73748779296875,11.793848991394043,10.218854904174805,48.46893310546875
2021-03-19,6.68386697769165,57.245975494384766,17.905242919921875,32.02519607543945,190.8231201171875,12.025101661682129,10.306136131286621,49.76984405517578
2021-03-22,6.5501885414123535,56.2977180480957,18.00679588317871,31.73589324951172,187.56996154785156,11.978849411010742,10.33635139465332,48.54448318481445
2021-03-23,6.349672794342041,54.99913787841797,17.549800872802734,31.873876571655273,184.1455841064453,11.624263763427734,9.963722229003906,47.461795806884766
2021-03-24,6.355241775512695,56.261478424072266,17.245147705078125,31.388721466064453,174.38612365722656,11.408428192138672,9.782437324523926,46.27001190185547
2021-03-25,6.461069583892822,55.832645416259766,17.549800872802734,31.633520126342773,173.78684997558594,11.554886817932129,9.92343521118164,47.6716194152832
2021-03-26,6.5334792137146,57.698970794677734,17.849069595336914,32.37683868408203,171.04734802246094,11.678221702575684,9.957006454467773,48.20036697387695
2021-03-29,6.636521816253662,59.178741455078125,17.84270668029785,32.106895446777344,168.22225952148438,11.793848991394043,10.004003524780273,48.30107879638672
2021-03-30,6.636521816253662,58.62910079956055,18.135215759277344,33.42057418823242,171.7322235107422,12.017391204833984,10.312849044799805,50.26337814331055
2021-03-31,6.711716651916504,59.172698974609375,17.785484313964844,33.20236587524414,173.273193359375,11.786139488220215,10.222211837768555,50.204551696777344
2021-04-01,6.653231143951416,58.8223762512207,17.24152374267578,33.42502212524414,174.98536682128906,11.562597274780273,10.054359436035156,50.46511459350586
2021-04-05,6.695004940032959,62.446319580078125,17.464187622070312,34.24885559082031,174.8141632080078,11.770724296569824,10.040929794311523,51.717506408691406
2021-04-06,6.689436435699463,61.63697052001953,17.26059913635254,34.333457946777344,176.35513305664062,11.863224029541016,9.92007827758789,52.415130615234375
2021-04-07,6.68386697769165,63.152984619140625,17.10791015625,33.91487503051758,172.75953674316406,11.73218059539795,9.856292724609375,52.4487419128418
2021-04-08,6.600318431854248,63.11674118041992,16.97429656982422,34.0484504699707,187.05628967285156,11.909473419189453,9.772367477416992,53.45737838745117
2021-04-09,6.5863938331604,62.210758209228516,16.948856353759766,33.62541961669922,185.5153350830078,11.840097427368164,9.799223899841309,52.944664001464844
2021-04-12,6.653231143951416,62.452369689941406,17.368757247924805,33.62541961669922,185.34410095214844,11.95572566986084,9.92007827758789,52.93625259399414
2021-04-13,6.675509929656982,62.56106948852539,17.36240577697754,33.3893928527832,190.0526123046875,12.048225402832031,9.92007827758789,53.12117004394531
2021-04-14,6.7813401222229,64.62671661376953,17.585063934326172,33.946041107177734,189.36773681640625,12.186976432800293,9.93686294555664,53.499412536621094
2021-04-15,6.646857738494873,65.35752868652344,17.585063934326172,34.86784362792969,190.0526123046875,12.233226776123047,9.950291633605957,53.45737838745117
2021-04-16,6.60655403137207,65.63536071777344,17.78230094909668,34.31120300292969,187.6555633544922,12.179267883300781,9.993932723999023,53.944889068603516
2021-04-19,6.9894185066223145,65.067626953125,17.51508903503418,33.754547119140625,185.34410095214844,12.125308990478516,9.943575859069824,52.48236083984375
2021-04-20,6.857000827789307,64.1193618774414,17.426013946533203,32.89509963989258,184.9160614013672,12.040515899658203,10.104715347290039,51.92762756347656
2021-04-22,6.825334548950195,64.16165161132812,17.43238067626953,32.454246520996094,181.0636444091797,12.256351470947266,10.01407527923584,51.16275405883789
2021-04-23,6.819578170776367,65.22467041015625,17.51508903503418,33.4918212890625,186.02899169921875,12.217811584472656,10.094642639160156,51.860382080078125
2021-04-26,6.845483779907227,65.57496643066406,17.50236701965332,33.23353958129883,185.85777282714844,12.017391204833984,10.104715347290039,52.04530334472656
2021-04-27,6.649735927581787,66.51115417480469,17.235164642333984,32.9619026184082,179.35147094726562,11.786139488220215,9.993932723999023,51.30562973022461
2021-04-28,6.89154577255249,67.59832763671875,17.985219955444336,32.5076904296875,176.78317260742188,11.72447395324707,10.171855926513672,53.05392074584961
2021-04-29,6.799427032470703,67.61643981933594,17.417797088623047,31.608156204223633,173.4444122314453,11.763014793395996,9.950291633605957,53.26406478881836
2021-04-30,6.799427032470703,65.84676361083984,17.551681518554688,31.180652618408203,171.47540283203125,11.516345977783203,9.950291633605957,54.045745849609375
2021-05-03,6.74473237991333,65.50852966308594,17.797269821166992,30.68191146850586,172.75953674316406,11.408428192138672,9.987217903137207,53.906227111816406
2021-05-04,6.5892839431762695,66.49907684326172,17.038185119628906,30.013946533203125,169.07835388183594,11.285094261169434,9.859649658203125,52.75426483154297
2021-05-05,6.859879016876221,66.86750030517578,17.522968292236328,30.913471221923828,170.36248779296875,11.454678535461426,9.822721481323242,51.79571533203125
2021-05-06,6.764883518218994,69.48881530761719,17.41453742980957,30.04066276550293,166.59567260742188,12.472187042236328,9.805938720703125,51.93866729736328
2021-05-07,7.018205165863037,69.73040008544922,17.625032424926758,29.76456642150879,170.27685546875,12.49531078338623,10.051000595092773,53.14947509765625
2021-05-10,7.110323429107666,69.27137756347656,17.88657569885254,28.77597427368164,164.36984252929688,12.718854904174805,10.181926727294922,52.93085861206055
2021-05-11,7.239864826202393,71.70545196533203,17.84830665588379,28.75816535949707,165.3971405029297,13.00406551361084,10.255780220031738,52.83834457397461
2021-05-12,7.133353233337402,69.05393981933594,17.586774826049805,27.849727630615234,159.1476593017578,13.00406551361084,10.188643455505371,49.02093505859375
2021-05-13,7.193805694580078,67.9426040649414,18.097089767456055,28.32176399230957,163.7705535888672,13.011774063110352,10.460561752319336,49.432952880859375
2021-05-14,7.570910453796387,66.77690124511719,18.498950958251953,28.588947296142578,163.94178771972656,13.243025779724121,10.460561752319336,49.432952880859375
2021-05-17,7.674543380737305,68.52848052978516,18.48619842529297,28.651290893554688,161.45912170410156,13.41261100769043,10.6451997756958,50.38310241699219
2021-05-18,7.585305213928223,69.21701049804688,18.44793128967285,28.85614013671875,162.40081787109375,13.428028106689453,10.792908668518066,51.29121017456055
2021-05-19,7.527731895446777,67.79764556884766,18.58188247680664,28.143638610839844,159.9181365966797,13.535947799682617,10.977546691894531,50.24856948852539
2021-05-20,7.464400291442871,67.10910034179688,18.683950424194336,28.37519645690918,160.43182373046875,13.520530700683594,11.011116027832031,52.52724075317383
2021-05-21,7.470156669616699,66.07627868652344,18.773252487182617,28.241600036621094,158.63401794433594,13.57448959350586,11.105116844177246,52.87198257446289
2021-05-24,7.5968194007873535,66.3057861328125,18.72222328186035,29.07878875732422,171.2185821533203,13.589903831481934,11.178020477294922,54.02394104003906
2021-05-25,7.438492774963379,64.65691375732422,18.529727935791016,29.363798141479492,171.38978576660156,13.57448959350586,11.028434753417969,53.141056060791016
2021-05-26,7.5104594230651855,66.55946350097656,18.785308837890625,29.212385177612305,168.3934783935547,13.466571807861328,11.212015151977539,53.3092155456543
2021-05-27,7.458642959594727,67.03662109375,18.625572204589844,29.22129249572754,167.70858764648438,13.636154174804688,11.364998817443848,51.91343688964844
2021-05-28,7.769538402557373,67.3990249633789,18.93227767944336,30.637372970581055,173.3588104248047,13.759490013122559,11.402395248413086,52.08159637451172
2021-05-31,7.734996795654297,69.32572174072266,18.8747615814209,30.41472816467285,172.58831787109375,13.836573600769043,11.385397911071777,52.678585052490234
2021-06-01,7.855899810791016,68.37142181396484,19.561996459960938,30.45034408569336,174.2148895263672,14.468663215637207,11.551977157592773,53.94825744628906
2021-06-02,8.022862434387207,69.33781433105469,20.21405792236328,29.791284561157227,175.49905395507812,14.931167602539062,11.966737747192383,54.42754364013672
2021-06-04,8.204218864440918,68.19023895263672,20.635988235473633,30.477066040039062,178.495361328125,14.938873291015625,12.153716087341309,56.041954040527344
2021-06-07,8.143767356872559,67.5258560180664,21.121835708618164,30.39691162109375,178.0673065185547,15.10845947265625,12.41549015045166,56.33625411987305
2021-06-08,8.250276565551758,66.3903579711914,20.974809646606445,30.298940658569336,180.20755004882812,15.100751876831055,12.34069538116455,56.10081481933594
2021-06-09,8.250276565551758,67.76744079589844,21.262474060058594,30.503787994384766,173.53001403808594,14.88491439819336,12.102720260620117,55.108619689941406
2021-06-10,8.256034851074219,67.5439682006836,21.18576431274414,30.218791961669922,173.61563110351562,14.892623901367188,12.068720817565918,54.990901947021484
2021-06-11,8.224370002746582,69.05998229980469,20.936439514160156,30.468168258666992,174.4717254638672,14.599705696105957,12.0347318649292,53.84735870361328
2021-06-14,8.276185989379883,68.68551635742188,20.86612319946289,31.064870834350586,176.26951599121094,15.015958786010742,12.167444229125977,54.28459930419922
2021-06-15,8.356789588928223,67.34465026855469,20.86612319946289,31.581430435180664,178.8378143310547,14.746162414550781,12.126446723937988,54.15005874633789
2021-06-16,8.38845443725586,65.32130432128906,21.281658172607422,31.02034568786621,173.87246704101562,14.71533203125,12.21185302734375,53.91461944580078
2021-06-17,8.097709655761719,63.96232604980469,21.032329559326172,30.655195236206055,182.43338012695312,14.653663635253906,11.921499252319336,52.61973571777344
2021-06-18,8.152403831481934,65.88904571533203,20.648767471313477,31.34096336364746,180.3787841796875,14.460953712463379,11.904419898986816,52.813133239746094
2021-06-21,8.333759307861328,66.50511169433594,20.744659423828125,31.394399642944336,182.0909423828125,14.437828063964844,11.812190055847168,53.157867431640625
2021-06-22,8.376938819885254,67.28426361083984,20.47616195678711,30.539403915405273,179.52268981933594,14.09865951538086,11.56282901763916,52.9728889465332
2021-06-23,8.434513092041016,68.29291534423828,20.32912826538086,30.23659896850586,176.18392944335938,13.86740779876709,11.56282901763916,53.813724517822266
2021-06-24,8.535265922546387,68.38510131835938,20.335521697998047,30.575037002563477,185.34410095214844,13.836573600769043,11.58674144744873,54.2341423034668
2021-06-25,8.376938819885254,69.22891235351562,19.68985366821289,29.889259338378906,183.11825561523438,13.065735816955566,11.238319396972656,53.477386474609375
2021-06-28,8.362546920776367,68.12025451660156,19.466100692749023,30.299667358398438,184.31680297851562,13.489694595336914,11.15291976928711,54.02394104003906
2021-06-29,8.399969100952148,69.2966537475586,19.274314880371094,30.92348861694336,185.5153350830078,13.327820777893066,11.077771186828613,54.25937271118164
2021-06-30,8.471935272216797,69.75242614746094,19.05057144165039,30.023399353027344,181.0636444091797,13.158233642578125,10.975295066833496,53.89389419555664
2021-07-01,8.365425109863281,68.53907012939453,18.989795684814453,30.522459030151367,177.1256103515625,13.258443832397461,10.85915470123291,52.63075637817383
2021-07-02,8.399969100952148,69.9556884765625,19.194480895996094,31.42254066467285,185.25848388671875,13.435735702514648,10.97871208190918,54.281253814697266
2021-07-05,8.304973602294922,69.70315551757812,18.93223762512207,31.11062240600586,183.03265380859375,13.828866004943848,10.91038990020752,53.98652648925781
2021-07-06,7.965290069580078,70.07270812988281,18.900259017944336,30.789810180664062,180.50958251953125,13.528237342834473,10.746428489685059,53.00128173828125
2021-07-07,8.074679374694824,70.27597045898438,18.98340606689453,32.13547897338867,188.56268310546875,13.697821617126465,10.88989543914795,55.8728141784668
2021-07-08,7.9134721755981445,70.00495910644531,18.733964920043945,30.95022201538086,187.79165649414062,13.3817777633667,10.85915470123291,55.16545486450195
2021-07-12,7.98256254196167,70.87339782714844,18.989795684814453,31.707714080810547,189.333740234375,13.613028526306152,11.135838508605957,55.67070388793945
2021-07-13,8.031500816345215,71.29222106933594,19.104936599731445,31.35124969482422,192.67491149902344,13.720948219299316,11.08801555633545,55.72123336791992
2021-07-14,7.965290069580078,70.9041976928711,19.13051986694336,31.199735641479492,196.4444580078125,13.805739402770996,11.163167953491211,57.75067138671875
2021-07-15,7.79544734954834,71.12593078613281,18.900259017944336,31.11953353881836,203.21249389648438,13.582197189331055,10.992372512817383,57.86014175415039
2021-07-16,7.680300235748291,69.84481811523438,18.593244552612305,30.558095932006836,204.75457763671875,13.435735702514648,10.85915470123291,57.00962829589844
2021-07-19,7.553637504577637,69.08108520507812,18.484519958496094,30.4600772857666,198.0722198486328,13.111984252929688,10.77717113494873,56.630680084228516
2021-07-20,7.654393196105957,69.66004180908203,18.727569580078125,30.789810180664062,200.2139892578125,13.127402305603027,10.968463897705078,56.84122085571289
2021-07-21,7.760903358459473,70.46073913574219,18.804319381713867,30.70069122314453,200.12832641601562,13.258443832397461,11.077771186828613,56.260169982910156
2021-07-22,7.7436323165893555,70.64552307128906,18.612438201904297,31.27994155883789,199.18594360351562,13.127402305603027,10.91380786895752,57.514888763427734
2021-07-23,7.697573184967041,70.28828430175781,18.561267852783203,31.012609481811523,193.6173095703125,12.911565780639648,10.855738639831543,57.531734466552734
2021-07-26,7.907715320587158,71.81575012207031,18.887470245361328,30.87892723083496,188.8197021484375,13.173650741577148,11.023116111755371,57.27909851074219
2021-07-27,7.815598964691162,70.32523345947266,19.072954177856445,30.647216796875,183.76510620117188,13.042610168457031,11.074355125427246,56.260169982910156
2021-07-28,7.976804256439209,72.24690246582031,19.6933650970459,33.15140914916992,184.45046997070312,13.358654022216797,11.238319396972656,55.69597244262695
2021-07-29,8.005590438842773,71.18135833740234,19.59103012084961,32.197845458984375,186.07821655273438,13.204483985900879,11.060691833496094,56.495967864990234
2021-07-30,7.746510028839111,66.98696899414062,19.379959106445312,31.823558807373047,176.48301696777344,12.826773643493652,10.804498672485352,52.336029052734375
2021-08-02,7.602576732635498,67.09168243408203,19.498348236083984,32.80657196044922,176.7400360107422,12.996359825134277,10.951384544372559,51.510780334472656
2021-08-03,7.729239463806152,69.3767318725586,19.690322875976562,32.60068893432617,175.026611328125,13.158233642578125,10.88989543914795,51.46025085449219
2021-08-04,7.565154075622559,69.30281829833984,19.139991760253906,32.28739929199219,171.00006103515625,12.819064140319824,10.729350090026855,49.818172454833984
2021-08-05,8.161038398742676,67.18406677246094,19.19758415222168,32.09941482543945,175.28363037109375,12.811356544494629,10.538058280944824,49.26239013671875
2021-08-06,8.172553062438965,67.56593322753906,19.735107421875,32.439571380615234,177.16839599609375,13.18135929107666,10.85915470123291,49.05186462402344
2021-08-09,8.114981651306152,67.14096069335938,19.965496063232422,32.367958068847656,175.54063415527344,13.227609634399414,10.760092735290527,49.34659957885742
2021-08-10,8.140889167785645,67.78766632080078,19.587936401367188,32.3052978515625,174.7695770263672,12.880730628967285,10.486821174621582,48.361358642578125
2021-08-11,8.253157615661621,67.30109405517578,19.805509567260742,32.359004974365234,179.1388397216797,12.77281379699707,10.384343147277832,48.327667236328125
2021-08-12,8.376938819885254,67.25796508789062,19.434356689453125,31.786121368408203,179.6528778076172,12.780523300170898,10.158894538879395,48.90028762817383
2021-08-13,8.448905944824219,66.70365905761719,19.69672393798828,32.018856048583984,173.65586853027344,12.834481239318848,10.076911926269531,48.37819290161133
2021-08-16,8.24452018737793,67.01160430908203,19.48086929321289,30.801485061645508,166.37380981445312,12.641772270202637,10.059831619262695,47.24136734008789
2021-08-17,8.244492530822754,65.90296173095703,19.410255432128906,31.05211639404297,165.43142700195312,12.58010482788086,10.018840789794922,45.97822952270508
2021-08-18,8.171290397644043,63.69182586669922,19.44878387451172,30.058523178100586,161.4048614501953,12.695730209350586,10.066662788391113,46.491912841796875
2021-08-19,8.12553882598877,60.057926177978516,19.198366165161133,31.499677658081055,162.3472442626953,13.250737190246582,10.134979248046875,48.95924377441406
2021-08-20,8.113338470458984,60.08256530761719,19.127731323242188,32.20683288574219,161.5762176513672,13.520530700683594,10.148645401000977,49.45607376098633
2021-08-23,8.241442680358887,59.251075744628906,19.33319854736328,32.000953674316406,155.3221893310547,13.3817777633667,10.240874290466309,47.519256591796875
2021-08-24,8.412250518798828,61.41292953491211,19.872547149658203,31.92038917541504,164.83172607421875,13.55907154083252,10.575522422790527,48.041358947753906
2021-08-25,8.458002090454102,61.28359603881836,19.89823341369629,32.56488800048828,167.48753356933594,13.551362991333008,10.540961265563965,48.445560455322266
2021-08-26,8.384799003601074,60.50138854980469,19.416671752929688,32.91398239135742,161.0621795654297,13.189067840576172,10.392353057861328,47.12347412109375
2021-08-27,8.689809799194336,62.016536712646484,19.75055694580078,33.03036117553711,163.03262329101562,13.135110855102539,10.551328659057617,49.093971252441406
2021-08-30,8.631860733032227,61.622344970703125,19.609298706054688,32.83342742919922,161.74754333496094,13.243025779724121,10.451103210449219,47.788726806640625
2021-08-31,8.293295860290527,60.7785530090332,19.866125106811523,31.83088493347168,156.2645721435547,13.18135929107666,10.516766548156738,46.702430725097656
2021-09-01,8.247543334960938,60.88325881958008,19.952850341796875,32.48432540893555,160.03411865234375,13.304695129394531,10.52713394165039,46.289798736572266
2021-09-02,8.113338470458984,60.69232177734375,19.233369827270508,31.992006301879883,154.29412841796875,12.734272003173828,10.091673851013184,45.65823745727539
2021-09-03,8.030985832214355,60.73543167114258,19.124160766601562,32.44851303100586,161.91888427734375,12.765106201171875,10.067480087280273,46.13822937011719
2021-09-06,8.070634841918945,59.78074645996094,19.368270874023438,32.56488800048828,166.88783264160156,13.250737190246582,10.247196197509766,46.677154541015625
2021-09-08,7.6161675453186035,58.53662109375,18.44964027404785,32.663352966308594,160.97650146484375,12.49531078338623,9.815189361572266,50.42447280883789
2021-09-09,7.777822971343994,58.32719421386719,18.693750381469727,34.76691436767578,161.49053955078125,12.572397232055664,9.987991333007812,50.52553176879883
2021-09-10,7.729022026062012,58.39495086669922,18.50745964050293,34.60578536987305,147.18341064453125,12.410520553588867,10.019095420837402,48.22661590576172
2021-09-13,8.000482559204102,58.3641471862793,18.738718032836914,34.820613861083984,149.41087341308594,12.603228569030762,10.240283966064453,49.68344497680664
2021-09-14,7.893728733062744,57.95149230957031,18.623092651367188,35.25028610229492,145.89834594726562,12.672603607177734,10.165421485900879,48.841346740722656
2021-09-15,8.030985832214355,56.504093170166016,18.3211612701416,35.662044525146484,142.38583374023438,12.34885311126709,10.085433959960938,48.33608627319336
2021-09-16,7.960832118988037,54.15745162963867,18.308320999145508,35.71576690673828,140.24404907226562,12.433646202087402,10.248887062072754,48.192935943603516
2021-09-17,7.603967666625977,53.06112289428711,17.87148666381836,35.0802001953125,141.9574737548828,12.133017539978027,10.064568519592285,47.94872283935547
2021-09-20,7.518562316894531,50.96701431274414,17.46678352355957,34.811668395996094,137.50254821777344,12.03281021118164,9.737659454345703,46.68558120727539
2021-09-21,7.689370632171631,51.81081771850586,17.421812057495117,35.581485748291016,140.41537475585938,12.07135009765625,9.984578132629395,48.075035095214844
2021-09-22,7.884577751159668,53.65239334106445,17.826520919799805,36.315486907958984,139.9870147705078,12.117600440979004,10.217586517333984,48.60555648803711
2021-09-23,8.186541557312012,53.6505241394043,18.443225860595703,36.85255432128906,135.96047973632812,12.240934371948242,10.241933822631836,48.92555618286133
2021-09-24,8.204841613769531,52.8210563659668,18.186260223388672,37.004730224609375,133.90435791015625,12.210102081298828,10.161943435668945,47.87294006347656
2021-09-27,8.278044700622559,53.575740814208984,18.661638259887695,36.593414306640625,128.5927276611328,12.202393531799316,10.387996673583984,47.670833587646484
2021-09-28,8.223142623901367,50.89014434814453,18.237655639648438,36.423248291015625,121.48200225830078,11.901766777038574,10.175857543945312,46.76979446411133
2021-09-29,8.35429859161377,51.53604507446289,18.565279006958008,35.70677947998047,119.42589569091797,11.9403076171875,10.231499671936035,46.10454559326172
2021-09-30,8.305495262145996,51.83521270751953,18.584552764892578,35.49184799194336,122.85274505615234,11.793848991394043,10.05065631866455,45.96023941040039
2021-10-01,8.540355682373047,51.80801010131836,19.069808959960938,35.9754638671875,124.65184020996094,11.770724296569824,10.276708602905273,47.08245086669922
2021-10-04,8.781316757202148,51.325279235839844,15.644062995910645,34.730587005615234,117.4554443359375,11.593429565429688,10.154987335205078,44.804264068603516
2021-10-05,8.973471641540527,50.95814514160156,16.023263931274414,33.61111831665039,117.19843292236328,11.701349258422852,10.638391494750977,45.099586486816406
2021-10-06,8.735564231872559,52.39271926879883,16.074687957763672,33.59321212768555,123.88080596923828,11.639679908752441,10.65578556060791,45.27677536010742
2021-10-07,8.723362922668457,53.95648193359375,15.734037399291992,33.63799285888672,120.19692993164062,11.624263763427734,10.544492721557617,44.54270553588867
2021-10-08,8.881970405578613,54.28961944580078,15.849733352661133,34.614166259765625,128.2500457763672,11.840097427368164,10.767069816589355,46.44963073730469
2021-10-11,8.942972183227539,55.49302673339844,15.573355674743652,34.587303161621094,123.19542694091797,11.747596740722656,10.683602333068848,46.12055206298828
2021-10-13,9.03752613067627,53.84769821166992,15.592641830444336,36.34264373779297,124.2234878540039,11.95572566986084,10.697514533996582,46.86306381225586
2021-10-14,9.052778244018555,53.84769821166992,15.515512466430664,36.360557556152344,121.3963394165039,11.9403076171875,10.645349502563477,46.879947662353516
2021-10-15,9.028376579284668,54.85393142700195,15.913997650146484,35.93067169189453,124.73751068115234,11.971141815185547,10.982688903808594,47.78279113769531
2021-10-18,8.982624053955078,54.337223052978516,16.023263931274414,36.14561462402344,122.33871459960938,12.040515899658203,11.201786994934082,47.4621467590332
2021-10-19,8.54340648651123,53.71171188354492,15.644062995910645,35.24108123779297,117.62679290771484,11.670515060424805,10.652304649353027,45.20083999633789
2021-10-20,8.692862510681152,52.1275634765625,16.06183624267578,35.93067169189453,113.6859130859375,11.878640174865723,10.850537300109863,43.741119384765625
2021-10-21,8.372599601745605,51.100921630859375,15.734037399291992,35.24108123779297,106.31816864013672,11.670515060424805,10.370607376098633,41.690757751464844
2021-10-22,8.290245056152344,51.72642135620117,15.129874229431152,34.8291130065918,106.40384674072266,11.562597274780273,10.054134368896484,40.37446212768555
2021-10-25,8.85757064819336,52.35192108154297,15.425527572631836,35.42019271850586,105.71846771240234,11.770724296569824,10.262797355651855,40.91448211669922
2021-10-26,8.772165298461914,51.79440689086914,15.25841236114502,35.518707275390625,102.6343002319336,11.685930252075195,10.154987335205078,38.391605377197266
2021-10-27,8.750814437866211,50.618202209472656,15.374113082885742,35.106746673583984,99.37879180908203,11.73218059539795,10.14455509185791,39.11725616455078
2021-10-28,8.833166122436523,50.10826873779297,15.341973304748535,33.87978744506836,95.5235824584961,12.873023986816406,10.054134368896484,38.771305084228516
2021-10-29,8.28109359741211,48.68728256225586,14.982040405273438,33.136470794677734,92.61074829101562,13.096567153930664,9.911545753479004,38.22284698486328
2021-11-01,8.540355682373047,49.170021057128906,15.57872486114502,33.10063171386719,96.80865478515625,13.3817777633667,10.137598037719727,38.45911407470703
2021-11-03,8.189591407775879,45.4373893737793,15.726670265197754,33.745460510253906,98.950439453125,13.744071006774902,10.203672409057617,40.754173278808594
2021-11-04,7.9303297996521,44.9206657409668,14.896917343139648,33.781280517578125,94.92388153076172,13.782613754272461,9.963713645935059,40.72041702270508
2021-11-05,7.884577751159668,43.588077545166016,14.716816902160645,33.745460510253906,106.57518005371094,13.798032760620117,10.186290740966797,42.264522552490234
2021-11-08,7.966932773590088,45.960914611816406,14.639627456665039,33.226016998291016,102.20594787597656,13.674697875976562,10.252365112304688,40.91448211669922
2021-11-09,8.12553882598877,44.8322868347168,14.491693496704102,32.948394775390625,112.48650360107422,13.790324211120605,10.238455772399902,41.8510627746582
2021-11-10,8.06148624420166,44.66231155395508,14.858320236206055,32.49164581298828,111.54412841796875,13.682403564453125,10.707947731018066,42.61046600341797
2021-11-11,8.067587852478027,46.23966598510742,14.826155662536621,32.68867492675781,116.94142150878906,13.57448959350586,10.502762794494629,44.82114791870117
2021-11-12,8.232292175292969,46.43684005737305,14.793996810913086,31.927438735961914,95.5235824584961,13.497404098510742,10.485374450683594,43.57236099243164
2021-11-16,8.317697525024414,45.09744644165039,14.639627456665039,31.685626983642578,83.44391632080078,13.497404098510742,10.33930778503418,42.93952941894531
2021-11-17,8.107236862182617,44.19318771362305,14.697517395019531,32.0349006652832,79.41736602783203,13.520530700683594,10.193243026733398,43.46267318725586
2021-11-18,8.095038414001465,42.377864837646484,14.453093528747559,32.16923904418945,77.01856231689453,13.566781044006348,10.116732597351074,44.39925765991211
2021-11-19,7.960832118988037,43.533687591552734,14.330885887145996,32.052818298339844,79.41736602783203,13.404902458190918,10.102821350097656,45.41177749633789
2021-11-22,8.040133476257324,45.95410919189453,14.36639404296875,31.049760818481445,75.73348999023438,13.350943565368652,10.04718017578125,44.534263610839844
2021-11-23,8.479353904724121,47.16432189941406,14.607239723205566,30.593008041381836,73.67737579345703,13.258443832397461,10.467257499694824,45.13335037231445
2021-11-24,8.653209686279297,48.25895309448242,14.997809410095215,30.02879524230957,75.56214904785156,13.18135929107666,10.661161422729492,44.61020278930664
2021-11-25,9.034477233886719,47.932613372802734,15.134510040283203,30.270597457885742,74.53409576416016,13.281567573547363,11.2146635055542,45.6564826965332
2021-11-26,8.683712005615234,46.667999267578125,14.848082542419434,29.276512145996094,69.05113220214844,12.865314483642578,10.844487190246582,44.179874420166016
2021-11-29,8.988722801208496,47.25271224975586,14.75045394897461,29.025754928588867,68.8797836303711,12.5955228805542,10.862113952636719,44.087066650390625
2021-11-30,8.976522445678711,47.558658599853516,14.568188667297363,28.86454963684082,66.82366943359375,12.37968635559082,11.225244522094727,43.125160217285156
2021-12-01,9.028376579284668,47.74903869628906,14.475455284118652,29.097400665283203,58.94190216064453,12.225518226623535,11.03486156463623,42.53453063964844
2021-12-02,9.71724796295166,49.965492248535156,15.022680282592773,29.303380966186523,57.913848876953125,12.341144561767578,11.338058471679688,45.327415466308594
2021-12-03,9.854302406311035,48.86406707763672,14.970565795898438,29.35711669921875,60.3983154296875,12.333436012268066,11.35215950012207,46.289302825927734
2021-12-06,9.898846626281738,51.51565170288086,15.146456718444824,29.56310272216797,62.540103912353516,12.39510440826416,11.658882141113281,46.21337127685547
2021-12-07,10.059887886047363,51.896392822265625,14.957531929016113,30.95124626159668,65.28157806396484,12.410520553588867,11.493181228637695,45.47085189819336
2021-12-08,10.0564603805542,51.50885772705078,14.81420612335205,32.27670669555664,58.34220504760742,12.39510440826416,11.546066284179688,47.225894927978516
2021-12-09,10.035901069641113,51.1145133972168,14.416816711425781,32.68867492675781,53.80162048339844,12.186976432800293,11.288703918457031,46.60993576049805
2021-12-10,10.159253120422363,51.43406677246094,14.43636417388916,32.061771392822266,54.572662353515625,12.294893264770508,11.457924842834473,47.84185791015625
2021-12-13,10.097576141357422,52.936641693115234,14.051998138427734,31.88265609741211,51.831180572509766,12.341144561767578,11.362735748291016,48.28905487060547
2021-12-14,9.977653503417969,52.929832458496094,14.188807487487793,31.60502815246582,49.17536544799805,12.46448040008545,11.364507675170898,48.50844192504883
2021-12-15,10.039328575134277,52.63069152832031,14.143204689025879,31.89161491394043,52.85923385620117,12.39510440826416,11.169543266296387,50.0272102355957
2021-12-16,10.172956466674805,54.69076919555664,14.286524772644043,31.88265609741211,54.82967758178711,12.410520553588867,11.134096145629883,50.398475646972656
2021-12-17,9.933111190795898,53.827293395996094,13.973830223083496,31.210968017578125,57.057132720947266,12.387394905090332,10.751260757446289,47.89247131347656
2021-12-20,9.64871883392334,53.22217559814453,13.758840560913086,30.48667335510254,54.229976654052734,12.350232124328613,10.428688049316406,47.35874938964844
2021-12-21,9.662426948547363,54.62277603149414,13.778386116027832,30.405996322631836,55.00101852416992,12.334213256835938,10.457045555114746,47.2741813659668
2021-12-22,9.64871883392334,54.337223052978516,13.8305025100708,30.18189811706543,52.77356719970703,12.326204299926758,10.396788597106934,47.05430603027344
2021-12-23,9.706968307495117,53.81370544433594,13.902165412902832,30.002607345581055,53.116249084472656,12.454351425170898,10.357791900634766,46.301639556884766
2021-12-27,9.850876808166504,53.67771530151367,14.045485496520996,29.733699798583984,58.08518981933594,12.438334465026855,10.379061698913574,46.55534362792969
2021-12-28,9.86115550994873,52.385921478271484,13.993369102478027,29.841264724731445,58.513545989990234,12.430326461791992,10.318802833557129,45.28680419921875
2021-12-29,9.778923034667969,52.52189636230469,13.876107215881348,29.348243713378906,57.913848876953125,12.374259948730469,10.265628814697266,44.06055450439453
2021-12-30,9.74808406829834,53.00462341308594,13.648093223571777,29.563379287719727,61.85472869873047,12.350232124328613,10.226638793945312,44.82167434692383
2022-01-03,9.96737289428711,53.03181838989258,14.024725914001465,28.702831268310547,57.571163177490234,12.278148651123047,10.216005325317383,43.03726577758789
2022-01-04,10.005064964294434,52.40631866455078,14.422456741333008,28.55940055847168,56.628780364990234,12.262130737304688,10.226638793945312,43.28251266479492
2022-01-05,9.61788272857666,52.90262985229492,14.148612022399902,27.053449630737305,55.00101852416992,12.021854400634766,10.056488990783691,42.03089904785156
2022-01-06,9.611028671264648,53.97007369995117,14.435492515563965,27.044485092163086,53.54460906982422,11.829631805419922,10.138016700744629,42.19157409667969
2022-01-07,9.655571937561035,57.111183166503906,14.75497817993164,26.36322021484375,53.28759002685547,11.637411117553711,10.148653984069824,41.83638000488281
2022-01-10,9.597322463989258,56.4312858581543,14.89189624786377,25.601276397705078,49.17536544799805,11.7335205078125,10.201822280883789,41.01606369018555
2022-01-11,9.881714820861816,57.50553512573242,15.224427223205566,26.031551361083984,50.289093017578125,11.757548332214355,10.244359970092773,41.60803985595703
2022-01-12,10.183235168457031,58.13103485107422,15.15922737121582,27.089305877685547,54.05863571166992,11.91773509979248,10.343615531921387,41.96323776245117
2022-01-13,10.38882064819336,57.247161865234375,15.439591407775879,26.08533477783203,52.173866271972656,12.005834579467773,10.51021671295166,41.81947326660156
2022-01-14,10.77600383758545,57.580322265625,15.322227478027344,27.519580841064453,54.229976654052734,12.093936920166016,10.779621124267578,43.35862350463867
2022-01-17,10.793135643005371,57.28116989135742,15.322227478027344,27.205839157104492,52.430877685546875,11.853659629821777,10.800889015197754,42.69053649902344
2022-01-18,10.841103553771973,58.68174362182617,15.413511276245117,27.376155853271484,50.4604377746582,11.677456855773926,10.896598815917969,42.03935241699219
2022-01-19,10.789706230163574,59.97355270385742,15.309188842773438,27.340299606323242,54.05863571166992,11.645421028137207,10.992307662963867,42.15774917602539
2022-01-20,10.868513107299805,58.95370101928711,15.185301780700684,27.555435180664062,56.97146224975586,11.605374336242676,11.059657096862793,45.77730941772461
2022-01-21,10.88564682006836,57.729896545410156,15.191826820373535,27.43890380859375,59.11324691772461,11.765557289123535,11.059657096862793,46.428489685058594
2022-01-24,10.947322845458984,57.02280807495117,15.17226505279541,26.80245590209961,54.74400329589844,11.773568153381348,11.11282730102539,45.346004486083984
2022-01-25,11.303669929504395,57.1519775390625,15.719950675964355,27.071378707885742,57.571163177490234,12.069908142089844,11.39995002746582,47.14732360839844
2022-01-26,11.605188369750977,57.31515884399414,15.889480590820312,27.555435180664062,57.82817840576172,12.01384449005127,11.290067672729492,48.94865417480469
2022-01-27,11.608616828918457,57.44432830810547,15.967720985412598,29.043466567993164,61.85472869873047,12.334213256835938,11.446035385131836,48.855621337890625
2022-01-28,11.149478912353516,56.880035400390625,16.16332244873047,28.344263076782227,57.48548889160156,11.957778930664062,11.51693344116211,48.5765495300293
2022-01-31,11.08437728881836,54.98312759399414,16.515403747558594,28.828327178955078,59.9699592590332,11.989816665649414,11.577192306518555,49.55755615234375
2022-02-01,11.307093620300293,58.00184631347656,16.631319046020508,28.738689422607422,60.05562973022461,11.893706321716309,11.559468269348145,49.61674880981445
2022-02-02,11.14262866973877,58.32820129394531,16.370323181152344,28.47873306274414,55.772064208984375,11.629402160644531,11.368049621582031,49.43915557861328
2022-02-03,10.98843765258789,58.30100631713867,16.559539794921875,27.743680953979492,55.94340133666992,11.58134651184082,11.446035385131836,48.627288818359375
2022-02-04,11.180316925048828,59.83077621459961,16.61174201965332,27.654041290283203,54.229976654052734,11.541298866271973,11.424766540527344,48.390499114990234
2022-02-07,11.015850067138672,61.2789421081543,16.52039337158203,27.788501739501953,54.05863571166992,11.445189476013184,11.293611526489258,47.105037689208984
2022-02-08,10.906206130981445,62.1356086730957,16.703088760375977,27.089305877685547,56.029075622558594,11.341068267822266,11.41413402557373,47.451786041259766
2022-02-09,10.947322845458984,62.14921951293945,16.037567138671875,27.152053833007812,56.54310607910156,11.645421028137207,11.3148775100708,47.98456573486328
2022-02-10,11.115218162536621,63.821754455566406,16.344234466552734,26.659034729003906,59.4559326171875,11.813613891601562,11.438947677612305,48.111412048339844
2022-02-11,11.567500114440918,62.52994155883789,17.309877395629883,26.470787048339844,54.40132141113281,11.901716232299805,11.839505195617676,48.50043869018555
2022-02-14,11.307093620300293,62.257991790771484,17.270727157592773,27.286510467529297,55.51504898071289,12.06190013885498,11.889132499694824,49.574466705322266
2022-02-15,11.12891960144043,60.40867233276367,17.433849334716797,29.473739624023438,58.59921646118164,12.318195343017578,12.452747344970703,51.240474700927734
2022-02-16,11.283109664916992,60.850616455078125,17.25115394592285,28.057424545288086,58.42787551879883,12.077919006347656,12.52364444732666,50.78380584716797
2022-02-17,11.238564491271973,58.2330207824707,17.009746551513672,27.474761962890625,56.80011749267578,11.893706321716309,12.52364444732666,50.25102615356445
2022-02-18,11.307093620300293,58.35540008544922,17.074993133544922,26.72178077697754,54.48699188232422,11.829631805419922,12.778865814208984,49.42224884033203
2022-02-21,11.598335266113281,58.40299987792969,16.657407760620117,26.645235061645508,51.574161529541016,11.57333755493164,12.505916595458984,49.0924186706543
2022-02-22,11.560646057128906,59.4160270690918,16.809951782226562,26.654266357421875,52.00251770019531,11.781577110290527,12.622895240783691,52.07770919799805
2022-02-23,11.725112915039062,58.79053497314453,16.574935913085938,25.814836502075195,50.631778717041016,11.861669540405273,12.6867036819458,49.354583740234375
2022-02-24,11.440722465515137,59.51802444458008,16.294225692749023,26.4647159576416,52.430877685546875,11.885697364807129,12.28259563446045,49.337669372558594
2022-02-25,11.649733543395996,62.74071502685547,16.627164840698242,26.536930084228516,51.488494873046875,12.174029350280762,12.481104850769043,48.64419937133789
2022-03-02,11.879301071166992,67.75154876708984,16.35125732421875,27.304149627685547,54.05863571166992,11.629402160644531,12.61934757232666,47.832340240478516
2022-03-03,11.731966018676758,67.78555297851562,16.36432456970215,28.206764221191406,54.05863571166992,11.357088088989258,12.620752334594727,46.98664093017578
2022-03-04,11.728541374206543,69.32891845703125,16.116079330444336,28.441444396972656,53.887290954589844,11.156858444213867,12.304963111877441,44.999271392822266
2022-03-07,10.895926475524902,71.43656921386719,15.769855499267578,28.053321838378906,50.11775207519531,10.756394386291504,11.778643608093262,43.13030242919922
2022-03-08,11.122071266174316,68.3022689819336,15.619599342346191,28.49560546875,51.831180572509766,10.764404296875,11.869389533996582,43.7899284362793
2022-03-09,11.156332969665527,66.50135040283203,16.39698028564453,29.48847770690918,53.373260498046875,11.156858444213867,12.540894508361816,47.172691345214844
2022-03-10,11.546939849853516,68.69711303710938,16.41004753112793,28.630996704101562,51.06013488769531,10.716349601745605,12.377553939819336,46.56380081176758
2022-03-11,11.132349967956543,68.3370361328125,16.227127075195312,28.333133697509766,48.74700927734375,10.556164741516113,12.130730628967285,45.42211151123047
2022-03-14,10.919912338256836,64.67271423339844,16.455780029296875,27.999164581298828,45.662841796875,10.668292999267578,12.206955909729004,45.24451446533203
2022-03-15,10.65608024597168,62.815860748291016,16.39698028564453,27.259016036987305,41.72195816040039,10.788432121276855,12.068387031555176,44.94007110595703
2022-03-16,10.563566207885742,64.34088897705078,16.71708106994629,28.865673065185547,43.94941329956055,11.036718368530273,12.229098320007324,45.650447845458984
2022-03-17,10.28260326385498,66.57901763916016,17.082910537719727,29.87660789489746,47.46194076538086,11.156858444213867,12.34233283996582,46.17478942871094
2022-03-18,10.488186836242676,67.84281921386719,17.207040786743164,30.048107147216797,49.86073684692383,11.413151741027832,12.316765785217285,47.62937545776367
2022-03-21,10.882220268249512,69.76322174072266,17.63165855407715,29.380163192749023,49.00402069091797,11.357088088989258,12.568796157836914,46.72447967529297
2022-03-22,10.834250450134277,68.202880859375,17.873371124267578,29.786340713500977,49.77506637573242,11.517271995544434,12.820832252502441,48.53426742553711
2022-03-23,10.981585502624512,68.09699249267578,17.794967651367188,29.560688018798828,51.40282440185547,11.365097045898438,12.755083084106445,48.64419937133789
2022-03-24,11.108362197875977,68.4217529296875,17.912559509277344,29.903690338134766,56.54310607910156,11.373106002807617,12.901191711425781,50.03114318847656
2022-03-25,11.067246437072754,67.23562622070312,17.94523048400879,29.678037643432617,56.029075622558594,11.469216346740723,12.89388370513916,51.443443298339844
2022-03-28,10.827398300170898,67.31328582763672,17.93216323852539,30.361867904663086,55.42937469482422,11.805603981018066,12.769692420959473,51.78171920776367
2022-03-29,11.067246437072754,66.73434448242188,18.14120864868164,30.678133010864258,59.9699592590332,12.214076042175293,12.824485778808594,52.559757232666016
2022-03-30,11.303669929504395,67.68749237060547,18.180402755737305,30.858854293823242,58.856231689453125,12.150002479553223,12.747780799865723,52.21761703491211
2022-03-31,11.461280822753906,67.49685668945312,17.95176124572754,31.509464263916016,58.42787551879883,12.334213256835938,12.674726486206055,51.79377365112305
2022-04-01,11.310518264770508,68.45706176757812,18.002513885498047,31.970327377319336,62.96845626831055,12.326204299926758,12.6674165725708,52.8364372253418
2022-04-04,11.204300880432129,69.14898681640625,17.839096069335938,31.645015716552734,61.597713470458984,12.166020393371582,12.55053424835205,52.582130432128906
2022-04-05,11.098082542419434,67.15090942382812,17.479570388793945,31.292604446411133,59.19892120361328,12.069908142089844,12.218144416809082,51.62424850463867
2022-04-06,11.08780288696289,68.16758728027344,17.473026275634766,31.021507263183594,56.714447021484375,11.973798751831055,12.280240058898926,50.072967529296875
2022-04-07,11.66343879699707,68.57707977294922,17.459951400756836,30.83175277709961,56.20042037963867,12.06190013885498,12.506704330444336,49.32699966430664
2022-04-08,11.721685409545898,67.17914581298828,17.427276611328125,30.84982681274414,52.51655197143555,11.957778930664062,12.72951602935791,48.970977783203125
2022-04-11,11.632599830627441,66.36719512939453,17.361900329589844,29.413053512573242,52.088191986083984,12.174029350280762,12.809874534606934,48.91163635253906
2022-04-12,11.598335266113281,65.92240142822266,17.054670333862305,29.250404357910156,51.145809173583984,12.0538911819458,12.784307479858398,49.15745544433594
2022-04-13,11.845038414001465,65.9435806274414,17.10042381286621,29.42209243774414,51.65983581542969,11.87768840789795,12.846400260925293,48.86924743652344
2022-04-14,11.721433639526367,65.0186767578125,17.21156120300293,29.178112030029297,51.488494873046875,11.773568153381348,12.8573579788208,48.47083282470703
2022-04-18,11.515264511108398,63.94551467895508,17.309598922729492,28.834733963012695,50.4604377746582,11.781577110290527,13.332201957702637,48.581031799316406
2022-04-19,11.863870620727539,61.90507125854492,17.002378463745117,28.346778869628906,50.888797760009766,11.7335205078125,12.861011505126953,49.46263122558594
2022-04-20,11.920100212097168,60.295310974121094,17.113496780395508,28.391956329345703,48.06163787841797,11.797595024108887,12.842751502990723,49.30157470703125
2022-04-22,11.455290794372559,56.80044937133789,16.780126571655273,28.292556762695312,47.547611236572266,11.813613891601562,12.5761079788208,47.38578796386719
2022-04-25,11.28660774230957,55.83317184448242,16.714754104614258,28.202192306518555,46.605228424072266,12.109955787658691,12.674726486206055,46.91957092285156
2022-04-26,11.267866134643555,55.070655822753906,16.14604949951172,27.090734481811523,44.377769470214844,11.813613891601562,12.389819145202637,45.088558197021484
2022-04-27,11.267866134643555,58.01481246948242,16.01531219482422,28.581716537475586,43.6923942565918,11.757548332214355,12.444608688354492,45.520877838134766
2022-04-28,11.3428373336792,59.44807052612305,15.88457202911377,28.129901885986328,44.377769470214844,11.781577110290527,12.422691345214844,46.2838020324707
2022-04-29,11.350332260131836,58.805580139160156,15.603495597839355,27.199172973632812,41.8076286315918,11.629402160644531,12.134135246276855,44.87663650512695
2022-05-02,11.237879753112793,58.54434585571289,15.536537170410156,26.150962829589844,41.122257232666016,11.589356422424316,12.046470642089844,43.85715103149414
2022-05-03,11.339086532592773,58.24781799316406,15.615042686462402,25.672039031982422,39.40882873535156,11.405143737792969,12.294849395751953,44.69221115112305
2022-05-04,12.021308898925781,57.760650634765625,15.595407485961914,26.150962829589844,42.407325744628906,11.485235214233398,12.652809143066406,46.609413146972656
2022-05-05,11.998814582824707,56.71571731567383,15.235618591308594,25.446130752563477,37.86674499511719,10.996670722961426,12.324071884155273,45.37387466430664
2022-05-06,12.39240550994873,56.31327438354492,15.562698364257812,24.533464431762695,36.838687896728516,10.836487770080566,12.364249229431152,44.376930236816406
2022-05-09,12.055046081542969,54.004547119140625,15.340280532836914,24.090696334838867,33.49750518798828,10.964634895324707,12.397124290466309,44.0616569519043
2022-05-10,12.15999984741211,53.33381652832031,15.261785507202148,23.602733612060547,33.84019088745117,10.996670722961426,12.254671096801758,44.77742004394531
2022-05-11,12.583578109741211,55.557823181152344,15.772031784057617,23.58466339111328,33.66884994506836,11.17287540435791,12.524967193603516,45.95330047607422
2022-05-12,12.68104076385498,55.000064849853516,16.020620346069336,23.86478614807129,35.81063461303711,11.59736442565918,12.842751502990723,47.129180908203125
2022-05-13,12.845969200134277,54.93650817871094,16.210323333740234,23.946117401123047,37.5240592956543,11.645421028137207,12.824485778808594,47.81086349487305
2022-05-16,12.973417282104492,56.581573486328125,16.38041877746582,23.675025939941406,37.5240592956543,11.765557289123535,12.824485778808594,47.631919860839844
2022-05-17,12.804734230041504,56.341529846191406,16.52432632446289,24.316600799560547,33.7545166015625,11.797595024108887,13.306638717651367,48.211341857910156
2022-05-18,12.594820976257324,54.91532516479492,16.288829803466797,23.882858276367188,31.869749069213867,11.38912582397461,13.11669921875,47.20587158203125
2022-05-19,12.808484077453613,56.37681198120117,16.236495971679688,23.06959342956543,31.95542335510254,11.325052261352539,13.039992332458496,46.79685974121094
2022-05-20,13.055882453918457,57.3723258972168,16.439279556274414,23.48526382446289,31.441390991210938,11.2289400100708,13.514838218688965,47.129180908203125
2022-05-23,13.56942367553711,58.54434585571289,16.864490509033203,24.009368896484375,31.698406219482422,11.276994705200195,14.08465576171875,47.802345275878906
2022-05-24,13.199945449829102,59.33510208129883,17.119625091552734,23.56658935546875,31.784080505371094,11.317042350769043,14.052335739135742,47.095096588134766
2022-05-25,13.387918472290039,59.5186767578125,16.81216049194336,22.870792388916016,31.784080505371094,11.244958877563477,13.966832160949707,48.484012603759766
2022-05-26,13.421335220336914,59.483367919921875,17.02149772644043,23.23224639892578,34.868247985839844,11.38111686706543,13.925939559936523,49.30202102661133
2022-05-27,12.782222747802734,60.521244049072266,17.11307716369629,23.693099975585938,34.268550872802734,11.38111686706543,13.773520469665527,49.779197692871094
2022-05-30,12.52741527557373,61.1778564453125,16.95608139038086,23.078632354736328,32.897804260253906,11.285003662109375,13.409200668334961,48.56922149658203
2022-05-31,12.556654930114746,60.867191314697266,17.11307716369629,22.925010681152344,31.869749069213867,11.365097045898438,13.613666534423828,49.012306213378906
2022-06-01,12.53994369506836,62.300445556640625,16.875879287719727,23.68406105041504,31.784080505371094,11.309032440185547,13.639687538146973,48.90153884887695
2022-06-02,12.431339263916016,63.472476959228516,16.94789695739746,23.79249382019043,32.555118560791016,11.309032440185547,13.650840759277344,47.964229583740234
2022-06-03,12.648552894592285,62.45577621459961,16.790781021118164,23.422006607055664,30.75602149963379,11.276994705200195,13.461246490478516,46.5838508605957
2022-06-06,12.65690803527832,62.519317626953125,16.731870651245117,23.47622299194336,29.128265380859375,11.252967834472656,13.29395580291748,45.425010681152344
2022-06-07,12.807286262512207,63.98080825805664,16.731870651245117,23.44911766052246,28.185880661010742,10.996670722961426,13.201014518737793,45.6209831237793
2022-06-08,12.74462890625,61.777992248535156,16.411117553710938,22.057533264160156,27.586181640625,11.020699501037598,13.08205795288086,44.35136795043945
2022-06-09,12.560832977294922,59.68812942504883,16.129627227783203,22.156930923461914,25.787080764770508,10.900562286376953,13.063467979431152,45.08416748046875
2022-06-10,12.385390281677246,59.702239990234375,15.776140213012695,21.687049865722656,24.844697952270508,10.884544372558594,12.844132423400879,44.1127815246582
2022-06-13,12.22665786743164,57.81006622314453,15.586294174194336,21.524391174316406,22.874256134033203,10.67630386352539,12.550443649291992,41.650245666503906
2022-06-14,12.36450481414795,57.69710159301758,15.481566429138184,21.912952423095703,21.760526657104492,10.532136917114258,12.554300308227539,41.91438293457031
2022-06-15,12.147290229797363,57.66179656982422,15.547019958496094,21.687049865722656,21.8461971282959,10.460054397583008,12.752800941467285,43.925315856933594
2022-06-17,11.407927513122559,54.65409851074219,15.35063648223877,20.62980079650879,20.389785766601562,10.436026573181152,12.782763481140137,42.94541549682617
2022-06-20,11.537421226501465,53.305572509765625,16.018342971801758,21.77741050720215,22.103212356567383,10.452043533325195,12.880143165588379,42.527889251708984
2022-06-21,11.307676315307617,53.65858840942383,15.84814167022705,22.86176109313965,21.50351333618164,10.548155784606934,12.352051734924316,42.34895324707031
2022-06-22,11.274256706237793,53.19965362548828,15.730316162109375,23.30453872680664,20.9038143157959,10.652275085449219,12.307106971740723,42.99654006958008
2022-06-23,11.06539535522461,51.25807189941406,15.370274543762207,23.412973403930664,21.8461971282959,10.67630386352539,12.228455543518066,43.397029876708984
2022-06-24,10.981851577758789,52.68426513671875,15.344093322753906,23.909975051879883,21.160829544067383,10.948616027832031,12.157295227050781,42.86872482299805
2022-06-27,11.687799453735352,55.10596466064453,15.435733795166016,23.469444274902344,20.81814193725586,10.988664627075195,12.408232688903809,44.036094665527344
2022-06-28,11.834001541137695,56.09440231323242,15.265539169311523,23.66856575012207,20.389785766601562,10.828479766845703,12.453176498413086,44.044620513916016
2022-06-29,11.729568481445312,55.6284294128418,15.108431816101074,23.559959411621094,20.646800994873047,10.900562286376953,12.389504432678223,44.249122619628906
2022-06-30,11.666912078857422,54.05397033691406,14.840042114257812,23.940105438232422,20.047101974487305,10.732366561889648,12.501866340637207,44.658119201660156
2022-07-01,11.917545318603516,53.02315139770508,14.969532012939453,23.985361099243164,18.847700119018555,11.020699501037598,12.41572093963623,45.40582275390625
2022-07-04,12.172351837158203,52.719566345214844,14.825403213500977,23.976306915283203,18.248001098632812,10.956625938415527,12.374523162841797,45.072391510009766
2022-07-05,11.708687782287598,52.45832824707031,14.93021297454834,24.45601463317871,20.389785766601562,11.285003662109375,12.307106971740723,44.47394561767578
2022-07-06,11.558305740356445,52.95256042480469,14.792641639709473,24.528423309326172,21.417842864990234,11.397134780883789,12.228455543518066,45.60246276855469
2022-07-07,11.896656036376953,54.49170684814453,15.002277374267578,24.990034103393555,21.93187141418457,11.397134780883789,12.408232688903809,47.87659454345703
2022-07-08,12.0303316116333,53.234962463378906,15.008830070495605,24.682289123535156,22.445899963378906,11.461207389831543,12.528081893920898,47.74835205078125
2022-07-11,11.971848487854004,51.42046356201172,14.766438484191895,24.05776596069336,22.53156852722168,11.293014526367188,12.322089195251465,46.200923919677734
2022-07-12,11.792227745056152,51.57578659057617,14.733685493469238,24.066823959350586,25.10171127319336,11.044727325439453,12.363287925720215,46.11541748046875
2022-07-13,11.80058479309082,51.3992805480957,14.67471694946289,24.193532943725586,24.244997024536133,11.669448852539062,12.228455543518066,47.158451080322266
2022-07-14,11.483116149902344,47.97500991821289,14.510946273803711,23.89484405517578,24.930368423461914,11.885697364807129,12.213476181030273,46.59418869018555
2022-07-15,11.679441452026367,48.27155303955078,14.772995948791504,24.030616760253906,23.816638946533203,11.685465812683105,12.464411735534668,46.508697509765625
2022-07-18,11.946785926818848,48.52573013305664,14.969532012939453,23.641416549682617,23.73097038269043,11.605374336242676,12.640440940856934,46.42319869995117
2022-07-19,12.189061164855957,48.631622314453125,15.47397518157959,24.401704788208008,23.902311325073242,11.59736442565918,12.981263160705566,46.500152587890625
2022-07-20,12.184885025024414,47.579627990722656,15.27743148803711,23.523752212524414,26.301111221313477,11.45319938659668,12.985011100769043,46.13251495361328
2022-07-21,12.122227668762207,48.412750244140625,15.40190601348877,22.92637825012207,25.787080764770508,11.661439895629883,13.074896812438965,46.859214782714844
2022-07-22,12.251717567443848,48.8646125793457,15.238121032714844,23.387983322143555,24.502010345458984,11.621392250061035,12.985011100769043,47.38072967529297
2022-07-25,12.823995590209961,49.768341064453125,15.460865020751953,24.090269088745117,23.902311325073242,11.757548332214355,13.183509826660156,48.09033203125
2022-07-26,12.9534912109375,49.67655944824219,15.375704765319824,23.835538864135742,22.360227584838867,11.869678497314453,13.228456497192383,46.97890853881836
2022-07-27,13.095514297485352,49.789520263671875,15.428112983703613,24.44507598876953,23.131269454956055,11.997825622558594,13.314599990844727,49.15900421142578
2022-07-28,13.48817253112793,49.909542083740234,15.526383399963379,25.40941047668457,23.302614212036133,12.093936920166016,13.561788558959961,49.19321060180664
2022-07-29,14.265132904052734,49.24587631225586,15.47397518157959,25.509483337402344,22.103212356567383,11.957778930664062,13.471901893615723,49.2530517578125
2022-08-01,14.06879997253418,48.06679916381836,15.387206077575684,25.363924026489258,23.302614212036133,11.717503547668457,13.363286972045898,48.86832809448242
2022-08-02,14.131461143493652,49.59889602661133,15.551103591918945,25.81879997253418,23.21693992614746,11.781577110290527,13.543062210083008,49.099159240722656
2022-08-03,14.139813423156738,47.671409606933594,15.662549018859863,25.582263946533203,25.10171127319336,11.717503547668457,13.63669490814209,50.62949752807617
2022-08-04,14.290192604064941,47.39606475830078,16.042814254760742,26.209991455078125,28.61423683166504,11.757548332214355,13.895119667053223,53.12592315673828
2022-08-05,14.565889358520508,48.010318756103516,16.344396591186523,26.228191375732422,27.072153091430664,11.693475723266602,14.15355110168457,53.13447952270508
2022-08-08,15.301072120666504,48.41981887817383,16.547632217407227,27.046968460083008,28.014537811279297,11.853659629821777,14.599239349365234,54.20314407348633
2022-08-09,15.55170726776123,49.422386169433594,16.9803409576416,26.910499572753906,26.386783599853516,11.805603981018066,14.842686653137207,52.83525085449219
2022-08-10,15.501580238342285,49.457698822021484,17.29503059387207,27.911231994628906,28.185880661010742,12.14199161529541,14.970026969909668,54.58787155151367
2022-08-11,15.142341613769531,51.18040084838867,17.32124900817871,27.410869598388672,26.044095993041992,12.117964744567871,15.632946968078613,53.78423309326172
2022-08-12,16.266807556152344,51.83545684814453,17.531047821044922,28.111377716064453,30.670351028442383,12.182039260864258,16.51683807373047,54.28009033203125
2022-08-15,16.271940231323242,50.72151184082031,17.681842803955078,27.60191535949707,34.61123275756836,12.350232124328613,16.101112365722656,54.90419006347656
2022-08-16,16.420703887939453,51.85029983520508,17.88508415222168,27.829357147216797,35.553619384765625,12.414306640625,16.179771423339844,53.861167907714844
2022-08-17,16.805442810058594,50.66952896118164,17.93097686767578,27.683799743652344,34.43989181518555,12.454351425170898,16.033693313598633,54.459632873535156
2022-08-18,17.14401626586914,50.29079055786133,17.878522872924805,28.056787490844727,34.52556610107422,12.814767837524414,15.662911415100098,54.71611022949219
2022-08-19,16.277070999145508,49.726383209228516,17.66401481628418,27.156137466430664,32.38377380371094,12.542452812194824,15.37452220916748,53.64744186401367
2022-08-22,16.625900268554688,48.99861145019531,17.465103149414062,26.337358474731445,32.72646713256836,12.350232124328613,15.531828880310059,52.9891357421875
2022-08-23,17.154273986816406,52.13992691040039,17.511520385742188,26.200895309448242,35.553619384765625,12.366251945495605,15.851734161376953,54.092010498046875
2022-08-24,17.256874084472656,50.46158218383789,17.58445930480957,26.19179916381836,38.55211639404297,12.654582977294922,15.588310241699219,54.59642028808594
2022-08-25,17.07219696044922,51.441856384277344,17.803266525268555,26.337358474731445,40.09420394897461,12.670601844787598,15.958637237548828,54.41688537597656
2022-08-26,17.256874084472656,50.66952896118164,17.697175979614258,26.209991455078125,39.23748779296875,12.55046272277832,15.878461837768555,52.62151336669922
2022-08-29,17.687782287597656,49.68926239013672,17.63749885559082,25.80970573425293,38.72346115112305,12.502408981323242,16.206796646118164,52.450523376464844
2022-08-30,16.636157989501953,48.24855422973633,17.55792808532715,25.82790184020996,38.637786865234375,12.326204299926758,16.160980224609375,53.20286560058594
2022-08-31,17.046550750732422,47.89951705932617,17.113683700561523,25.736923217773438,36.5816764831543,12.230094909667969,15.916641235351562,51.997406005859375
2022-09-01,17.364601135253906,47.44651412963867,17.377525329589844,25.81879997253418,37.43838882446289,12.35824203491211,16.160980224609375,53.519203186035156
2022-09-02,17.14401626586914,46.72616195678711,17.616395950317383,27.4836483001709,36.496002197265625,12.398287773132324,16.237342834472656,53.707275390625
2022-09-05,17.10297966003418,48.4342155456543,17.901704788208008,28.111377716064453,37.010032653808594,12.454351425170898,15.893733978271484,54.288639068603516
2022-09-06,16.46687126159668,47.283138275146484,17.735822677612305,27.556427001953125,34.268550872802734,12.462361335754395,15.13016414642334,52.792503356933594
2022-09-08,16.312976837158203,47.90695571899414,17.609760284423828,27.4836483001709,36.753013610839844,12.414306640625,15.06525707244873,53.07462692260742
2022-09-09,16.307849884033203,51.64979553222656,17.749094009399414,27.701995849609375,37.5240592956543,12.590508460998535,15.481402397155762,54.092010498046875
2022-09-12,16.148822784423828,52.1027946472168,17.968059539794922,28.930156707763672,41.036590576171875,12.574490547180176,15.721924781799316,55.48555374145508
2022-09-13,15.72304630279541,50.68437576293945,17.78227424621582,27.847553253173828,40.26554489135742,12.48638916015625,15.458169937133789,54.24590301513672
2022-09-14,15.96414566040039,49.7560920715332,17.715919494628906,27.85664939880371,38.29510498046875,12.318195343017578,15.473542213439941,54.61351013183594
2022-09-15,15.933365821838379,50.75864028930664,17.762367248535156,27.301700592041016,37.181373596191406,12.254121780395508,15.315962791442871,53.27125930786133
2022-09-16,15.789730072021484,50.68437576293945,17.70265007019043,27.72927474975586,38.20943069458008,12.230094909667969,15.143010139465332,52.886539459228516
2022-09-19,16.041095733642578,52.325584411621094,18.366168975830078,27.838449478149414,39.06614303588867,12.390278816223145,15.44279956817627,54.092010498046875
2022-09-20,15.94875717163086,51.575531005859375,18.976598739624023,28.320615768432617,38.20943069458008,12.622546195983887,15.677245140075684,54.89564895629883
2022-09-21,15.989800453186035,50.8328971862793,18.777542114257812,28.366111755371094,40.69389724731445,12.454351425170898,15.565784454345703,54.04925537109375
2022-09-22,16.384796142578125,51.99882888793945,19.15575408935547,28.211454391479492,39.40882873535156,12.55046272277832,15.850196838378906,55.65654373168945
2022-09-23,15.3588228225708,50.92201232910156,18.777542114257812,27.8111629486084,39.66584777832031,12.310185432434082,15.65418529510498,55.22908401489258
2022-09-26,15.025381088256836,51.03340530395508,18.3728084564209,27.851356506347656,38.380775451660156,12.230094909667969,15.000805854797363,53.416595458984375
2022-09-27,15.220317840576172,50.27593231201172,18.26664161682129,27.37759780883789,35.81063461303711,12.366251945495605,14.812478065490723,52.3222770690918
2022-09-28,15.015122413635254,50.75120544433594,18.2600040435791,27.623584747314453,37.095706939697266,12.590508460998535,14.816322326660156,51.8007698059082
2022-09-29,15.035642623901367,50.81804656982422,18.53205108642578,27.4595947265625,34.696903228759766,12.502408981323242,14.735610008239746,51.13434600830078
2022-09-30,15.287003517150879,53.49893569946289,18.61830711364746,29.28173065185547,38.380775451660156,12.446342468261719,14.804792404174805,52.56263732910156
2022-10-03,16.50791358947754,54.954490661621094,19.7520751953125,30.593673706054688,42.064640045166016,13.055044174194336,15.934749603271484,55.59128952026367
2022-10-04,16.09239387512207,56.28379440307617,19.785274505615234,30.28391456604004,43.606727600097656,13.006989479064941,15.077672958374023,56.48611068725586
2022-10-05,16.697717666625977,57.15266799926758,19.785274505615234,30.675662994384766,43.86374282836914,12.910879135131836,15.319805145263672,56.795867919921875
2022-10-06,17.267135620117188,55.86792755126953,19.42675018310547,30.730331420898438,46.005523681640625,12.934906959533691,15.592691421508789,57.363739013671875
2022-10-07,17.251745223999023,56.07585906982422,19.46658706665039,30.384124755859375,45.49149703979492,12.350232124328613,15.62728214263916,55.617103576660156
2022-10-10,17.056808471679688,54.947059631347656,19.260765075683594,31.22231101989746,45.57716751098633,12.174029350280762,15.400518417358398,56.21937942504883
2022-10-11,16.928560256958008,54.575740814208984,19.127973556518555,30.885217666625977,44.29209899902344,12.005834579467773,15.031550407409668,56.606571197509766
2022-10-13,17.410768508911133,53.602909088134766,19.015104293823242,30.493453979492188,42.15031433105469,12.021854400634766,15.135323524475098,56.71843338012695
2022-10-14,17.14401626586914,51.85773468017578,19.021739959716797,29.937698364257812,37.43838882446289,11.87768840789795,15.050769805908203,55.58268356323242
2022-10-17,17.128629684448242,52.67462158203125,19.17445945739746,30.621002197265625,37.43838882446289,11.949771881103516,15.177599906921387,57.04538345336914
2022-10-18,17.54927635192871,53.43952178955078,19.64585304260254,31.48652458190918,37.010032653808594,11.933751106262207,15.354398727416992,58.1467170715332
2022-10-19,18.169986724853516,52.80828094482422,19.652481079101562,31.568519592285156,35.896305084228516,11.92574405670166,16.007780075073242,59.52337646484375
2022-10-20,18.708627700805664,53.48408508300781,19.957895278930664,31.577634811401367,35.039588928222656,12.045881271362305,16.757244110107422,58.07788848876953
2022-10-21,19.3498592376709,55.051029205322266,20.621828079223633,32.069602966308594,35.553619384765625,12.262130737304688,17.17232894897461,58.63714599609375
2022-10-24,17.569793701171875,53.4172477722168,19.685680389404297,31.814496994018555,34.95391845703125,12.158012390136719,15.450481414794922,58.29298782348633
2022-10-25,17.200443267822266,53.4172477722168,19.526338577270508,31.93292999267578,36.753013610839844,11.941761016845703,15.185287475585938,56.606571197509766
2022-10-26,16.779794692993164,54.605445861816406,19.108055114746094,34.60237121582031,33.49750518798828,12.093936920166016,14.647216796875,54.53297424316406
2022-10-27,16.908042907714844,52.65976333618164,19.459941864013672,35.376773834228516,36.1533203125,12.462361335754395,14.831694602966309,57.2432746887207
2022-10-28,16.707979202270508,50.09027099609375,19.612651824951172,35.048789978027344,37.5240592956543,12.6305570602417,14.920093536376953,57.65627670288086
2022-10-31,15.292133331298828,49.852630615234375,20.18362808227539,36.69782257080078,38.29510498046875,12.814767837524414,14.228282928466797,60.693538665771484
2022-11-01,15.317785263061523,51.36758804321289,20.23522186279297,35.90520477294922,39.06614303588867,12.646573066711426,14.56650161743164,60.72793960571289
2022-11-03,15.3639554977417,49.86748123168945,20.089061737060547,36.624935150146484,41.72195816040039,12.83078670501709,14.870134353637695,62.276702880859375
2022-11-04,14.517523765563965,53.65488815307617,20.162141799926758,37.17158889770508,41.3792724609375,13.17518424987793,15.089200019836426,63.29198455810547
2022-11-07,13.927591323852539,53.3726921081543,19.70375633239746,37.262691497802734,38.89480209350586,13.103099822998047,14.56265640258789,61.33024978637695
2022-11-08,14.03018856048584,54.99162292480469,19.643972396850586,37.17158889770508,39.66584777832031,13.407450675964355,14.631840705871582,61.373252868652344
2022-11-09,13.799341201782227,54.32325744628906,18.70063018798828,36.98937225341797,38.29510498046875,13.199210166931152,14.243658065795898,60.43541717529297
2022-11-10,13.399215698242188,55.36293029785156,18.348543167114258,35.7412109375,34.09720993041992,12.806757926940918,13.963086128234863,55.875213623046875
2022-11-11,13.845512390136719,61.11830520629883,17.757299423217773,36.43361282348633,29.642295837402344,12.886850357055664,13.651773452758789,55.34177017211914
2022-11-14,14.209734916687012,61.86835479736328,17.704151153564453,37.044029235839844,31.01303482055664,12.774721145629883,13.989989280700684,56.26240158081055
2022-11-16,13.927591323852539,61.22227478027344,17.45170783996582,35.267459869384766,28.528566360473633,12.366251945495605,13.548001289367676,52.13242721557617
2022-11-17,13.932718276977539,61.712406158447266,17.55800437927246,36.03274154663086,29.04259490966797,12.334213256835938,13.259742736816406,51.95174026489258
2022-11-18,13.696744918823242,60.026634216308594,17.6975154876709,35.7867546081543,26.986482620239258,12.510416030883789,13.213623046875,51.81407165527344
2022-11-21,13.737787246704102,59.350860595703125,17.750654220581055,35.978084564208984,28.956924438476562,12.55046272277832,13.528779983520508,53.018646240234375
2022-11-22,12.804072380065918,59.51423263549805,17.458356857299805,35.440555572509766,28.61423683166504,12.542452812194824,13.389026641845703,52.158241271972656
2022-11-23,12.864446640014648,60.10090255737305,17.27899169921875,35.47699737548828,28.956924438476562,12.590508460998535,13.554224014282227,51.09992980957031
2022-11-24,13.308993339538574,60.487064361572266,17.896806716918945,36.22407150268555,30.841693878173828,12.846805572509766,13.774489402770996,52.82936096191406
2022-11-25,13.094952583312988,60.07862091064453,17.26569938659668,35.62276840209961,29.29960823059082,12.6305570602417,13.455893516540527,50.29974365234375
2022-11-28,13.369364738464355,60.37567138671875,16.95346450805664,34.16505432128906,28.442895889282227,12.742684364318848,13.699756622314453,50.37718963623047
2022-11-29,13.929166793823242,62.70752716064453,17.099620819091797,34.356380462646484,28.785579681396484,12.622546195983887,13.864958763122559,51.98615646362305
2022-11-30,14.631661415100098,63.650657653808594,17.272342681884766,35.53165817260742,29.213937759399414,12.750693321228027,13.876757621765137,51.7108268737793
2022-12-01,14.044417381286621,63.99971008300781,17.270784378051758,34.90301513671875,26.558124542236328,12.8788423538208,13.861023902893066,49.9383659362793
2022-12-02,14.22004222869873,64.46012878417969,17.503448486328125,35.221900939941406,27.757522583007812,13.079072952270508,14.171754837036133,50.65251159667969
2022-12-05,14.060882568359375,64.39328002929688,16.991579055786133,34.256160736083984,26.386783599853516,12.83078670501709,13.84528923034668,48.46706771850586
2022-12-06,14.071858406066895,65.3290023803711,17.383798599243164,34.356380462646484,26.72946548461914,12.854811668395996,13.98689079284668,48.26057052612305
2022-12-07,13.912699699401855,63.00457000732422,17.257488250732422,33.94640350341797,25.187381744384766,12.814767837524414,13.955423355102539,48.01964569091797
2022-12-08,13.599871635437012,63.77690505981445,16.652545928955078,33.89173889160156,24.330669403076172,12.574490547180176,13.778424263000488,46.178367614746094
2022-12-09,13.56144905090332,65.90083312988281,16.49403190612793,33.800636291503906,23.98798370361328,12.422316551208496,13.758755683898926,45.438411712646484
2022-12-12,13.122392654418945,63.93286895751953,16.338106155395508,32.86222839355469,23.98798370361328,12.20606517791748,13.290692329406738,44.3284797668457
2022-12-13,12.79858684539795,64.20260620117188,15.72118854522705,32.60712814331055,23.98798370361328,12.238102912902832,12.661028861999512,42.5560302734375
2022-12-14,11.783259391784668,64.74657440185547,15.788983345031738,33.76417922973633,22.53156852722168,12.117964744567871,12.347086906433105,43.2099494934082
2022-12-15,12.096091270446777,64.95521545410156,15.877117156982422,33.782413482666016,22.274555206298828,12.01384449005127,12.696795463562012,43.295989990234375
2022-12-16,12.101577758789062,63.844940185546875,16.053375244140625,34.119510650634766,20.304115295410156,11.893706321716309,12.95510196685791,42.76252365112305
2022-12-19,12.282692909240723,63.61394500732422,16.534709930419922,34.7804069519043,22.360227584838867,12.198055267333984,13.094191551208496,44.49195861816406
2022-12-20,12.661376953125,63.89710235595703,16.710969924926758,35.06324005126953,24.159326553344727,12.24215316772461,13.431975364685059,46.462303161621094
2022-12-21,12.935792922973633,64.2622299194336,16.778762817382812,35.03586959838867,22.360227584838867,12.098821640014648,13.559141159057617,45.730953216552734
2022-12-22,13.166296005249023,63.89710235595703,16.812660217285156,35.528564453125,22.274555206298828,12.15783977508545,13.682339668273926,46.00197982788086
2022-12-23,13.786470413208008,64.32183837890625,17.07705307006836,35.12710189819336,22.95992660522461,12.326464653015137,14.020121574401855,48.5167121887207
2022-12-26,13.687684059143066,64.91051483154297,16.738080978393555,34.844268798828125,22.788583755493164,12.24215316772461,14.000249862670898,47.189979553222656
2022-12-27,13.78098201751709,66.46044158935547,16.64317512512207,34.68003845214844,21.58918571472168,12.24215316772461,13.535300254821777,45.42967224121094
2022-12-28,13.610846519470215,66.31140899658203,16.982145309448242,35.30958938598633,23.04559898376465,12.26744556427002,13.7777099609375,47.077247619628906
2022-12-29,13.446198463439941,66.22944641113281,16.948246002197266,35.1362190246582,23.473955154418945,12.24215316772461,13.801556587219238,46.1320686340332
2023-01-02,12.579057693481445,66.6169204711914,16.61423110961914,34.76214599609375,22.188884735107422,11.963921546936035,13.21738338470459,44.441139221191406
2023-01-03,12.260738372802734,66.49769592285156,16.268245697021484,33.89537811279297,21.760526657104492,11.947059631347656,12.970998764038086,43.34852600097656
2023-01-04,12.65040397644043,66.6169204711914,16.315731048583984,34.123470306396484,21.8461971282959,12.014508247375488,13.137906074523926,43.86014938354492
2023-01-05,13.105927467346191,67.73464965820312,16.824535369873047,34.196468353271484,22.788583755493164,12.048233985900879,13.737971305847168,44.2243537902832
2023-01-06,13.029090881347656,68.80768585205078,17.116256713867188,34.69829559326172,23.64529800415039,12.073527336120605,13.928720474243164,45.06547164916992
2023-01-09,13.100440979003906,68.8822021484375,17.238365173339844,34.59791946411133,24.244997024536133,12.140976905822754,13.793604850769043,45.01344680786133
2023-01-10,13.221179008483887,69.73167419433594,17.57078742980957,34.260337829589844,26.129770278930664,12.259016036987305,14.028070449829102,46.461578369140625
2023-01-11,13.325456619262695,69.48577117919922,17.876068115234375,35.218345642089844,25.958425521850586,12.048233985900879,14.226767539978027,47.710262298583984
2023-01-12,13.517548561096191,69.85089874267578,17.625059127807617,35.1362190246582,27.329166412353516,11.888040542602539,14.13536548614502,47.285362243652344
2023-01-13,13.484618186950684,69.91051483154297,17.536867141723633,35.55592346191406,29.38528060913086,11.702554702758789,14.167160987854004,46.574310302734375
2023-01-16,13.193741798400879,68.74061584472656,17.34691047668457,34.3880615234375,32.98347854614258,11.129230499267578,14.151264190673828,46.60899353027344
2023-01-17,14.005999565124512,68.65120697021484,17.70647621154785,34.9537467956543,32.46944808959961,11.685690879821777,14.981823921203613,48.20453643798828
2023-01-18,13.759027481079102,69.55282592773438,18.02532386779785,34.661800384521484,30.499008178710938,11.618241310119629,15.196415901184082,50.25099563598633
2023-01-19,14.209064483642578,69.85089874267578,18.02532386779785,34.58879470825195,32.64078903198242,11.500202178955078,15.542147636413574,49.34917068481445
2023-01-20,14.472501754760742,70.03719329833984,17.70647621154785,34.059608459472656,32.72646713256836,11.40746021270752,15.923646926879883,47.86634826660156
2023-01-23,14.70300579071045,70.2681884765625,17.16374397277832,34.096099853515625,34.61123275756836,11.314716339111328,15.804429054260254,48.846229553222656
2023-01-24,14.59873104095459,71.01333618164062,17.31976890563965,33.95011901855469,37.6097297668457,11.474909782409668,15.724947929382324,50.493797302246094
2023-01-25,14.785330772399902,71.68397521972656,17.380828857421875,35.32782745361328,37.26704406738281,11.559223175048828,16.154142379760742,51.32625198364258
2023-01-26,14.406641006469727,73.02526092529297,17.279071807861328,34.862525939941406,36.6673469543457,11.584515571594238,16.146190643310547,51.412960052490234
2023-01-27,14.060882568359375,71.02823638916016,16.9127254486084,34.58879470825195,38.80913162231445,11.508634567260742,15.967358589172363,51.02274703979492
2023-01-30,14.132226943969727,70.77489471435547,16.919511795043945,34.077850341796875,37.352718353271484,11.40746021270752,16.217721939086914,50.727928161621094
2023-01-31,14.307851791381836,70.42466735839844,17.184093475341797,34.8898811340332,37.95241928100586,11.517065048217773,16.174007415771484,51.343597412109375
2023-02-01,14.110276222229004,69.64226531982422,16.95846176147461,35.02675247192383,36.753013610839844,11.112367630004883,15.979281425476074,50.753944396972656
2023-02-02,13.457174301147461,66.42317962646484,17.114608764648438,34.7074089050293,37.181373596191406,11.053348541259766,15.677261352539062,52.15871810913086
2023-02-03,13.605358123779297,66.28160095214844,17.05350685119629,34.58879470825195,36.5816764831543,10.943740844726562,15.57791519165039,50.23365020751953
2023-02-06,14.14869213104248,65.4544677734375,17.0602970123291,34.27857971191406,35.38227462768555,10.977466583251953,15.6653413772583,50.129600524902344
2023-02-07,14.060882568359375,65.88667297363281,16.66654396057129,34.36982727050781,34.696903228759766,10.926878929138184,15.450749397277832,49.67868423461914
2023-02-08,14.296876907348633,66.11021423339844,18.044673919677734,34.3607063293457,36.1533203125,11.120798110961914,15.816353797912598,50.77128601074219
2023-02-09,14.23101806640625,65.86431121826172,17.596614837646484,34.65266418457031,35.21092987060547,10.977466583251953,15.732897758483887,49.14105224609375
2023-02-10,14.664588928222656,64.67951965332031,17.51515007019043,35.218345642089844,34.18287658691406,10.842568397521973,16.042865753173828,49.26245880126953
2023-02-13,14.708495140075684,64.6124496459961,18.1329345703125,35.200111389160156,35.38227462768555,11.070209503173828,16.13426399230957,49.080352783203125
2023-02-14,14.653614044189453,64.9030532836914,17.90890884399414,34.9993782043457,34.78257751464844,10.960603713989258,16.511791229248047,48.0918083190918
2023-02-15,14.675565719604492,66.31886291503906,18.173662185668945,35.47381591796875,33.3261604309082,11.154521942138672,16.662805557250977,49.09769821166992
2023-02-16,14.735934257507324,66.46044158935547,18.30944061279297,35.38258361816406,32.64078903198242,11.028055191040039,16.84958267211914,50.372398376464844
2023-02-17,14.510917663574219,65.59606170654297,18.248342514038086,36.14897918701172,31.355722427368164,11.129230499267578,17.016489028930664,50.025535583496094
2023-02-22,14.137717247009277,65.09680938720703,17.90890884399414,35.23713684082031,30.156320571899414,11.137660026550293,16.595247268676758,48.16118240356445
2023-02-23,14.57128620147705,64.79129791259766,17.976783752441406,36.00795364379883,30.499008178710938,11.171385765075684,16.73036003112793,47.97908020019531
2023-02-24,14.214554786682129,63.3680534362793,17.426898956298828,35.65925979614258,30.927364349365234,11.230402946472168,16.408859252929688,47.69292449951172
2023-02-27,14.351761817932129,63.3680534362793,17.202863693237305,35.60419845581055,31.270048141479492,11.297852516174316,16.18592071533203,47.53683090209961
2023-02-28,13.85232925415039,63.57669448852539,17.263961791992188,35.93452835083008,30.75602149963379,11.289422035217285,16.335901260375977,48.11781692504883
2023-03-01,13.88525676727295,66.46788024902344,16.983829498291016,36.136409759521484,27.67185401916504,11.35687255859375,15.80893611907959,46.236122131347656
2023-03-02,13.523032188415527,66.31886291503906,16.426767349243164,35.93452835083008,26.986482620239258,11.070209503173828,15.172528266906738,46.08003234863281
2023-03-03,14.104788780212402,66.54240417480469,16.447139739990234,35.640892028808594,25.872753143310547,11.053348541259766,15.342774391174316,45.91527557373047
2023-03-06,14.247482299804688,64.1951675415039,16.82078742980957,36.18230056762695,27.329166412353516,11.382166862487793,15.691383361816406,46.25346374511719
2023-03-07,13.775494575500488,63.58414840698242,16.868343353271484,36.32912063598633,27.586181640625,11.323147773742676,16.052146911621094,46.31416320800781
2023-03-08,13.951116561889648,64.16535949707031,17.078941345214844,36.852176666259766,29.38528060913086,11.4833402633667,16.214292526245117,48.560062408447266
2023-03-09,13.89074420928955,63.32334518432617,16.75284767150879,36.576881408691406,29.04259490966797,11.466479301452637,15.861632347106934,48.52538299560547
2023-03-10,13.709634780883789,63.11469650268555,16.352035522460938,36.28324508666992,29.128265380859375,11.39059829711914,15.56166934967041,47.61487579345703
2023-03-13,13.276065826416016,63.3754997253418,16.15502166748047,36.51264953613281,31.869749069213867,11.474909782409668,15.464381217956543,47.46746063232422
2023-03-14,13.040068626403809,63.95245361328125,16.10067367553711,36.943939208984375,31.95542335510254,11.761570930480957,15.346569061279297,45.53373336791992
2023-03-15,12.809561729431152,62.02580642700195,16.059917449951172,36.76958465576172,32.64078903198242,11.82059097290039,15.362933158874512,45.87192153930664
2023-03-16,12.76565933227539,62.254276275634766,16.324865341186523,36.98063659667969,33.3261604309082,12.022939682006836,15.526591300964355,48.377967834472656
2023-03-17,12.902861595153809,63.00055694580078,15.856111526489258,36.586055755615234,32.38377380371094,11.989215850830078,15.260647773742676,46.600318908691406
2023-03-20,12.584546089172363,63.51838302612305,15.896873474121094,36.478782653808594,31.784080505371094,11.904902458190918,15.174732208251953,46.01066207885742
2023-03-21,12.842488288879395,62.985328674316406,16.222957611083984,36.717674255371094,31.698406219482422,11.761570930480957,15.35474967956543,45.152191162109375
2023-03-22,12.804072380065918,62.20096969604492,16.12784767150879,36.313377380371094,30.75602149963379,11.761570930480957,15.391571044921875,45.091495513916016
2023-03-23,12.51319694519043,60.601768493652344,15.727025985717773,36.653358459472656,26.643795013427734,11.618241310119629,15.22382640838623,43.40923309326172
2023-03-24,12.507709503173828,59.908790588378906,15.955156326293945,37.22304916381836,27.67185401916504,11.71098518371582,15.37929916381836,44.4758186340332
2023-03-27,12.72175121307373,59.80978775024414,16.230009078979492,37.84786605834961,28.61423683166504,11.744709968566895,15.387480735778809,44.978759765625
2023-03-28,12.946769714355469,60.44185256958008,16.30559539794922,38.01326370239258,28.956924438476562,12.301169395446777,15.493850708007812,46.34884262084961
2023-03-29,13.11690616607666,61.30998229980469,16.46363067626953,38.344058990478516,28.699909210205078,12.486659049987793,15.673873901367188,46.430301666259766
2023-03-30,13.155322074890137,62.30757141113281,16.91713523864746,38.46350860595703,29.470951080322266,12.495089530944824,15.960264205932617,48.09102249145508
2023-03-31,12.869935035705566,61.1424446105957,16.999595642089844,37.259803771972656,28.357223510742188,12.081957817077637,16.00118064880371,46.6750373840332
2023-04-03,13.44070816040039,61.157684326171875,16.523515701293945,36.37769317626953,28.357223510742188,12.081957817077637,15.812981605529785,45.53875732421875
2023-04-04,13.319969177246094,59.42902755737305,16.85357666015625,36.414451599121094,27.586181640625,12.166271209716797,16.074825286865234,46.49148178100586
2023-04-05,13.363875389099121,58.553279876708984,16.839818954467773,35.60585021972656,28.100208282470703,12.140976905822754,16.017545700073242,46.15934371948242
2023-04-06,13.17178726196289,58.44667053222656,16.784818649291992,35.477210998535156,28.871252059936523,12.166271209716797,15.964361190795898,45.6611328125
2023-04-10,13.451688766479492,59.57371139526367,16.96360206604004,35.27506637573242,28.699909210205078,12.191564559936523,15.972538948059082,45.477569580078125
2023-04-11,14.082837104797363,62.71879577636719,17.513690948486328,35.918270111083984,32.38377380371094,12.461363792419434,16.340761184692383,49.646854400634766
2023-04-12,14.187111854553223,61.3785285949707,17.63058853149414,36.515525817871094,33.24049377441406,12.444500923156738,17.478151321411133,50.258705139160156
2023-04-13,14.285901069641113,60.5484733581543,17.63058853149414,36.175540924072266,33.069149017333984,12.301169395446777,17.46996307373047,50.652034759521484
2023-04-14,14.434081077575684,60.01539993286133,17.885009765625,35.61503982543945,32.04109191894531,12.351758003234863,17.768630981445312,50.19751739501953
2023-04-17,14.659099578857422,59.29956817626953,17.850631713867188,36.27662658691406,31.355722427368164,12.43607234954834,17.809547424316406,50.590850830078125
2023-04-18,15.032299995422363,59.80978775024414,17.83687973022461,36.08366012573242,30.327665328979492,12.334895133972168,17.842275619506836,49.708038330078125
2023-04-19,14.549335479736328,58.06591033935547,17.55495262145996,35.9366455078125,27.84319496154785,12.292739868164062,17.63361930847168,47.94243621826172
2023-04-20,14.648123741149902,56.85509490966797,17.603076934814453,36.984134674072266,28.27155303955078,12.309601783752441,17.801366806030273,49.402122497558594
2023-04-24,14.928025245666504,54.798988342285156,17.444927215576172,37.07603073120117,29.04259490966797,12.090389251708984,17.764541625976562,49.3846435546875
2023-04-25,14.867656707763672,53.3064079284668,17.603076934814453,37.250614166259766,28.100208282470703,12.048233985900879,17.600887298583984,49.1224250793457
2023-04-26,14.681056022644043,53.51201629638672,17.424304962158203,36.85550308227539,26.643795013427734,11.98078441619873,17.457691192626953,49.4720458984375
2023-04-27,14.324316024780273,54.64667892456055,17.733728408813477,37.07603073120117,27.414838790893555,11.938627243041992,17.478151321411133,50.38107681274414
2023-04-28,14.652083396911621,55.13405990600586,17.8231201171875,37.78355026245117,28.61423683166504,11.938627243041992,17.53542709350586,50.70447540283203
2023-05-02,14.058579444885254,52.956111907958984,17.1334171295166,37.50790023803711,27.757522583007812,12.022939682006836,17.118112564086914,48.97383117675781
2023-05-03,14.00912094116211,52.54488754272461,17.10589599609375,36.66253662109375,28.61423683166504,12.292739868164062,17.064922332763672,49.515743255615234
2023-05-04,14.231684684753418,50.91523361206055,17.243515014648438,36.111228942871094,30.584678649902344,12.334895133972168,17.25721549987793,50.34611129760742
2023-05-05,14.837550163269043,52.575347900390625,17.8834285736084,36.037715911865234,32.64078903198242,12.216858863830566,17.69498634338379,51.00165939331055
2023-05-08,15.152849197387695,53.2835578918457,18.131147384643555,36.01933288574219,33.154823303222656,12.233720779418945,17.62543296813965,50.85306930541992
2023-05-09,15.202310562133789,53.831851959228516,18.241239547729492,36.625789642333984,35.46794509887695,12.225290298461914,17.57225227355957,51.50861358642578
2023-05-10,15.165213584899902,52.81903076171875,18.50959014892578,36.157161712646484,36.753013610839844,12.140976905822754,17.801366806030273,52.48756408691406
2023-05-11,15.721623420715332,51.790977478027344,18.68848991394043,36.129608154296875,37.26704406738281,12.225290298461914,18.16549301147461,54.05213928222656
2023-05-12,16.22857093811035,51.84428787231445,18.51647186279297,35.752872467041016,36.92436218261719,12.183134078979492,18.09593963623047,53.78118896484375
2023-05-15,15.863816261291504,52.590576171875,18.58527946472168,36.42363357543945,37.5240592956543,12.326464653015137,18.181856155395508,53.545188903808594
2023-05-16,16.259479522705078,51.509220123291016,18.52334976196289,36.478782653808594,28.956924438476562,12.309601783752441,17.658164978027344,53.431556701660156
2023-05-17,15.863816261291504,53.21501541137695,18.70913314819336,36.25823974609375,28.785579681396484,12.27587890625,17.686805725097656,54.41050720214844
2023-05-18,15.956549644470215,53.29117965698242,18.640329360961914,36.111228942871094,30.327665328979492,12.26744556427002,17.674531936645508,55.01361083984375
2023-05-19,15.931821823120117,52.704803466796875,18.488950729370117,36.87387466430664,31.184377670288086,12.292739868164062,18.018203735351562,55.3370246887207
2023-05-22,15.839086532592773,51.85951614379883,18.138023376464844,37.08522033691406,32.555118560791016,12.326464653015137,17.78090476989746,55.3370246887207
2023-05-23,16.22857093811035,50.68677520751953,18.282520294189453,36.95659255981445,31.355722427368164,12.301169395446777,18.198223114013672,55.066062927246094
2023-05-24,16.475858688354492,49.53688430786133,18.17931365966797,36.589027404785156,31.098709106445312,12.360189437866211,18.251413345336914,54.78636169433594
2023-05-25,16.352218627929688,49.38458251953125,18.75042724609375,35.87233352661133,32.21243667602539,12.42763900756836,18.271865844726562,55.8876838684082
2023-05-26,16.5685977935791,50.511627197265625,18.605924606323242,36.30418395996094,32.72646713256836,12.444500923156738,18.16549301147461,56.149898529052734
2023-05-29,16.500593185424805,50.1308708190918,18.52334976196289,35.72530746459961,32.46944808959961,12.444500923156738,18.132761001586914,56.14115905761719
2023-05-30,16.315122604370117,48.95051193237305,18.261882781982422,35.22911834716797,31.95542335510254,12.208428382873535,18.28822898864746,55.249610900878906
2023-05-31,16.14820098876953,48.592594146728516,18.117385864257812,34.55834197998047,32.555118560791016,12.149408340454102,18.255496978759766,54.22695541381836
2023-06-01,16.667512893676758,49.62065124511719,18.384302139282227,34.172428131103516,34.78257751464844,12.006077766418457,18.304595947265625,57.277435302734375
2023-06-02,16.803525924682617,51.737674713134766,18.652835845947266,34.61348342895508,34.78257751464844,12.191564559936523,18.628293991088867,57.819358825683594
2023-06-05,16.982810974121094,51.31122589111328,18.69414520263672,34.57673263549805,33.3261604309082,12.149408340454102,18.744876861572266,58.11652755737305
2023-06-06,17.341386795043945,51.478755950927734,18.82497215270996,35.10048294067383,34.18287658691406,12.495089530944824,18.961389541625977,59.261566162109375
2023-06-07,17.848339080810547,52.293582916259766,18.880048751831055,35.054534912109375,33.24049377441406,12.52038288116455,18.953060150146484,59.04305648803711
2023-06-09,18.72004508972168,52.057518005371094,19.141706466674805,34.73293685913086,34.011531829833984,12.76488971710205,19.877399444580078,59.59370803833008
2023-06-12,19.047706604003906,51.11323547363281,18.93514060974121,34.68699264526367,33.92586135864258,12.781752586364746,20.59771156311035,58.76334762573242
2023-06-13,19.01053810119629,51.65391159057617,19.148584365844727,34.31944274902344,32.21243667602539,12.874494552612305,20.383329391479492,57.53091812133789
2023-06-14,19.827346801757812,52.56011199951172,19.410242080688477,34.7972526550293,32.64078903198242,12.925082206726074,20.483945846557617,58.63224792480469
2023-06-15,19.359657287597656,52.971336364746094,19.665006637573242,34.76969528198242,32.12676239013672,12.80704402923584,20.903181076049805,58.24766159057617
2023-06-16,19.524337768554688,53.05510330200195,19.72697639465332,34.778873443603516,31.784080505371094,12.705869674682617,20.748065948486328,56.88411331176758
2023-06-19,20.038135528564453,52.84949493408203,19.995500564575195,34.61348342895508,31.95542335510254,12.739594459533691,21.133764266967773,59.10424041748047
2023-06-20,20.136943817138672,51.48637771606445,19.985990524291992,33.951904296875,31.52706527709961,12.76488971710205,21.129573822021484,58.623504638671875
2023-06-21,20.980098724365234,50.96853256225586,20.180566787719727,33.49246597290039,32.21243667602539,12.882925033569336,21.796159744262695,58.89445114135742
2023-06-22,20.716609954833984,50.69438934326172,19.985990524291992,33.446529388427734,30.584678649902344,13.11056900024414,21.381113052368164,59.30527114868164
2023-06-23,19.86686897277832,50.18417739868164,19.92344093322754,33.63029098510742,30.670351028442383,13.059982299804688,21.389495849609375,58.99935531616211
2023-06-26,20.31479263305664,50.29079055786133,19.895639419555664,33.4998893737793,29.128265380859375,12.933513641357422,21.43980598449707,58.99935531616211
2023-06-27,20.15670394897461,50.892391204833984,19.67327308654785,33.5919189453125,28.956924438476562,12.967238426208496,21.04572296142578,58.186466217041016
2023-06-28,20.34773063659668,49.285579681396484,19.562089920043945,33.66554641723633,28.699909210205078,12.8323392868042,20.789989471435547,57.99417495727539
2023-06-29,20.439952850341797,49.887184143066406,19.798351287841797,33.90483093261719,29.556623458862305,12.8323392868042,20.982837677001953,59.69860076904297
2023-06-30,19.451879501342773,48.90481948852539,19.749717712402344,34.74232864379883,28.871252059936523,12.992531776428223,20.710336685180664,59.873416900634766
2023-07-03,19.814170837402344,50.43547439575195,20.137474060058594,34.687103271484375,29.470951080322266,12.992531776428223,21.125377655029297,60.73301696777344
2023-07-04,19.86028289794922,50.18417739868164,20.012311935424805,34.2269401550293,28.871252059936523,12.76488971710205,20.991220474243164,60.57487106323242
2023-07-05,19.833934783935547,49.74248504638672,20.186153411865234,34.512245178222656,29.213937759399414,12.823907852172852,20.85287857055664,61.39189529418945
2023-07-06,19.530921936035156,49.38458251953125,19.887149810791016,33.95083999633789,26.986482620239258,12.503521919250488,20.54682731628418,60.83843231201172
2023-07-07,19.43211555480957,49.84910202026367,20.262638092041016,34.05208206176758,27.24349594116211,12.52038288116455,20.945104598999023,61.62032699584961
2023-07-10,19.465051651000977,49.08758544921875,20.130525588989258,33.39864730834961,26.129770278930664,12.65528392791748,20.559410095214844,61.260128021240234
2023-07-11,19.20156478881836,50.70200729370117,19.775897979736328,33.08573532104492,26.215438842773438,12.334895133972168,20.26594352722168,61.03171157836914
2023-07-12,19.21474266052246,51.0599250793457,19.657686233520508,33.186981201171875,25.530067443847656,12.385482788085938,19.938936233520508,61.67304229736328
2023-07-13,19.517749786376953,52.247894287109375,19.873239517211914,33.186981201171875,25.872753143310547,12.444500923156738,20.127593994140625,61.602745056152344
2023-07-14,19.13569450378418,52.247894287109375,19.66463279724121,33.13175964355469,25.273054122924805,12.42763900756836,19.993440628051758,60.16195297241211
2023-07-17,19.096172332763672,51.66913604736328,20.047075271606445,32.48752212524414,25.35872459411621,12.495089530944824,20.16951560974121,60.95262908935547
2023-07-18,18.99077796936035,51.34168243408203,19.657686233520508,33.076541900634766,25.35872459411621,12.368620872497559,20.23659896850586,60.82963180541992
2023-07-19,19.16862678527832,51.20460891723633,19.449079513549805,34.889583587646484,25.187381744384766,12.334895133972168,19.884437561035156,61.02291488647461
2023-07-20,19.188390731811523,51.3188362121582,19.81065559387207,35.119659423828125,24.844697952270508,12.579401969909668,20.10244369506836,61.479759216308594
2023-07-21,19.550687789916992,51.631065368652344,20.1652889251709,35.79149627685547,25.872753143310547,12.899788856506348,20.341400146484375,61.78725051879883
2023-07-24,19.95908546447754,53.192169189453125,19.845430374145508,38.37363815307617,25.787080764770508,12.748025894165039,19.943130493164062,61.101993560791016
2023-07-25,20.420188903808594,54.837066650390625,19.887149810791016,37.41291046142578,26.301111221313477,12.672144889831543,19.83831787109375,59.88083267211914
2023-07-26,20.420188903808594,54.64667892456055,19.998411178588867,37.39442825317383,26.47245216369629,12.629987716674805,20.006011962890625,59.7841911315918
2023-07-27,19.359657287597656,53.626251220703125,19.553375244140625,37.27434158325195,27.15782356262207,12.393914222717285,19.595165252685547,58.11497116088867
2023-07-28,19.603384017944336,51.5015983581543,19.845430374145508,37.24663543701172,27.15782356262207,12.613125801086426,19.821548461914062,58.6333122253418
2023-07-31,20.492650985717773,52.66672897338867,19.91496467590332,36.87712097167969,28.699909210205078,12.528814315795898,20.203054428100586,59.05500793457031
2023-08-01,20.15670394897461,51.9356689453125,19.975948333740234,36.82169723510742,29.38528060913086,12.629987716674805,19.855091094970703,59.301002502441406
2023-08-02,20.110595703125,51.09037780761719,19.913331985473633,36.97874069213867,28.528566360473633,12.689008712768555,19.943130493164062,59.43277359008789
2023-08-03,20.367490768432617,51.410221099853516,19.760251998901367,37.3482551574707,27.072153091430664,12.334895133972168,19.976667404174805,58.615745544433594
2023-08-04,19.761476516723633,51.44829559326172,19.398448944091797,37.73623275756836,26.215438842773438,12.402345657348633,19.871858596801758,58.87929916381836
2023-08-07,19.886629104614258,51.70721435546875,19.24537467956543,37.81013870239258,25.787080764770508,12.37705135345459,19.83831787109375,58.325828552246094
2023-08-08,19.90639305114746,51.37214279174805,19.203628540039062,37.560707092285156,25.615739822387695,12.225290298461914,19.699970245361328,58.308250427246094
2023-08-09,20.064483642578125,50.907623291015625,19.134050369262695,37.67156219482422,25.44439697265625,12.124114036560059,19.590967178344727,58.17647171020508
2023-08-10,20.17646598815918,50.30601501464844,19.196670532226562,37.172733306884766,24.416339874267578,12.115683555603027,19.691587448120117,58.46638488769531
2023-08-11,20.130355834960938,49.887184143066406,19.231460571289062,36.76626968383789,24.67335319519043,12.107251167297363,19.905399322509766,58.51909637451172
2023-08-14,20.183053970336914,48.56018829345703,18.953147888183594,36.313621520996094,24.330669403076172,12.081957817077637,19.70835304260254,56.46333694458008
2023-08-15,20.327970504760742,48.08164978027344,18.848779678344727,36.350563049316406,23.73097038269043,11.972352981567383,19.603548049926758,57.09587860107422
2023-08-16,20.775896072387695,47.89337158203125,18.83486557006836,34.74319839477539,25.44439697265625,11.955491065979004,19.771242141723633,56.305198669433594
2023-08-17,20.710025787353516,48.568031311035156,18.612213134765625,34.096561431884766,24.159326553344727,11.989215850830078,19.955705642700195,55.127960205078125
2023-08-18,20.762723922729492,48.0267333984375,18.75832748413086,33.49610137939453,25.7014102935791,12.107251167297363,20.035362243652344,55.32123947143555
2023-08-21,20.6178035736084,48.08949279785156,18.681787490844727,33.29286575317383,26.129770278930664,12.065096855163574,19.964094161987305,54.90833282470703
2023-08-22,20.9318904876709,49.09364700317383,18.97402000427246,33.690093994140625,26.044095993041992,12.15783977508545,20.461326599121094,56.84110641479492
2023-08-23,22.046524047851562,49.45450973510742,19.210590362548828,33.67162322998047,26.215438842773438,12.183134078979492,20.5508975982666,58.33461380004883
2023-08-24,22.012331008911133,48.795536041259766,18.98794174194336,33.23744201660156,25.872753143310547,11.963921546936035,20.28217887878418,57.57027816772461
2023-08-25,21.861892700195312,48.69355392456055,18.688751220703125,33.588478088378906,25.016040802001953,11.795295715332031,20.01772117614746,55.35637664794922
2023-08-28,22.108068466186523,49.39175033569336,19.321908950805664,33.82865905761719,25.10171127319336,11.98078441619873,20.59355354309082,55.224605560302734
2023-08-29,22.155935287475586,50.96858596801758,19.6280574798584,33.70856857299805,25.10171127319336,12.022939682006836,20.70871925354004,55.909854888916016
2023-08-30,22.306377410888672,50.97643280029297,19.252323150634766,33.533058166503906,25.016040802001953,11.955491065979004,20.410139083862305,55.760494232177734
2023-08-31,21.84137535095215,51.05487823486328,19.08534812927246,33.14506530761719,23.64529800415039,11.668828964233398,20.090232849121094,55.56722640991211
2023-09-01,22.313215255737305,54.043800354003906,19.25080680847168,33.2097282409668,24.502010345458984,11.694122314453125,20.226722717285156,55.988922119140625
2023-09-04,22.08071517944336,54.44389343261719,19.076744079589844,33.37601852416992,23.816638946533203,11.685690879821777,20.162744522094727,55.65508270263672
2023-09-05,22.819246292114258,54.20854187011719,18.791290283203125,33.17277145385742,23.04559898376465,11.812159538269043,20.090232849121094,54.6535530090332
2023-09-06,22.92181968688965,53.3377571105957,18.610271453857422,32.84021759033203,22.188884735107422,11.786865234375,19.9537353515625,53.23032760620117
2023-09-08,22.839763641357422,52.33361053466797,18.638120651245117,32.70166015625,21.50351333618164,11.550789833068848,19.894020080566406,53.01948547363281
2023-09-11,22.819246292114258,53.08672332763672,19.111555099487305,32.59080505371094,21.8461971282959,11.694122314453125,20.209665298461914,53.80137634277344
2023-09-12,22.92865562438965,53.04749298095703,19.22296142578125,32.93259811401367,22.445899963378906,11.559223175048828,20.31886100769043,54.618412017822266
2023-09-13,22.586742401123047,52.84353256225586,19.320432662963867,34.115028381347656,22.445899963378906,11.500202178955078,20.301681518554688,55.28609848022461
2023-09-14,23.161157608032227,55.008731842041016,19.243844985961914,33.3298225402832,22.103212356567383,11.40746021270752,20.357521057128906,54.31092834472656
2023-09-15,23.17483139038086,54.55372619628906,19.202068328857422,33.348289489746094,21.24650001525879,11.314716339111328,20.42625617980957,52.97555923461914
2023-09-18,23.338951110839844,53.91044616699219,19.153331756591797,33.061927795410156,22.103212356567383,11.289422035217285,20.34033966064453,52.67685317993164
2023-09-19,23.39365577697754,54.012420654296875,19.096590042114258,33.23744201660156,21.58918571472168,11.323147773742676,20.310270309448242,52.624141693115234
2023-09-20,23.448366165161133,54.373291015625,19.42003059387207,33.061927795410156,21.58918571472168,11.35687255859375,20.490690231323242,52.49235916137695
2023-09-21,23.085939407348633,52.9533576965332,18.97705841064453,32.31366729736328,20.13277244567871,11.162954330444336,20.0224552154541,51.402976989746094
2023-09-22,23.270572662353516,53.34560012817383,18.927841186523438,31.953392028808594,19.190387725830078,11.061779975891113,20.056819915771484,51.086708068847656
2023-09-25,23.42101287841797,52.247310638427734,18.984092712402344,33.433841705322266,18.419343948364258,11.146092414855957,19.94083595275879,50.84071731567383
2023-09-26,22.880788803100586,51.431434631347656,18.702850341796875,33.38756561279297,17.99098777770996,10.994327545166016,19.657316207885742,50.37510299682617
2023-09-27,23.60564422607422,51.541263580322266,18.66768455505371,33.33204650878906,17.476959228515625,10.935312271118164,19.829145431518555,49.7161979675293
2023-09-28,23.557781219482422,52.32575607299805,19.159868240356445,33.674434661865234,17.56262969970703,10.943740844726562,20.464916229248047,50.60622024536133
2023-09-29,23.687702178955078,53.016117095947266,19.131746292114258,33.563385009765625,18.162328720092773,11.053348541259766,20.26731300354004,51.88201904296875
2023-10-02,23.332115173339844,52.55326461791992,18.954198837280273,33.45234680175781,17.219945907592773,11.03648567199707,20.211462020874023,50.05692672729492
2023-10-03,23.229543685913086,52.23162078857422,18.714988708496094,32.54547119140625,15.763532638549805,11.002760887145996,19.953720092773438,48.81658172607422
2023-10-04,22.306377410888672,51.67463302612305,19.144161224365234,32.53622055053711,16.19188690185547,11.137660026550293,20.10407257080078,49.20640563964844
2023-10-05,22.3815975189209,51.69816589355469,19.446701049804688,32.369651794433594,15.50651741027832,10.8678617477417,20.164215087890625,49.17095947265625
2023-10-06,22.914979934692383,52.45127868652344,19.62963104248047,32.20307922363281,15.249504089355469,11.120798110961914,20.98470115661621,48.338157653808594
2023-10-09,23.89969253540039,52.0747184753418,19.460763931274414,32.249359130859375,15.934874534606934,11.103935241699219,20.873010635375977,48.46219253540039
2023-10-10,24.077484130859375,52.388519287109375,19.439661026000977,32.665771484375,17.04860496520996,11.171385765075684,20.838645935058594,49.675960540771484
2023-10-11,24.01593780517578,52.84353256225586,19.685916900634766,32.54547119140625,16.363231658935547,11.205110549926758,21.0362491607666,49.25069808959961
2023-10-13,24.809173583984375,52.239463806152344,19.48188018798828,31.962480545043945,15.592188835144043,10.943740844726562,20.971817016601562,47.65596389770508
2023-10-16,25.082704544067383,52.79645538330078,19.51002311706543,32.06428146362305,15.335174560546875,10.969036102294922,21.3970890045166,47.266136169433594
2023-10-17,25.759693145751953,53.227928161621094,19.2215576171875,31.721891403198242,14.478461265563965,10.791979789733887,21.203784942626953,46.94719696044922
2023-10-18,26.340944290161133,51.274539947509766,18.820520401000977,31.731143951416016,14.821147918701172,10.564335823059082,21.10068702697754,45.24614334106445
2023-10-19,26.21785545349121,50.53711700439453,19.03862762451172,31.407258987426758,13.7930908203125,10.555906295776367,21.263925552368164,45.24614334106445
2023-10-20,25.882776260375977,49.172088623046875,18.968271255493164,31.286962509155273,13.193390846252441,10.530611038208008,21.195194244384766,45.18412780761719
2023-10-23,24.173221588134766,49.07795715332031,18.98937225341797,31.370254516601562,12.936376571655273,10.522181510925293,21.165122985839844,45.822021484375
2023-10-24,24.535646438598633,50.19978332519531,18.98937225341797,32.39741516113281,12.079663276672363,10.555906295776367,21.06631851196289,46.61052703857422
2023-10-25,24.665576934814453,50.1527099609375,19.024555206298828,29.12158203125,12.336676597595215,10.488454818725586,21.070613861083984,45.50307846069336
2023-10-26,24.412555694580078,51.22747039794922,19.495946884155273,30.222780227661133,12.593690872192383,10.648649215698242,21.50878143310547,46.2827262878418
2023-10-27,24.23476219177246,53.00826644897461,19.207487106323242,29.269643783569336,12.508020401000977,10.361988067626953,20.96322250366211,44.68798828125
2023-10-30,23.988588333129883,53.486812591552734,19.05270004272461,29.889644622802734,11.736977577209473,10.421003341674805,20.817167282104492,44.572811126708984
2023-10-31,23.756086349487305,54.13010025024414,18.869770050048828,30.546661376953125,11.394291877746582,10.842568397521973,20.769914627075195,45.06895446777344
2023-11-01,24.01593780517578,55.16563034057617,19.13564682006836,30.611440658569336,11.394291877746582,10.952173233032227,20.791393280029297,45.99921798706055
2023-11-03,24.303146362304688,55.855987548828125,19.663673400878906,31.027860641479492,12.765033721923828,11.205110549926758,21.521669387817383,48.55965042114258
2023-11-06,24.282629013061523,56.091331481933594,19.846725463867188,30.731739044189453,12.251005172729492,11.39059829711914,21.67201805114746,47.85087966918945
2023-11-07,23.879175186157227,54.97734832763672,20.402904510498047,30.333826065063477,15.163832664489746,11.441184997558594,21.9168758392334,49.02920913696289
2023-11-08,23.366304397583008,55.01657485961914,20.494434356689453,30.02845573425293,15.249504089355469,11.415891647338867,22.196102142333984,49.17095947265625
2023-11-09,23.851821899414062,55.28330993652344,20.58595848083496,29.99143409729004,14.649803161621094,11.306285858154297,21.268220901489258,48.9494743347168
2023-11-10,23.742412567138672,56.13056564331055,20.832382202148438,30.69472312927246,15.420846939086914,11.255697250366211,21.58181381225586,50.216400146484375
2023-11-13,24.405719757080078,56.012882232666016,20.691570281982422,30.278303146362305,14.821147918701172,11.323147773742676,21.50018882751465,48.993770599365234
2023-11-14,24.740793228149414,57.74661636352539,21.001338958740234,30.96307945251465,14.9924898147583,11.550789833068848,21.60329246520996,52.27183532714844
2023-11-16,24.30998420715332,58.13102340698242,21.339275360107422,30.981586456298828,18.76202964782715,11.525497436523438,21.598989486694336,53.955169677734375
2023-11-17,25.103221893310547,58.2408447265625,21.437849044799805,30.77800750732422,19.01904296875,11.466479301452637,21.762229919433594,53.86656951904297
2023-11-20,25.123737335205078,59.66862869262695,21.649049758911133,30.981586456298828,19.533071517944336,11.466479301452637,21.87821388244629,53.937442779541016
2023-11-21,24.863882064819336,61.112098693847656,21.613845825195312,31.14815902709961,18.248001098632812,11.331578254699707,22.032861709594727,53.19324493408203
2023-11-22,24.985576629638672,60.53117752075195,21.747617721557617,31.555326461791992,17.819644927978516,11.441184997558594,21.84384536743164,53.33498764038086
2023-11-23,24.99268341064453,60.151084899902344,21.719457626342773,31.518308639526367,18.590686798095703,11.424323081970215,21.9168758392334,53.795684814453125
2023-11-24,25.063743591308594,59.641605377197266,21.599767684936523,31.20368003845215,17.04860496520996,11.289422035217285,21.891103744506836,52.98060607910156
2023-11-27,24.92161750793457,59.28577423095703,21.543445587158203,31.59234046936035,16.791587829589844,11.449616432189941,22.294904708862305,52.27183532714844
2023-11-28,25.29825210571289,59.41517639160156,21.754653930664062,31.80516815185547,16.363231658935547,11.508634567260742,22.617082595825195,52.324989318847656
2023-11-29,25.03531837463379,59.39899444580078,21.902509689331055,31.58307647705078,16.106216430664062,11.213541030883789,22.65144920349121,52.47560501098633
2023-11-30,25.51854705810547,59.72247314453125,22.24043846130371,31.638608932495117,17.30561637878418,11.542359352111816,23.3129940032959,53.19324493408203
2023-12-01,25.347991943359375,60.83039855957031,22.189477920532227,32.1845703125,18.590686798095703,11.871176719665527,23.360248565673828,53.81340789794922
2023-12-04,24.807920455932617,59.46369171142578,22.2176513671875,32.16606521606445,17.134273529052734,11.854315757751465,23.270038604736328,53.73367691040039
2023-12-05,24.694217681884766,58.91377639770508,22.400800704956055,32.665771484375,18.33367347717285,12.006077766418457,23.270038604736328,53.86656951904297
2023-12-06,23.805936813354492,58.525604248046875,22.203567504882812,32.74905776977539,18.590686798095703,11.795295715332031,22.771728515625,54.10577392578125
2023-12-07,23.74908447265625,58.71160125732422,22.45010757446289,32.72129440307617,19.361730575561523,11.871176719665527,23.14116668701172,54.477882385253906
2023-12-08,24.509458541870117,58.87333679199219,22.734102249145508,32.06428146362305,18.248001098632812,12.065096855163574,23.390316009521484,54.11463928222656
2023-12-11,24.417078018188477,58.9218635559082,22.577903747558594,32.267852783203125,19.10471534729004,12.073527336120605,23.38602066040039,54.15892791748047
2023-12-12,24.218101501464844,59.0269889831543,22.464305877685547,32.415924072265625,19.533071517944336,11.997647285461426,22.69535255432129,53.61849594116211
2023-12-13,24.56631088256836,59.03508758544922,23.145902633666992,33.36906814575195,21.674856185913086,12.393914222717285,22.902849197387695,55.744808197021484
2023-12-14,25.09927749633789,59.358558654785156,23.337600708007812,33.59115219116211,20.81814193725586,12.225290298461914,23.054153442382812,57.86226272583008
2023-12-15,25.156131744384766,59.73055648803711,23.238204956054688,33.3412971496582,18.933372497558594,12.199995994567871,23.60748863220215,56.737091064453125
2023-12-18,25.46880340576172,60.01361083984375,23.351797103881836,33.41727066040039,18.676359176635742,12.26744556427002,23.624778747558594,57.029457092285156
2023-12-19,25.760156631469727,60.43412399291992,23.36600112915039,33.76962661743164,18.505016326904297,12.393914222717285,23.71123695373535,57.011749267578125
2023-12-20,25.852540969848633,60.24003982543945,23.124601364135742,33.528541564941406,17.99098777770996,12.19003677368164,23.4345703125,56.00173568725586
2023-12-21,25.85964584350586,62.24562072753906,23.280797958374023,33.7418098449707,17.905317306518555,12.154548645019531,23.469152450561523,57.171207427978516
2023-12-22,26.108366012573242,61.77656936645508,23.649999618530273,33.85307693481445,18.162328720092773,12.163421630859375,23.533994674682617,57.1623420715332
2023-12-26,26.52763557434082,61.99493408203125,23.89139747619629,34.04779815673828,18.07666015625,12.216652870178223,23.75014305114746,56.878841400146484
2023-12-27,26.548954010009766,62.59336471557617,24.05469512939453,34.159061431884766,19.276058197021484,12.278756141662598,23.71556282043457,56.74451446533203
2023-12-28,26.463680267333984,62.431617736816406,24.118600845336914,34.22396469116211,18.505016326904297,12.181163787841797,23.944673538208008,56.74451446533203
2024-01-02,26.847410202026367,62.31031799316406,23.811471939086914,33.9087028503418,17.56262969970703,12.163421630859375,23.67232894897461,54.656742095947266
2024-01-03,27.685951232910156,61.986839294433594,23.54863929748535,34.168331146240234,17.134273529052734,12.065831184387207,23.69394302368164,54.335548400878906
2024-01-04,27.451444625854492,61.15387725830078,23.392353057861328,33.7139892578125,16.534574508666992,12.110188484191895,23.443214416503906,53.20244598388672
2024-01-05,27.515403747558594,60.369441986083984,23.9393367767334,33.35237121582031,16.87725830078125,12.065831184387207,23.72420883178711,53.97867202758789
2024-01-08,27.30931854248047,60.06211471557617,23.68360137939453,33.435829162597656,17.905317306518555,12.163421630859375,23.92738151550293,56.03075408935547
2024-01-09,27.074813842773438,59.30194854736328,23.669397354125977,32.61058807373047,18.33367347717285,12.083573341369629,23.568578720092773,55.50434112548828
2024-01-10,26.826095581054688,58.412391662597656,23.648088455200195,32.74967956542969,18.676359176635742,12.207780838012695,23.529674530029297,56.209190368652344
2024-01-11,27.053495407104492,58.71969223022461,23.69070816040039,32.28605651855469,18.676359176635742,12.030342102050781,23.68962287902832,54.433692932128906
2024-01-12,27.124557495117188,57.97569274902344,23.71912384033203,32.14697265625,19.361730575561523,12.056958198547363,23.827957153320312,54.424774169921875
2024-01-15,27.415916442871094,57.86247253417969,23.761747360229492,31.82244873046875,19.533071517944336,12.056958198547363,24.294832229614258,54.58536911010742
2024-01-16,27.074813842773438,57.110382080078125,23.427873611450195,31.164112091064453,18.676359176635742,11.84403133392334,24.1564998626709,53.782379150390625
2024-01-17,26.918476104736328,56.08332443237305,23.442081451416016,30.969396591186523,18.419343948364258,11.915006637573242,24.204051971435547,54.371238708496094
2024-01-18,26.81188201904297,55.80027770996094,23.342632293701172,30.728313446044922,17.134273529052734,11.835159301757812,23.923057556152344,52.961551666259766
2024-01-19,26.66975975036621,55.07244873046875,23.399456024169922,31.04357147216797,17.391286849975586,11.84403133392334,24.17378807067871,53.61286163330078
2024-01-22,26.79056739807129,54.82984161376953,23.01586151123047,30.950851440429688,16.705917358398438,11.852903366088867,24.01384162902832,52.38161087036133
2024-01-23,27.124557495117188,55.96202087402344,23.122419357299805,31.312469482421875,16.62024688720703,11.861775398254395,24.44181251525879,52.83663558959961
2024-01-24,26.918476104736328,56.528106689453125,23.01586151123047,31.034297943115234,16.448902130126953,11.781929016113281,24.489364624023438,52.31023406982422
2024-01-25,27.913358688354492,55.13714599609375,22.96613883972168,30.83030891418457,17.733972549438477,11.710953712463379,24.459102630615234,52.069339752197266
2024-01-26,28.396574020385742,56.20463562011719,23.30711555480957,30.756134033203125,17.819644927978516,11.710953712463379,24.627695083618164,50.177860260009766
2024-01-29,28.830059051513672,55.93776321411133,23.18635368347168,30.83030891418457,17.733972549438477,11.7553129196167,24.433170318603516,49.47300720214844
2024-01-30,28.65239715576172,55.622371673583984,23.03717803955078,30.589229583740234,16.96293067932129,11.569000244140625,24.307798385620117,48.61648941040039
2024-01-31,28.965078353881836,54.79749298095703,23.285799026489258,29.98653793334961,17.99098777770996,11.604490280151367,24.40290641784668,48.28636169433594
2024-02-01,29.54068374633789,54.54679489135742,23.234373092651367,30.255428314208984,18.868663787841797,11.595617294311523,24.96056365966797,48.60756301879883
2024-02-02,29.15694808959961,53.43887710571289,23.269912719726562,30.21834945678711,18.04430389404297,11.595617294311523,24.95191764831543,47.78673553466797
2024-02-05,29.284852981567383,52.97792434692383,23.710582733154297,30.839582443237305,17.861114501953125,11.613361358642578,25.219934463500977,47.94733810424805
2024-02-06,29.554895401000977,53.91600799560547,24.726947784423828,30.821043014526367,18.777069091796875,11.737567901611328,25.764625549316406,47.01051330566406
2024-02-07,29.98838233947754,54.02114486694336,24.54926300048828,31.182661056518555,19.051855087280273,11.533514022827148,25.695459365844727,47.75104904174805
2024-02-08,29.74676513671875,53.544010162353516,24.065950393676758,31.340286254882812,18.96025848388672,11.489154815673828,25.306394577026367,46.974830627441406
2024-02-09,29.34881591796875,53.309486389160156,24.37157440185547,30.94157600402832,19.051855087280273,11.489154815673828,24.88707160949707,46.84099578857422
2024-02-14,29.12851905822754,53.14775085449219,24.37157440185547,31.089937210083008,18.502281188964844,11.462538719177246,25.224260330200195,46.39488983154297
2024-02-15,30.059438705444336,52.97792434692383,24.577688217163086,30.793222427368164,18.868663787841797,11.400435447692871,25.22858238220215,46.5108757019043
2024-02-16,30.336580276489258,54.991580963134766,24.54926300048828,30.969396591186523,18.685474395751953,11.320588111877441,25.01675796508789,46.26997756958008
2024-02-19,30.485815048217773,54.57914352416992,24.819353103637695,31.05284881591797,19.143449783325195,11.364948272705078,25.470666885375977,46.894527435302734
2024-02-20,30.166032791137695,53.38227462768555,25.359516143798828,31.776090621948242,18.502281188964844,11.400435447692871,25.634939193725586,48.214996337890625
2024-02-21,30.208669662475586,53.78661346435547,25.217365264892578,33.96434020996094,17.952709197998047,11.444794654846191,25.695459365844727,48.13469696044922
2024-02-22,29.98126792907715,54.36079788208008,25.07431983947754,32.88875961303711,19.326641082763672,11.498025894165039,25.116188049316406,47.74211883544922
2024-02-23,29.77519416809082,54.49018478393555,25.147722244262695,33.361637115478516,19.693023681640625,11.43592357635498,24.804941177368164,47.45661544799805
2024-02-26,30.336580276489258,53.17200469970703,25.221128463745117,34.191837310791016,19.326641082763672,11.569000244140625,25.04269790649414,46.475189208984375
2024-02-27,30.293947219848633,54.57106018066406,25.529417037963867,34.55647659301758,20.150999069213867,11.80854320526123,25.34530258178711,48.625404357910156
2024-02-28,28.73056983947754,53.972618103027344,25.544097900390625,34.509735107421875,19.87621307373047,11.932750701904297,25.397172927856445,48.05439758300781
2024-02-29,28.524490356445312,54.1747932434082,24.912839889526367,34.30404281616211,19.50983238220215,11.160892486572266,25.012435913085938,47.2870979309082
2024-03-01,28.552913665771484,54.085838317871094,25.021270751953125,34.86502456665039,20.334190368652344,11.036684036254883,25.038372039794922,46.84099578857422
2024-03-04,28.481853485107422,53.964534759521484,24.830326080322266,34.72477722167969,19.50983238220215,11.072174072265625,24.93462371826172,45.654354095458984
2024-03-05,28.396574020385742,53.25287628173828,24.808292388916016,34.99592208862305,19.418235778808594,11.311716079711914,25.107542037963867,45.34208297729492
2024-03-06,29.021928787231445,53.980709075927734,25.08002471923828,34.715423583984375,18.868663787841797,11.258482933044434,25.479312896728516,45.79710388183594
2024-03-07,28.702144622802734,53.79470443725586,24.815637588500977,34.50038528442383,18.685474395751953,11.222996711730957,25.237226486206055,47.43877029418945
2024-03-08,26.079938888549805,53.38227462768555,25.04330825805664,34.519081115722656,18.777069091796875,11.391563415527344,24.990819931030273,47.420928955078125
2024-03-11,25.333784103393555,51.72443389892578,25.16815185546875,34.74347686767578,18.319093704223633,11.356075286865234,24.74009132385254,46.66255187988281
2024-03-12,26.16520881652832,51.40216064453125,25.270971298217773,35.164207458496094,18.502281188964844,11.391563415527344,25.079729080200195,47.82242202758789
2024-03-13,25.852540969848633,51.731658935546875,25.52066993713379,35.547550201416016,18.5938777923584,11.311716079711914,24.801063537597656,48.625404357910156
2024-03-14,25.738840103149414,51.072654724121094,25.5059814453125,35.33250045776367,18.410686492919922,11.356075286865234,24.692211151123047,48.10792541503906
2024-03-15,25.809900283813477,50.489688873291016,25.3664493560791,35.52885055541992,17.952709197998047,11.205252647399902,24.944753646850586,47.1086540222168
2024-03-18,25.824111938476562,51.45284652709961,25.469255447387695,35.52885055541992,19.23504638671875,11.205252647399902,24.396135330200195,46.86775588989258
2024-03-19,25.63224983215332,51.87528610229492,25.5059814453125,36.23942565917969,18.04430389404297,11.125405311584473,24.309053421020508,47.51015090942383
2024-03-20,26.079938888549805,52.22168731689453,25.557390213012695,36.30487060546875,18.777069091796875,11.125405311584473,24.570295333862305,48.80385208129883
2024-03-21,25.36931037902832,52.09495162963867,25.293004989624023,36.86585235595703,18.227495193481445,11.187508583068848,24.226318359375,48.02762985229492
2024-03-22,25.61803436279297,51.495094299316406,24.939327239990234,37.155696868896484,17.586326599121094,11.010069847106934,24.126178741455078,47.15326690673828
2024-03-25,26.008874893188477,51.38526153564453,24.939327239990234,36.55435562133789,17.494731903076172,10.850375175476074,24.221969604492188,46.84099578857422
2024-03-26,25.76726722717285,50.734703063964844,25.43485450744629,36.3109016418457,16.303991317749023,11.010069847106934,24.35259246826172,48.116851806640625
2024-03-27,25.973344802856445,51.19938659667969,25.57538604736328,36.095558166503906,16.670372009277344,11.045557022094727,24.370012283325195,48.10792541503906
2024-03-28,26.548954010009766,51.39371109008789,25.61975860595703,35.7678337097168,16.4871826171875,11.081045150756836,24.653026580810547,48.786006927490234
2024-04-01,26.755033493041992,51.723209381103516,24.74484634399414,35.57121276855469,16.303991317749023,10.939094543457031,24.41790199279785,46.974830627441406
2024-04-02,27.444337844848633,52.331520080566406,24.774444580078125,35.73974609375,15.93760871887207,10.885862350463867,24.457090377807617,47.130069732666016
2024-04-03,27.302213668823242,51.57958221435547,24.589448928833008,35.477569580078125,15.479632377624512,11.045557022094727,24.552881240844727,46.599815368652344
2024-04-04,26.989538192749023,51.005062103271484,24.263858795166016,35.674198150634766,16.21239471435547,11.063302040100098,24.718338012695312,48.001853942871094
2024-04-05,27.074813842773438,50.44744873046875,24.219465255737305,35.57121276855469,15.662822723388672,10.850375175476074,24.822839736938477,47.79514694213867
2024-04-08,27.451444625854492,53.20174026489258,24.582050323486328,35.7678337097168,16.303991317749023,10.797143936157227,25.210355758666992,48.442237854003906
2024-04-09,27.52250862121582,52.84688949584961,24.841041564941406,36.32963562011719,16.670372009277344,10.96570873260498,25.423704147338867,49.71845245361328
2024-04-10,28.133644104003906,52.04426193237305,24.31566047668457,35.955101013183594,16.21239471435547,10.735039710998535,25.079729080200195,48.16362380981445
2024-04-11,27.927566528320312,52.2639274597168,24.27126693725586,35.8052864074707,15.846014976501465,10.823758125305176,25.140689849853516,47.88501739501953
2024-04-12,27.671735763549805,52.06960678100586,24.01966667175293,35.56183624267578,15.204845428466797,10.75278377532959,24.81412696838379,46.599815368652344
2024-04-15,27.934677124023438,52.3737678527832,23.61268424987793,35.243492126464844,14.014105796813965,10.708423614501953,24.58336067199707,45.458412170410156
2024-04-16,28.06258201599121,51.909080505371094,23.43508529663086,36.30154800415039,13.92250919342041,10.59308910369873,24.304697036743164,45.00004959106445
2024-04-17,28.26866340637207,52.47514343261719,23.44988250732422,35.78656768798828,13.92250919342041,10.566473960876465,24.356950759887695,44.93714141845703
2024-04-18,28.318408966064453,52.66946792602539,23.47947883605957,36.14236831665039,13.73931884765625,10.610834121704102,24.322113037109375,45.7549934387207
2024-04-19,28.801631927490234,53.531246185302734,23.346288681030273,36.095558166503906,14.10569953918457,10.601961135864258,24.13053321838379,45.17980194091797
2024-04-22,29.490938186645508,53.50589370727539,23.33148956298828,35.833377838134766,14.014105796813965,10.601961135864258,23.85186767578125,44.523719787597656
2024-04-23,29.43408966064453,53.04121017456055,23.67928123474121,35.57121276855469,13.18974494934082,10.522112846374512,24.034744262695312,45.152835845947266
2024-04-24,29.299070358276367,53.70021438598633,23.575679779052734,35.79591751098633,13.098150253295898,10.681808471679688,23.94765853881836,44.505741119384766
2024-04-25,30.00259017944336,52.568084716796875,23.442485809326172,36.20791244506836,12.731769561767578,10.664064407348633,23.843158721923828,43.804725646972656
2024-04-26,30.42630958557129,52.568084716796875,23.834672927856445,36.722896575927734,13.098150253295898,10.655192375183105,23.843158721923828,45.386505126953125
2024-04-29,30.791574478149414,53.98747634887695,23.649677276611328,36.853981018066406,13.281340599060059,10.735039710998535,23.991199493408203,45.431453704833984
2024-04-30,30.696605682373047,53.472103118896484,23.205692291259766,37.03187561035156,12.456981658935547,10.779399871826172,23.877988815307617,44.06536102294922
2024-05-02,30.813486099243164,54.004364013671875,23.544530868530273,36.3764533996582,13.372936248779297,10.939094543457031,24.13053321838379,43.59801483154297
2024-05-03,30.421506881713867,54.06351089477539,23.84069061279297,36.30154800415039,14.380486488342285,10.974581718444824,24.57465171813965,44.82929229736328
2024-05-06,30.627422332763672,54.22404098510742,23.98876953125,36.17046356201172,14.380486488342285,11.045557022094727,24.713985443115234,43.9305534362793
2024-05-07,31.001113891601562,54.561988830566406,24.484832763671875,36.42325973510742,14.746869087219238,11.178637504577637,24.63561248779297,44.60460662841797
2024-05-08,31.47394371032715,54.06351089477539,24.64031982421875,36.601165771484375,15.113249778747559,10.797143936157227,24.713985443115234,45.098915100097656
2024-05-09,31.77899169921875,54.50285339355469,23.899925231933594,36.42325973510742,15.296441078186035,10.690679550170898,23.6341609954834,44.5327033996582
2024-05-10,31.710363388061523,54.316978454589844,24.173866271972656,36.48880386352539,14.10569953918457,10.681808471679688,24.052160263061523,42.24091339111328
2024-05-13,31.740869522094727,54.63802719116211,24.470027923583984,36.59180450439453,14.47208309173584,10.699551582336426,24.23503303527832,41.611785888671875
2024-05-14,31.16888999938965,54.60422897338867,24.736568450927734,37.08806610107422,14.47208309173584,10.7882719039917,24.39177894592285,42.24091339111328
2024-05-15,29.285181045532227,54.44371032714844,24.669931411743164,37.097415924072266,14.746869087219238,10.921350479125977,24.07828140258789,43.03181076049805
2024-05-16,28.431028366088867,54.84079360961914,24.595890045166016,37.07870101928711,14.563676834106445,10.983453750610352,24.104408264160156,43.70586013793945
2024-05-17,27.9810733795166,55.913787841796875,24.603290557861328,37.11614990234375,14.563676834106445,10.983453750610352,24.113113403320312,43.499149322509766
2024-05-20,28.026836395263672,55.88844299316406,24.529258728027344,37.312774658203125,14.380486488342285,10.735039710998535,24.31340789794922,43.06775665283203
2024-05-21,27.973451614379883,55.72791290283203,24.40338897705078,37.228511810302734,14.197295188903809,10.664064407348633,24.295988082885742,41.89938735961914
2024-05-22,28.354768753051758,55.28858184814453,24.025785446166992,36.77906799316406,13.464532852172852,10.619705200195312,23.94765853881836,41.162418365478516
2024-05-23,28.072599411010742,54.95908737182617,23.811073303222656,36.54498291015625,13.006555557250977,10.610834121704102,23.459997177124023,41.072547912597656
2024-05-24,27.92007064819336,54.98442459106445,23.58155632019043,35.89891815185547,12.090600967407227,10.530984878540039,23.58191680908203,40.80292510986328
2024-05-27,28.225122451782227,55.17029571533203,23.500106811523438,35.908287048339844,12.044803619384766,10.477754592895508,23.869281768798828,40.38949966430664
2024-05-28,28.82760238647461,53.979026794433594,23.374242782592773,35.79591751098633,11.257081031799316,10.282570838928223,23.790908813476562,40.047977447509766
2024-05-29,28.789470672607422,53.42985534667969,23.211355209350586,35.32776641845703,11.064730644226074,10.220468521118164,23.790908813476562,39.544681549072266
2024-05-31,29.582611083984375,53.396060943603516,22.974430084228516,35.15922164916992,11.348677635192871,10.255956649780273,23.61674690246582,38.40327835083008
2024-06-03,29.42245864868164,52.272377014160156,23.29864501953125,34.96259307861328,11.614304542541504,10.247084617614746,23.64286994934082,38.331382751464844
2024-06-04,29.094526290893555,51.740108489990234,23.38014030456543,35.3932991027832,10.670870780944824,10.371291160583496,23.712533950805664,38.50214385986328
2024-06-05,29.13265609741211,51.005062103271484,23.33568572998047,35.14986038208008,11.165485382080078,10.264826774597168,23.764785766601562,38.66391372680664
2024-06-06,29.26993179321289,51.714759826660156,23.63201141357422,35.40266799926758,11.632622718811035,10.486626625061035,24.07828140258789,39.275062561035156
2024-06-07,28.171735763549805,51.03886032104492,23.29864501953125,35.44010925292969,10.753307342529297,10.255956649780273,23.66899299621582,38.4212532043457
2024-06-10,28.598814010620117,51.59648132324219,23.113445281982422,35.40266799926758,10.551796913146973,10.167235374450684,23.695119857788086,37.621368408203125
2024-06-11,28.72083282470703,51.52043914794922,23.372730255126953,35.3932991027832,11.394474983215332,10.11400318145752,23.95636558532715,37.3427619934082
2024-06-12,28.095888137817383,50.81074142456055,23.33568572998047,35.64611053466797,10.487679481506348,9.998669624328613,23.502914428710938,36.86642837524414
2024-06-13,27.81351661682129,51.39371109008789,23.091218948364258,35.97382354736328,10.277009963989258,9.838974952697754,23.662311553955078,36.111488342285156
2024-06-14,27.20171356201172,51.21628952026367,23.068992614746094,36.30154800415039,10.478520393371582,9.972052574157715,23.60363006591797,36.32718276977539
2024-06-17,27.30368423461914,51.013511657714844,23.63201141357422,36.30154800415039,10.066340446472168,9.972052574157715,23.60363006591797,35.410465240478516
2024-06-18,28.158639907836914,51.25008010864258,23.617202758789062,36.38581085205078,10.029702186584473,9.980925559997559,23.27344512939453,35.1857795715332
2024-06-19,28.182165145874023,51.410606384277344,23.802398681640625,37.275325775146484,10.148776054382324,9.936565399169922,23.44300079345703,35.883026123046875
2024-06-20,28.629257202148438,51.87528610229492,23.63942527770996,38.18356704711914,9.773235321044922,10.00754165649414,23.55008316040039,35.54222106933594
2024-06-21,28.778278350830078,51.39371109008789,23.804441452026367,38.46446990966797,9.919788360595703,10.00754165649414,23.746408462524414,37.39870071411133
2024-06-24,29.068498611450195,51.45284652709961,24.14792251586914,38.26783752441406,11.138007164001465,10.043028831481934,23.924884796142578,37.82919692993164
2024-06-25,29.044963836669922,51.24163055419922,24.22258949279785,38.92327117919922,10.80826473236084,10.096260070800781,23.996273040771484,37.8740348815918
2024-06-26,29.092025756835938,51.87528610229492,24.17778778076172,39.279075622558594,10.515158653259277,10.158363342285156,23.835647583007812,38.02650451660156
2024-06-27,29.57833480834961,52.01046371459961,24.22258949279785,39.04499435424805,11.183805465698242,10.167235374450684,23.826725006103516,38.87681198120117
2024-06-28,29.845014572143555,52.568084716796875,24.2001895904541,39.50380325317383,11.037252426147461,10.122875213623047,23.835647583007812,38.105628967285156
2024-07-01,30.29994773864746,53.34537124633789,24.08637046813965,39.356353759765625,11.119688034057617,10.158363342285156,23.523313522338867,37.89695739746094
2024-07-02,30.205820083618164,53.16794204711914,24.400148391723633,39.41261291503906,11.147167205810547,10.167235374450684,23.60363006591797,37.83344650268555
2024-07-03,29.680301666259766,54.22404098510742,24.5495662689209,39.48763656616211,11.522708892822266,10.096260070800781,23.835647583007812,38.24171829223633
2024-07-04,29.27243423461914,53.953678131103516,24.58692169189453,39.28133773803711,12.072280883789062,10.158363342285156,23.96058464050293,39.55726623535156
2024-07-05,29.429304122924805,53.7340087890625,24.60186004638672,39.562660217285156,12.53941822052002,10.043028831481934,23.853500366210938,39.68429183959961
2024-07-08,30.150917053222656,53.31156921386719,24.557035446166992,41.70066833496094,11.80665397644043,9.980925559997559,23.460845947265625,39.59355545043945
2024-07-09,30.143075942993164,53.24398422241211,24.728866577148438,41.77568054199219,12.37454605102539,9.980925559997559,23.380531311035156,40.30123519897461
2024-07-10,29.860700607299805,52.52583694458008,24.9903564453125,41.306819915771484,12.337907791137695,10.11400318145752,23.746408462524414,41.05427932739258
2024-07-11,30.064640045166016,52.39065933227539,25.139768600463867,42.16014862060547,12.557737350463867,10.229339599609375,23.63039779663086,42.27909469604492
2024-07-12,29.92345428466797,53.15949630737305,24.997827529907227,43.02285385131836,12.704289436340332,10.326931953430176,23.94273567199707,42.36982727050781
2024-07-15,30.197980880737305,53.2186393737793,25.094951629638672,43.61363220214844,13.125629425048828,10.326931953430176,24.049823760986328,42.133934020996094
2024-07-16,30.11954116821289,52.66101837158203,25.24436378479004,43.77303695678711,12.484460830688477,10.380162239074707,24.130136489868164,41.60771179199219
2024-07-17,30.276418685913086,52.170989990234375,25.520790100097656,44.12000274658203,12.32874870300293,10.486626625061035,24.371078491210938,40.94540023803711
2024-07-18,30.221511840820312,51.680965423583984,25.401254653930664,44.448204040527344,11.605143547058105,10.353546142578125,24.263996124267578,39.4393196105957
2024-07-19,30.347013473510742,51.63871765136719,25.59550666809082,44.34505081176758,11.513548851013184,10.406777381896973,24.192604064941406,39.3848876953125
2024-07-22,29.743043899536133,51.57958221435547,25.580562591552734,44.23252487182617,11.293720245361328,10.477754592895508,24.219377517700195,38.96753692626953
2024-07-23,29.35871124267578,50.886783599853516,25.54320526123047,44.12000274658203,11.156328201293945,10.45113754272461,24.07659339904785,39.357669830322266
2024-07-24,29.594018936157227,51.19938659667969,25.505849838256836,43.74490737915039,10.689189910888672,10.460009574890137,23.978431701660156,39.28508377075195
2024-07-25,29.55480194091797,51.17403793334961,25.393783569335938,43.088497161865234,10.625073432922363,10.5132417678833,23.996273040771484,39.06733703613281
2024-07-26,29.523426055908203,51.93442916870117,25.580562591552734,43.99809646606445,10.89069938659668,10.539857864379883,24.201528549194336,39.85667037963867
2024-07-29,28.927309036254883,52.027366638183594,25.7673282623291,43.58549499511719,10.25869083404541,10.486626625061035,24.237220764160156,38.649993896484375
2024-07-30,28.746912002563477,50.878334045410156,25.670207977294922,43.00410461425781,10.148776054382324,10.326931953430176,24.049823760986328,38.14192199707031
2024-07-31,29.3430233001709,52.06960678100586,25.311603546142578,47.50518798828125,10.139616966247559,10.273698806762695,23.6928653717041,39.76594543457031
2024-08-01,28.895936965942383,50.903682708740234,24.943580627441406,49.549434661865234,9.89231014251709,10.415650367736816,23.532236099243164,39.702430725097656
2024-08-02,28.025291442871094,50.19398880004883,24.629634857177734,46.717498779296875,10.597593307495117,10.530984878540039,23.344837188720703,40.9000358581543
2024-08-05,28.00176239013672,49.934593200683594,24.629634857177734,45.990413665771484,10.570115089416504,10.5132417678833,23.380531311035156,39.865745544433594
2024-08-06,28.488067626953125,50.18855667114258,25.1752986907959,46.09396743774414,10.350286483764648,10.655192375183105,23.782108306884766,40.41011047363281
2024-08-07,28.448850631713867,50.092227935791016,25.24257469177246,45.48213577270508,11.165485382080078,11.098790168762207,23.469768524169922,44.04829406738281
2024-08-08,28.903779983520508,49.78571319580078,25.152873992919922,46.77166748046875,11.48607063293457,10.96570873260498,23.371610641479492,43.975711822509766
2024-08-09,28.637096405029297,49.96961975097656,25.833087921142578,46.78107833862305,11.870772361755371,11.045557022094727,23.6928653717041,44.320472717285156
2024-08-12,29.288118362426758,49.715660095214844,25.87046241760254,47.609397888183594,11.861611366271973,10.992325782775879,24.201528549194336,44.656166076660156
2024-08-13,29.10772132873535,49.49672317504883,26.602994918823242,48.12710189819336,12.173035621643066,11.152020454406738,24.51386070251465,43.6400146484375
2024-08-14,29.617549896240234,49.04133987426758,27.260778427124023,48.51301574707031,11.669261932373047,11.143150329589844,24.924362182617188,36.291072845458984
2024-08-15,30.072481155395508,49.242759704589844,27.694326400756836,49.604888916015625,12.173035621643066,11.56013011932373,25.12068748474121,35.56525421142578
2024-08-16,30.197980880737305,49.11139678955078,27.462608337402344,50.122589111328125,11.522708892822266,11.542386054992676,25.317012786865234,38.649993896484375
2024-08-19,30.150917053222656,49.89956283569336,27.62705421447754,48.74833679199219,12.75008773803711,11.542386054992676,25.995223999023438,40.14700698852539
2024-08-20,30.033262252807617,50.092227935791016,27.82887077331543,49.99081039428711,12.640172958374023,11.4802827835083,26.111234664916992,38.985687255859375
2024-08-21,29.852867126464844,51.05553436279297,27.716753005981445,50.292015075683594,12.6859712600708,11.4802827835083,25.995223999023438,39.64799499511719
2024-08-22,29.944181442260742,51.12559509277344,27.462608337402344,51.01679229736328,12.072280883789062,11.533514022827148,25.409788131713867,38.051185607910156
2024-08-23,29.75864028930664,50.267372131347656,27.253305435180664,50.64970016479492,12.475300788879395,11.604490280151367,25.60029411315918,38.377803802490234
2024-08-26,31.920560836791992,50.83660125732422,27.313106536865234,50.903846740722656,12.22799301147461,11.604490280151367,25.70008659362793,38.35966491699219
2024-08-27,31.493017196655273,52.369144439697266,27.343008041381836,50.82854080200195,12.337907791137695,11.56013011932373,25.409788131713867,38.922176361083984
2024-08-28,31.94475746154785,51.99257278442383,27.933517456054688,50.82854080200195,12.072280883789062,11.489154815673828,25.56400489807129,38.559261322021484
2024-08-29,31.726957321166992,51.9312744140625,27.62705421447754,50.39555358886719,11.80665397644043,11.409307479858398,25.67286491394043,37.87881088256836
2024-08-30,31.75921058654785,52.17647933959961,27.432706832885742,50.96973419189453,11.138007164001465,11.409307479858398,25.509578704833984,37.53404235839844
2024-09-02,31.46074867248535,51.44086456298828,27.214073181152344,49.27544021606445,10.96397590637207,11.41817855834961,25.781728744506836,37.425167083740234
2024-09-03,31.081605911254883,49.52299499511719,27.655303955078125,49.699012756347656,10.698348999023438,11.356075286865234,26.01759147644043,36.926170349121094
2024-09-04,31.089670181274414,49.908321380615234,27.849740982055664,50.25436782836914,11.028092384338379,11.524641036987305,26.298812866210938,38.0421142578125
2024-09-05,30.896066665649414,50.267372131347656,28.02922821044922,50.81912612915039,11.266241073608398,11.506898880004883,26.534677505493164,38.55018997192383
2024-09-06,30.29105567932129,49.6368408203125,27.632862091064453,49.77431869506836,10.80826473236084,11.524641036987305,26.09923553466797,38.12377166748047
2024-09-09,30.62179183959961,49.6368408203125,27.9020938873291,49.36957550048828,10.551796913146973,11.631105422973633,26.425817489624023,37.697349548339844
2024-09-10,30.113582611083984,49.04133987426758,27.9020938873291,49.78373718261719,10.377765655517578,11.746439933776855,26.035734176635742,38.105628967285156
2024-09-11,30.08131217956543,50.43376159667969,27.954442977905273,50.35791015625,10.322808265686035,11.569000244140625,26.044803619384766,38.4322509765625
2024-09-12,29.742507934570312,50.8891487121582,27.647825241088867,50.1790657043457,10.231212615966797,11.453665733337402,25.776901245117188,38.33244323730469
2024-09-13,29.605369567871094,51.230682373046875,27.677734375,50.47085189819336,10.625073432922363,11.293971061706543,25.950393676757812,40.10163497924805
2024-09-16,30.01677894592285,51.230682373046875,27.670257568359375,49.88726806640625,10.70750904083252,11.409307479858398,26.087356567382812,39.729652404785156
2024-09-17,29.879648208618164,50.985477447509766,27.602956771850586,50.188480377197266,10.881540298461914,11.498025894165039,25.92300033569336,40.183292388916016
2024-09-18,29.161693572998047,50.389976501464844,27.445905685424805,50.452030181884766,10.551796913146973,11.515769004821777,25.795166015625,40.66415023803711
2024-09-19,29.258493423461914,50.994232177734375,27.371122360229492,50.13199996948242,10.222052574157715,11.489154815673828,25.484710693359375,40.20144271850586
2024-09-20,29.250429153442383,50.22358703613281,27.07198143005371,49.435462951660156,9.48012924194336,11.320588111877441,25.110336303710938,39.012901306152344
2024-09-23,29.548900604248047,50.38121795654297,26.91375732421875,51.1297492980957,9.177865028381348,11.311716079711914,25.019027709960938,38.74979019165039
2024-09-24,29.66990089416504,52.842044830322266,26.90621566772461,52.13690185546875,9.333575248718262,11.320588111877441,25.000762939453125,39.08548355102539
2024-09-25,29.887706756591797,53.0784912109375,27.24527931213379,52.40987014770508,9.159546852111816,11.249612808227539,24.927717208862305,37.99675369262695
2024-09-26,29.242359161376953,56.266178131103516,27.59187889099121,52.758140563964844,8.976354598999023,11.391563415527344,25.09207534790039,38.28944778442383
2024-09-27,29.129425048828125,56.01221466064453,27.697359085083008,52.73931121826172,9.159546852111816,11.462538719177246,24.882064819335938,37.89555740356445
2024-09-30,29.04875946044922,55.618133544921875,27.207603454589844,51.25972366333008,8.884759902954102,11.604490280151367,24.818145751953125,37.55663299560547
2024-10-01,29.82317543029785,55.88961410522461,26.76106834411621,52.663978576660156,8.903077125549316,12.065831184387207,24.726835250854492,37.64823532104492
2024-10-02,30.234586715698242,56.19611740112305,26.92691421508789,52.16448211669922,9.022151947021484,12.172293663024902,24.790748596191406,38.2802848815918
2024-10-03,30.60565948486328,55.11895751953125,26.263538360595703,51.457637786865234,8.912238121032715,11.88839054107666,24.56247329711914,37.0986213684082
2024-10-04,30.524991989135742,54.716121673583984,26.316303253173828,51.363399505615234,8.857280731201172,11.781929016113281,24.525951385498047,38.38104248046875
2024-10-07,30.952531814575195,55.197776794433594,26.48969268798828,50.32670593261719,8.71072769165039,11.68433666229248,24.644655227661133,37.94135665893555
2024-10-08,30.33138084411621,53.525115966796875,26.647994995117188,51.18433380126953,8.765685081481934,11.604490280151367,24.63552474975586,39.26042175292969
2024-10-09,30.024845123291016,53.3849983215332,26.158000946044922,50.892173767089844,8.463420867919922,11.604490280151367,24.13331413269043,37.99632263183594
2024-10-10,30.37172508239746,53.63896179199219,26.301237106323242,51.06181335449219,8.435941696166992,11.631105422973633,23.923301696777344,37.66655731201172
2024-10-11,30.347518920898438,54.40961456298828,26.105234146118164,51.052391052246094,8.655771255493164,11.427050590515137,24.04200553894043,38.087921142578125
2024-10-14,30.42012596130371,54.234466552734375,26.271080017089844,51.872318267822266,8.976354598999023,11.462538719177246,24.215496063232422,38.89401626586914
2024-10-15,30.17005157470703,53.568904876708984,26.572616577148438,53.27656555175781,8.884759902954102,11.427050590515137,24.16983985900879,39.04057693481445
2024-10-16,30.01677894592285,54.5935173034668,26.414310455322266,53.898582458496094,8.976354598999023,11.4802827835083,24.434640884399414,39.526065826416016
2024-10-17,29.790912628173828,53.2098503112793,26.467073440551758,52.98440933227539,8.765685081481934,11.409307479858398,24.398117065429688,39.068058013916016
2024-10-18,29.710241317749023,53.02595138549805,26.595226287841797,52.04196548461914,8.609972953796387,11.427050590515137,24.370723724365234,38.70165252685547
2024-10-21,29.242359161376953,52.83328628540039,26.459537506103516,51.872318267822266,8.857280731201172,11.3826904296875,24.306806564331055,38.948978424072266
2024-10-22,29.129425048828125,52.903343200683594,26.504764556884766,52.729949951171875,8.518377304077148,11.373819351196289,24.014610290527344,38.97645568847656
2024-10-23,28.766414642333984,51.975059509277344,26.670604705810547,52.96556091308594,8.38098430633545,11.311716079711914,24.04200553894043,38.81157302856445
2024-10-24,28.960023880004883,52.28157043457031,26.911836624145508,53.031524658203125,8.683249473571777,11.3826904296875,24.069400787353516,39.84667205810547
2024-10-25,29.161693572998047,54.0593147277832,26.610309600830078,52.27757263183594,8.362665176391602,11.311716079711914,24.078533172607422,38.59173583984375
2024-10-28,29.11329460144043,55.0664176940918,26.9344482421875,53.02210235595703,8.674089431762695,11.43592357635498,24.032873153686523,38.820735931396484
2024-10-29,29.04875946044922,54.87375259399414,26.647994995117188,53.66297149658203,8.45426082611084,11.515769004821777,23.89590835571289,38.61005401611328
2024-10-30,28.9196834564209,54.707366943359375,26.572616577148438,50.892173767089844,8.793163299560547,11.471410751342773,24.078533172607422,39.04973220825195
2024-10-31,28.968088150024414,54.34831237792969,26.399229049682617,50.9958381652832,8.66493034362793,11.21412467956543,24.04200553894043,38.490966796875
2024-11-01,28.572811126708984,54.32204055786133,26.2541561126709,51.55188751220703,8.115357398986816,11.125405311584473,23.822864532470703,37.3367919921875
2024-11-04,28.637344360351562,54.88251495361328,26.60863494873047,52.95613098144531,8.958036422729492,11.240740776062012,23.95982551574707,38.839054107666016
2024-11-05,28.54861068725586,54.40085220336914,27.408103942871094,52.7864990234375,9.141225814819336,11.249612808227539,23.96895980834961,38.77493667602539
2024-11-06,28.556684494018555,53.787837982177734,27.27988624572754,52.86189270019531,8.912238121032715,11.089917182922363,24.014610290527344,39.068058013916016
2024-11-07,28.64541244506836,55.66191864013672,26.88015365600586,52.560306549072266,8.591653823852539,11.13427734375,23.914173126220703,38.5184440612793
2024-11-08,29.185895919799805,53.09600830078125,26.457799911499023,51.91944122314453,8.793163299560547,10.939094543457031,23.73155403137207,37.46502685546875
2024-11-11,29.242359161376953,51.3620491027832,26.487964630126953,52.29642105102539,8.609972953796387,11.098790168762207,23.749814987182617,38.99477767944336
2024-11-12,29.790912628173828,50.19731521606445,26.171194076538086,52.230445861816406,8.45426082611084,11.160892486572266,23.695030212402344,41.642059326171875
2024-11-13,29.750572204589844,50.05719757080078,26.03544044494629,51.55188751220703,8.481739044189453,11.293971061706543,23.695030212402344,41.38557815551758
2024-11-14,30.065181732177734,49.77695846557617,25.96001434326172,51.22202682495117,8.24359130859375,11.21412467956543,23.165430068969727,40.973365783691406
2024-11-18,30.815397262573242,50.39873123168945,25.8695068359375,50.892173767089844,8.45426082611084,11.018941879272461,23.475879669189453,39.70926284790039
2024-11-19,30.492721557617188,50.512577056884766,26.103317260742188,51.01469421386719,8.591653823852539,11.027814865112305,23.603721618652344,40.203914642333984
2024-11-21,30.581462860107422,50.46003341674805,25.650789260864258,50.63771438598633,8.37182331085205,10.992325782775879,23.064987182617188,39.8833122253418
2024-11-22,31.7995548248291,50.9504508972168,25.72620964050293,50.90159606933594,8.628291130065918,11.249612808227539,23.375444412231445,40.48788070678711
2024-11-25,31.605947494506836,50.941688537597656,25.71866798400879,49.14864730834961,9.168704986572266,11.125405311584473,23.512409210205078,39.8741455078125
2024-11-26,31.565616607666016,50.29364776611328,26.20890998840332,49.74238586425781,9.745757102966309,11.187508583068848,23.887710571289062,40.37796401977539
2024-11-27,31.452680587768555,50.90666198730469,25.567827224731445,49.11094284057617,8.829801559448242,11.13427734375,23.46895408630371,38.0604362487793
2024-11-28,31.1300048828125,50.38121795654297,24.647682189941406,49.86490249633789,8.234431266784668,11.00119686126709,22.780330657958984,35.7245979309082
2024-11-29,31.380081176757812,51.475887298583984,24.58734703063965,50.83562469482422,8.27107048034668,11.293971061706543,23.050199508666992,34.42386245727539
2024-12-02,31.581756591796875,51.59849548339844,24.238449096679688,50.75080108642578,8.42678165435791,11.7553129196167,22.86408042907715,33.54448318481445
2024-12-03,31.864093780517578,51.20441436767578,24.510114669799805,51.457637786865234,8.52753734588623,12.287629127502441,23.14325714111328,34.00249099731445
2024-12-04,31.662418365478516,50.20606994628906,24.661033630371094,51.834625244140625,8.463420867919922,12.35860538482666,23.422426223754883,33.21471405029297
2024-12-05,31.97702407836914,50.617671966552734,25.189268112182617,51.76865768432617,8.417621612548828,12.793328285217285,23.710899353027344,33.89257049560547
2024-12-06,31.484949111938477,49.75069046020508,24.676128387451172,52.400089263916016,7.82225227355957,12.615890502929688,23.01297378540039,31.89565658569336
2024-12-09,32.29970169067383,52.395416259765625,24.796871185302734,52.54145812988281,7.7489752769470215,12.60701847076416,22.957141876220703,30.640716552734375
2024-12-10,32.42070388793945,52.342872619628906,25.132497787475586,53.60643005371094,7.987123012542725,12.660249710083008,23.106029510498047,31.538410186767578
2024-12-11,32.74338150024414,51.52843475341797,25.37627601623535,55.1803092956543,8.435941696166992,12.243269920349121,23.599233627319336,32.45442581176758
2024-12-12,32.15771484375,50.106380462646484,24.74396514892578,54.47347640991211,7.675699234008789,11.622233390808105,23.286706924438477,30.9155216217041
2024-12-13,31.956417083740234,49.3553581237793,24.424001693725586,54.34153747558594,7.51082706451416,11.604490280151367,22.968095779418945,29.523174285888672
2024-12-16,31.822214126586914,49.328853607177734,24.157360076904297,53.82318878173828,7.1078081130981445,11.391563415527344,22.640111923217773,28.13083267211914
2024-12-17,32.12416458129883,49.57624816894531,24.28687286376953,54.56772994995117,6.842180252075195,11.622233390808105,22.883756637573242,28.561363220214844
2024-12-18,31.29380226135254,48.42762756347656,23.593618392944336,53.766639709472656,6.155214786529541,11.320588111877441,22.246532440185547,27.77686309814453
2024-12-19,31.167991638183594,47.508731842041016,23.72312355041504,53.21059036254883,6.530755996704102,11.33833122253418,22.38709831237793,30.20838165283203
2024-12-20,30.907976150512695,48.25975036621094,23.997377395629883,52.343544006347656,6.68646764755249,11.448415756225586,22.565143585205078,31.257091522216797
2024-12-23,30.91636085510254,48.46296691894531,23.532670974731445,51.191890716552734,6.393362998962402,11.439055442810059,22.41520881652832,30.514644622802734
2024-12-26,31.148773193359375,48.60433578491211,23.685029983520508,51.58827590942383,5.98118257522583,11.364168167114258,22.677595138549805,30.189817428588867
2024-12-27,31.05298614501953,48.365779876708984,23.448871612548828,50.66335678100586,5.962864398956299,11.298641204833984,22.5932559967041,30.16197967529297
2024-12-30,31.514507293701172,48.19790267944336,23.41077423095703,49.80449676513672,5.953704357147217,10.989730834960938,22.64948272705078,29.883560180664062
2025-01-02,32.01958465576172,47.93283462524414,23.302268981933594,49.75730514526367,5.88958740234375,10.858677864074707,22.41520881652832,29.883560180664062
2025-01-03,31.67996597290039,47.04044723510742,22.730573654174805,49.51191711425781,5.733875274658203,10.605931282043457,22.246532440185547,29.95780372619629
2025-01-06,31.53192710876465,46.43962860107422,23.752002716064453,49.5213508605957,6.091097831726074,10.568489074707031,22.45269203186035,29.97636604309082
2025-01-07,32.202449798583984,45.989013671875,24.01116943359375,50.51234436035156,6.045300483703613,10.802512168884277,22.724451065063477,29.697948455810547
2025-01-08,31.941205978393555,45.547237396240234,23.622417449951172,50.21976852416992,5.651439666748047,10.690179824829102,22.640111923217773,28.52859115600586
2025-01-09,32.08053970336914,45.26449966430664,23.68340301513672,51.23907470703125,5.504886627197266,10.67145824432373,22.743192672729492,28.1016845703125
2025-01-10,32.16761779785156,45.52073287963867,23.35563087463379,50.351898193359375,5.523205757141113,10.446795463562012,22.68696403503418,26.793121337890625
2025-01-13,32.28082275390625,45.51189422607422,23.52332305908203,50.25751495361328,5.321695804595947,10.521683692932129,22.68696403503418,26.69103240966797
2025-01-14,32.06311798095703,45.81230163574219,23.538572311401367,49.95550537109375,5.413290977478027,10.49360179901123,23.099285125732422,27.117938995361328
2025-01-15,32.4724006652832,46.47496795654297,24.55999755859375,51.11637496948242,5.834630489349365,10.662097930908203,23.68028450012207,28.74204444885254
2025-01-16,32.26340103149414,46.53681945800781,24.48377227783203,50.65391159057617,5.440769672393799,10.371909141540527,23.783363342285156,28.06456184387207
2025-01-17,32.3940315246582,48.14488983154297,24.659088134765625,51.12580871582031,5.550684452056885,10.381269454956055,23.755250930786133,28.250173568725586
2025-01-20,32.4724006652832,47.968177795410156,24.895395278930664,52.03186798095703,5.596481800079346,10.343827247619629,23.830219268798828,28.380102157592773
2025-01-21,32.481109619140625,47.729618072509766,24.94875144958496,52.50376892089844,5.642279624938965,10.531044006347656,24.04574966430664,28.361541748046875
2025-01-22,32.29823684692383,46.527984619140625,24.857280731201172,53.268253326416016,5.834630489349365,10.315744400024414,24.486181259155273,28.333698272705078
2025-01-23,32.07183074951172,46.227577209472656,24.80392074584961,54.03273010253906,5.761354446411133,10.343827247619629,25.039064407348633,27.869670867919922
2025-01-24,31.9063777923584,46.854896545410156,24.742935180664062,54.61789321899414,5.834630489349365,10.17533016204834,24.945356369018555,28.138809204101562
2025-01-27,32.376609802246094,47.676605224609375,25.33750343322754,50.31414794921875,6.420841217041016,10.409353256225586,25.966787338256836,29.428810119628906
2025-01-28,32.333072662353516,46.51914978027344,25.383237838745117,51.05031204223633,6.191853046417236,10.399991989135742,25.79810905456543,29.113271713256836
2025-01-29,32.13278579711914,46.65167999267578,25.32225799560547,51.3712043762207,6.036140441894531,10.268938064575195,25.71377182006836,28.008878707885742
2025-01-30,32.55948257446289,48.622005462646484,25.93968963623047,53.051177978515625,6.658989429473877,10.399991989135742,25.901187896728516,29.382408142089844
2025-01-31,32.82072448730469,47.86214828491211,25.771991729736328,51.94692611694336,6.8330206871032715,10.390631675720215,25.938671112060547,28.649240493774414
2025-02-03,32.6552734375,47.897491455078125,25.53377342224121,50.87099075317383,6.613191604614258,10.325104713439941,25.873077392578125,29.215354919433594
2025-02-04,32.333072662353516,47.729618072509766,25.625289916992188,51.021995544433594,6.631511211395264,10.203411102294922,26.023008346557617,29.382408142089844
2025-02-05,32.09794998168945,47.9858512878418,26.014251708984375,51.408958435058594,6.301766872406006,10.128524780273438,26.079235076904297,29.31744384765625
2025-02-06,32.0369987487793,48.710365295410156,26.06001091003418,51.46558380126953,6.768904209136963,10.165968894958496,26.379104614257812,29.595861434936523
2025-02-07,31.8541316986084,48.44529724121094,25.869338989257812,50.90874481201172,6.475799083709717,10.156607627868652,26.032379150390625,27.786144256591797
2025-02-10,32.07183074951172,48.94892501831055,26.151527404785156,51.16356658935547,6.649829864501953,10.268938064575195,26.069862365722656,28.055280685424805
2025-02-11,32.07183074951172,48.73686981201172,26.426082611083984,50.12539291381836,6.658989429473877,10.259578704833984,26.294767379760742,28.7977294921875
2025-02-12,31.592884063720703,48.40995788574219,25.693933486938477,49.738426208496094,6.494117259979248,10.22213363647461,25.863704681396484,28.47290802001953
2025-02-13,31.62771987915039,48.471805572509766,25.831207275390625,49.5213508605957,6.420841217041016,10.278299331665039,25.723142623901367,27.60053253173828
2025-02-14,32.603023529052734,49.18748474121094,26.51760482788086,50.776607513427734,6.759744644165039,10.41871452331543,26.941356658935547,29.33600616455078
2025-02-17,32.80331039428711,48.922420501708984,26.570987701416016,49.502479553222656,7.290998458862305,10.390631675720215,27.325565338134766,30.134140014648438
2025-02-18,33.4041633605957,49.249332427978516,26.526546478271484,49.917747497558594,7.0345306396484375,10.381269454956055,27.597322463989258,29.697948455810547
2025-02-19,33.47383117675781,49.20515441894531,26.278854370117188,49.275962829589844,6.823861598968506,10.268938064575195,27.0444393157959,28.25945472717285
2025-02-20,33.52607345581055,51.016441345214844,26.206945419311523,49.172142028808594,6.750584602355957,10.334465026855469,26.238542556762695,28.166648864746094
2025-02-21,33.4302864074707,51.387535095214844,26.127046585083008,49.9743766784668,6.668148994445801,10.409353256225586,26.219797134399414,27.136499404907227
2025-02-24,33.19517135620117,50.91925048828125,25.983230590820312,48.65304946899414,6.292608261108398,10.325104713439941,26.06049346923828,25.86505889892578
2025-02-25,33.04713439941406,50.42445755004883,26.24689483642578,49.45528793334961,6.759744644165039,10.381269454956055,26.454071044921875,26.30124855041504
2025-02-26,33.04713439941406,50.11521530151367,26.182973861694336,45.160980224609375,6.741425037384033,10.952286720275879,26.30413818359375,25.65160369873047
2025-02-27,31.880252838134766,49.74412155151367,26.15900421142578,46.151973724365234,6.695627212524414,11.53266429901123,26.20105743408203,25.61448097229004
2025-02-28,31.288097381591797,48.72803497314453,25.519813537597656,45.69894790649414,6.549074649810791,11.439055442810059,25.59194564819336,26.07851219177246
2025-03-05,30.147348403930664,49.116798400878906,25.90165901184082,45.25508499145508,6.668148994445801,11.963266372680664,26.023008346557617,26.07851219177246
2025-03-06,29.83385467529297,49.65576934814453,25.949628829956055,44.903682708740234,6.512436866760254,12.028794288635254,25.985523223876953,26.282684326171875
2025-03-07,30.15605354309082,50.38028335571289,26.061546325683594,45.48302459716797,7.199402809143066,12.2628173828125,26.294767379760742,27.67477798461914
2025-03-10,30.147348403930664,49.56492233276367,26.29338264465332,45.28358459472656,7.556624412536621,12.281538009643555,26.210430145263672,27.609811782836914
2025-03-11,29.69452476501465,49.9780387878418,26.061546325683594,44.25785827636719,7.60242223739624,12.038154602050781,25.97615623474121,27.860389709472656
2025-03-12,29.69452476501465,49.3537712097168,26.14149284362793,44.82770919799805,7.858889579772949,12.197290420532227,25.947782516479492,28.166648864746094
2025-03-13,29.990596771240234,50.03312301635742,26.565187454223633,44.390830993652344,7.7489752769470215,12.478117942810059,26.369853973388672,29.011186599731445
2025-03-14,30.913654327392578,51.676414489746094,27.428585052490234,44.390830993652344,8.793163299560547,12.768306732177734,26.743959426879883,30.486797332763672
2025-03-17,31.488386154174805,52.420021057128906,28.251996994018555,45.25508499145508,9.287778854370117,12.822733879089355,27.300329208374023,30.969392776489258
2025-03-18,31.514507293701172,52.80560302734375,28.403884887695312,45.25508499145508,9.187024116516113,12.80383586883545,27.338699340820312,30.52392578125
2025-03-19,31.488386154174805,52.71379852294922,28.474241256713867,45.720462799072266,9.553406715393066,12.926677703857422,27.23318099975586,31.182846069335938
2025-03-20,31.558055877685547,52.54854965209961,28.210430145263672,45.49251937866211,9.498449325561523,12.851083755493164,27.098886489868164,30.755935668945312
2025-03-21,32.04570388793945,52.74134063720703,28.2719783782959,45.44503402709961,9.251140594482422,12.973922729492188,27.213998794555664,31.05291748046875
2025-03-24,32.002166748046875,52.46592712402344,28.298364639282227,45.055660247802734,9.351896286010742,12.794386863708496,27.204402923583984,30.19910430908203
2025-03-25,32.25469970703125,52.64035415649414,28.527002334594727,44.713172912597656,9.580883979797363,12.851083755493164,27.309921264648438,30.8487491607666
2025-03-26,32.55948257446289,52.961666107177734,28.21921730041504,44.47533416748047,9.608363151550293,12.643197059631348,27.636066436767578,32.31508255004883
2025-03-27,32.80331039428711,53.383968353271484,28.254392623901367,44.13285827636719,9.956425666809082,12.718792915344238,27.52095603942871,32.67843246459961
2025-03-28,32.59431457519531,52.842323303222656,27.86747169494629,43.61912536621094,9.672480583190918,12.690444946289062,27.472991943359375,32.424530029296875
2025-03-31,32.35919952392578,52.05281066894531,27.621244430541992,43.07686233520508,9.2969388961792,12.756589889526367,27.041332244873047,31.58757972717285
2025-04-01,32.481109619140625,52.502647399902344,27.62797737121582,43.14344787597656,9.571724891662598,12.8605318069458,27.175626754760742,33.007572174072266
2025-04-02,32.3940315246582,52.26395797729492,27.63677215576172,42.71534729003906,10.249530792236328,12.917228698730469,27.194814682006836,34.2770881652832
2025-04-03,31.34906005859375,50.37279510498047,28.129497528076172,42.116004943847656,10.80826473236084,13.087316513061523,27.348289489746094,35.019996643066406
2025-04-04,30.086389541625977,48.3622932434082,27.399208068847656,41.5927619934082,9.919788360595703,12.955025672912598,26.839887619018555,33.94795227050781
2025-04-07,28.893383026123047,47.78392791748047,27.452001571655273,41.85913848876953,9.287778854370117,12.454211235046387,26.55211067199707,33.67524337768555
2025-04-08,27.86583137512207,45.167518615722656,27.460800170898438,41.85913848876953,8.042080879211426,12.510907173156738,26.504148483276367,33.57179641723633
2025-04-09,28.997879028320312,47.600318908691406,27.96232795715332,43.20053482055664,8.948875427246094,12.917228698730469,26.619258880615234,34.766090393066406
2025-04-10,27.195308685302734,48.454097747802734,27.847942352294922,42.7248649597168,9.351896286010742,12.851083755493164,26.437000274658203,35.17045974731445
2025-04-11,27.735212326049805,49.26197052001953,27.988723754882812,42.924644470214844,9.590044021606445,12.737689971923828,26.667221069335938,36.27070999145508
2025-04-14,27.630712509155273,49.904598236083984,28.446252822875977,43.5905876159668,9.608363151550293,12.926677703857422,26.926219940185547,36.91957473754883
2025-04-15,26.995023727416992,49.39967727661133,28.807004928588867,43.5905876159668,9.571724891662598,12.907777786254883,26.638444900512695,37.05123519897461
2025-04-16,26.995023727416992,48.25212860107422,28.763004302978516,43.609619140625,9.48012924194336,13.125113487243652,26.523332595825195,36.439979553222656
2025-04-17,27.528759002685547,48.545902252197266,28.8158016204834,43.714263916015625,9.34273624420166,13.229055404663086,26.312299728393555,37.850563049316406
2025-04-22,27.591222763061523,49.40885543823242,29.378923416137695,43.99015808105469,9.287778854370117,13.247955322265625,26.648038864135742,36.81613540649414
2025-04-23,27.27890396118164,49.996402740478516,29.99483299255371,44.01869201660156,8.73820686340332,13.2763032913208,26.897443771362305,37.954002380371094
2025-04-24,27.153974533081055,50.776737213134766,30.57554817199707,46.22581481933594,9.681638717651367,13.370795249938965,26.57129669189453,39.12008285522461
2025-04-25,27.23428726196289,49.436397552490234,30.46116065979004,47.46255874633789,9.571724891662598,13.31410026550293,26.86866569519043,40.2579460144043
2025-04-28,27.127206802368164,49.61082458496094,30.786720275878906,47.87163543701172,9.43508243560791,13.51253604888916,27.194814682006836,40.49304962158203
2025-04-29,27.26997947692871,49.427215576171875,31.033082962036133,48.01433563232422,9.416211128234863,13.710970878601074,27.338699340820312,40.605892181396484
2025-04-30,26.76134490966797,48.52754211425781,31.305835723876953,42.46800231933594,8.793496131896973,13.767667770385742,27.751174926757812,40.39900588989258
2025-05-02,27.493066787719727,48.47245788574219,31.22454261779785,42.25870132446289,8.80293083190918,13.342448234558105,27.722400665283203,40.530662536621094
2025-05-05,26.466873168945312,48.61934280395508,30.669946670532227,40.46066665649414,8.359482765197754,13.285752296447754,27.933435440063477,40.49304962158203
2025-05-06,26.90412139892578,48.656063079833984,30.511493682861328,40.860233306884766,8.246260643005371,13.427492141723633,27.722400665283203,39.49623489379883
2025-05-07,27.0290470123291,48.56426239013672,30.84601402282715,39.90888977050781,8.057559967041016,13.484188079833984,28.115690231323242,39.58087158203125
2025-05-08,27.403831481933594,48.41737747192383,31.092500686645508,40.15623092651367,8.510443687438965,13.578680992126465,28.211618423461914,41.28297424316406
2025-05-09,27.58230209350586,48.610164642333984,32.773887634277344,39.75666809082031,7.916033744812012,13.493637084960938,28.32672882080078,38.555850982666016
2025-05-12,28.242631912231445,49.831153869628906,32.1136589050293,40.59385681152344,8.284001350402832,13.50308609008789,27.88547134399414,39.02604293823242
2025-05-13,28.670957565307617,50.64820861816406,32.50979232788086,41.85913848876953,8.642535209655762,13.465288162231445,28.451431274414062,39.25173568725586
2025-05-14,28.474641799926758,50.40033721923828,32.7298698425293,41.92573165893555,8.82180118560791,13.446390151977539,28.5473575592041,37.342750549316406
2025-05-15,28.438949584960938,50.9052619934082,33.17002868652344,42.02086639404297,9.152029991149902,13.616477012634277,28.202024459838867,38.32075119018555
2025-05-16,28.572799682617188,50.94198226928711,33.363685607910156,42.81048583984375,9.227509498596191,13.719446182250977,24.624013900756836,39.34577178955078
2025-05-19,28.537105560302734,50.80427551269531,33.759830474853516,42.382381439208984,9.340730667114258,13.65270709991455,24.019683837890625,39.590267181396484
2025-05-20,28.653108596801758,50.813453674316406,33.715816497802734,42.36335372924805,9.05767822265625,13.624105453491211,24.460941314697266,39.2141227722168
2025-05-21,28.331867218017578,50.16164779663086,33.0379753112793,41.335899353027344,8.689709663391113,13.500162124633789,24.23072052001953,37.954002380371094
2025-05-22,27.95708465576172,49.785255432128906,32.809104919433594,41.54519271850586,8.93502140045166,13.44295883178711,24.029277801513672,38.1420783996582
2025-05-23,28.019548416137695,49.86787796020508,33.205238342285156,41.56422424316406,8.491573333740234,13.576434135437012,23.42494773864746,38.170291900634766
2025-05-26,27.930313110351562,49.583282470703125,33.275665283203125,41.602272033691406,8.529313087463379,13.595502853393555,23.664762496948242,38.414791107177734
2025-05-27,28.13555335998535,49.427215576171875,33.539764404296875,42.420433044433594,8.812366485595703,13.538298606872559,23.568836212158203,40.107486724853516
2025-05-28,28.04631805419922,49.03246307373047,33.26686096191406,42.487030029296875,9.010502815246582,13.44295883178711,23.098800659179688,40.737548828125
2025-05-29,27.876773834228516,49.069183349609375,33.00276565551758,41.87816619873047,8.567054748535156,13.404823303222656,22.734285354614258,40.85039138793945
2025-05-30,27.573375701904297,47.829830169677734,32.949947357177734,40.289424896240234,8.699145317077637,13.376220703125,22.465696334838867,40.39900588989258
2025-06-02,27.733997344970703,48.25212860107422,32.71889114379883,39.813751220703125,9.001068115234375,13.261812210083008,22.331401824951172,40.7281379699707
2025-06-03,27.7424259185791,48.22458267211914,32.613197326660156,39.67105484008789,9.670958518981934,13.357152938842773,22.453245162963867,40.54946517944336
2025-06-04,26.979463577270508,48.444915771484375,32.533935546875,41.06000518798828,9.472821235656738,13.423890113830566,21.83768653869629,41.09489440917969
2025-06-05,26.98865509033203,48.57344055175781,32.137611389160156,40.470176696777344,9.491691589355469,13.223676681518555,21.730209350585938,41.56508255004883
2025-06-06,27.27361488342285,48.63770294189453,32.21687316894531,40.498722076416016,8.963327407836914,13.423890113830566,21.21235466003418,41.18893051147461
2025-06-09,26.814001083374023,48.92229461669922,32.049537658691406,40.755584716796875,8.944457054138184,13.30948257446289,21.23189926147461,41.057273864746094
2025-06-10,27.6229248046875,49.25279235839844,31.99985122680664,40.241851806640625,8.963327407836914,13.156938552856445,21.046255111694336,41.36760330200195
2025-06-11,28.542156219482422,48.821311950683594,32.29317855834961,40.23234558105469,9.001068115234375,13.261812210083008,20.909461975097656,41.377010345458984
2025-06-12,29.185617446899414,48.5,32.54206466674805,40.203800201416016,9.07654857635498,13.156938552856445,20.92900276184082,41.80958557128906
2025-06-13,29.902618408203125,47.85737228393555,32.150962829589844,40.32748031616211,8.434962272644043,13.00439453125,21.095108032226562,41.395816802978516
2025-06-16,29.608463287353516,49.41803741455078,32.73762130737305,40.470176696777344,9.001068115234375,13.04253101348877,21.476167678833008,42.3079948425293
2025-06-17,30.279504776000977,47.19638442993164,32.93318176269531,39.39515686035156,8.80293083190918,12.842315673828125,21.39800262451172,41.94123840332031
2025-06-18,30.251928329467773,47.04031753540039,32.73762130737305,39.82326126098633,8.82180118560791,12.861383438110352,21.310062408447266,42.204551696777344
2025-06-20,30.169198989868164,45.8285026550293,32.56874465942383,39.61396408081055,8.35004711151123,12.899519920349121,20.86060905456543,40.681121826171875
2025-06-23,29.41542625427246,46.40686798095703,32.49761962890625,39.6655158996582,8.406658172607422,12.928122520446777,20.606569290161133,39.88179397583008
2025-06-24,28.83631134033203,46.39768981933594,33.110958099365234,39.5129508972168,8.58592414855957,12.880452156066895,20.948545455932617,40.91621780395508
2025-06-25,28.689233779907227,46.34260559082031,32.51539993286133,39.87527847290039,8.614230155944824,12.537226676940918,20.77267074584961,40.57768249511719
2025-06-26,28.91904067993164,47.7380256652832,32.27540969848633,41.06715393066406,8.887846946716309,12.699305534362793,21.104877471923828,37.62486267089844
2025-06-27,28.689233779907227,48.536720275878906,32.23985290527344,40.38064193725586,8.774625778198242,12.537226676940918,21.23189926147461,38.13267135620117
2025-06-30,28.845502853393555,48.334754943847656,32.84428787231445,40.79064178466797,9.29355525970459,12.699305534362793,21.583646774291992,38.586143493652344
2025-07-01,28.946617126464844,48.98655700683594,32.99338150024414,40.52366256713867,9.16146469116211,12.756509780883789,21.40777015686035,38.690895080566406
2025-07-02,29.46138572692871,50.767555236816406,32.726585388183594,40.45691680908203,8.557619094848633,13.013927459716797,21.485937118530273,36.46257400512695
2025-07-03,29.5625057220459,50.528865814208984,33.53586196899414,40.72389221191406,8.6708402633667,12.851849555969238,21.788833618164062,37.376747131347656
2025-07-04,29.525732040405273,50.675750732421875,33.553646087646484,41.000404357910156,8.727449417114258,12.889986991882324,21.91585350036621,37.31009292602539
2025-07-07,29.470582962036133,49.9321403503418,33.10899353027344,40.361572265625,8.595359802246094,12.775577545166016,21.55433464050293,36.843475341796875
2025-07-08,29.893428802490234,50.1065673828125,33.02895736694336,38.7215461730957,8.397222518920898,12.756509780883789,21.495710372924805,36.45304870605469
2025-07-09,29.709579467773438,49.61082458496094,32.34419631958008,38.24480056762695,8.066994667053223,12.68977165222168,20.958316802978516,35.54838943481445
2025-07-10,29.636043548583984,50.74919128417969,31.34815788269043,38.04457092285156,7.8688578605651855,12.61349868774414,20.723817825317383,36.424476623535156
2025-07-11,29.994544982910156,51.41018295288086,31.09026527404785,37.90154266357422,7.585805416107178,12.708839416503906,20.655424118041992,34.910362243652344
2025-07-14,29.599273681640625,50.822635650634766,31.036901473999023,37.6917724609375,7.500889301300049,12.670703887939453,20.205968856811523,34.719905853271484
2025-07-15,29.36946678161621,49.491477966308594,31.143617630004883,37.825260162353516,7.595240592956543,12.651636123657227,20.42092514038086,35.148433685302734
2025-07-16,29.222389221191406,49.941322326660156,31.294801712036133,39.20783233642578,7.651850700378418,13.04253101348877,20.401384353637695,35.23413848876953
2025-07-17,28.928234100341797,49.849517822265625,31.766136169433594,40.13272476196289,7.736766815185547,12.832782745361328,20.26459503173828,35.57695770263672
2025-07-18,28.487003326416016,50.08820724487305,31.188079833984375,40.39970397949219,7.434844017028809,12.699305534362793,19.795595169067383,34.091407775878906
2025-07-21,28.542156219482422,51.456085205078125,31.55270004272461,40.018306732177734,7.170661926269531,12.794646263122559,19.404762268066406,34.110450744628906
2025-07-22,28.81792640686035,52.7872428894043,31.125837326049805,39.398536682128906,7.0763115882873535,12.775577545166016,19.4340763092041,34.091407775878906
2025-07-23,29.406234741210938,52.71379852294922,31.47266960144043,36.24245834350586,7.359364032745361,12.956724166870117,19.74673843383789,34.500885009765625
2025-07-24,29.360273361206055,51.89674377441406,31.179183959960938,34.545230865478516,7.114051342010498,12.870918273925781,19.609949111938477,34.253292083740234
2025-07-25,29.39704132080078,51.134769439697266,31.312591552734375,34.48801803588867,7.0763115882873535,12.842315673828125,19.776052474975586,34.45327377319336
2025-07-28,29.43381118774414,50.63903045654297,30.654499053955078,35.188777923583984,6.774388790130615,12.451421737670898,19.482929229736328,33.49147415161133
2025-07-29,29.819887161254883,50.3268928527832,30.83236312866211,35.045074462890625,6.585687160491943,12.575363159179688,19.49270248413086,33.777156829833984
2025-07-30,30.12323570251465,49.427215576171875,31.188079833984375,35.303741455078125,6.925350189208984,12.537226676940918,19.443843841552734,33.89142990112305
2025-07-31,30.003734588623047,49.078365325927734,31.26811981201172,35.552833557128906,6.661167144775391,11.879380226135254,19.248430252075195,32.97724914550781
2025-08-01,29.608463287353516,49.3445930480957,31.079177856445312,35.619895935058594,6.812129020690918,11.717302322387695,17.929378509521484,32.72965621948242
2025-08-04,29.5625057220459,49.73935317993164,31.408388137817383,35.5145149230957,6.774388790130615,11.831710815429688,18.2908935546875,32.72013473510742
2025-08-05,29.700389862060547,49.675086975097656,31.75539779663086,35.57199478149414,6.793258190155029,11.784039497375488,18.19318962097168,32.93915939331055
2025-08-06,29.737154006958008,49.36295700073242,32.155792236328125,36.558773040771484,6.925350189208984,11.89844799041748,18.27135467529297,33.71049880981445
2025-08-07,29.902618408203125,49.72098922729492,32.7252311706543,37.363525390625,7.000830173492432,11.955652236938477,18.476537704467773,33.948570251464844
2025-08-08,28.06415557861328,50.85017776489258,32.947662353515625,36.50129318237305,6.64229679107666,11.793574333190918,18.496082305908203,33.71049880981445
2025-08-11,28.238807678222656,50.79509735107422,33.15231704711914,35.65821838378906,6.623426914215088,11.736371040344238,18.662185668945312,32.92963409423828
2025-08-12,28.312345504760742,51.32756042480469,33.837432861328125,35.07381057739258,6.632862567901611,11.6600980758667,18.798974990844727,32.77726745605469
2025-08-13,28.10092544555664,51.39919662475586,33.517120361328125,35.08339309692383,6.349809646606445,11.555224418640137,18.838058471679688,33.13913345336914
2025-08-14,27.7424259185791,50.76252365112305,33.47262191772461,34.95885467529297,6.302634239196777,11.459884643554688,19.394994735717773,32.75822067260742
2025-08-15,27.733232498168945,50.66749954223633,33.35696029663086,34.46066665649414,6.246023178100586,11.478952407836914,20.176654815673828,32.586814880371094
2025-08-18,27.907886505126953,50.553470611572266,33.597190856933594,34.882205963134766,6.519641399383545,11.507554054260254,20.58702850341797,33.21531677246094
2025-08-19,27.613731384277344,50.59148025512695,32.62098693847656,34.1061897277832,6.472465991973877,11.507554054260254,19.34613800048828,32.186859130859375
2025-08-20,27.779193878173828,50.36341857910156,32.638954162597656,34.55646896362305,6.302634239196777,11.53615665435791,19.404762268066406,31.65359115600586
2025-08-21,27.84354019165039,50.79103469848633,32.67490005493164,34.40318298339844,6.302634239196777,11.498021125793457,19.23866081237793,31.139358520507812
2025-08-22,28.644418716430664,52.06437301635742,33.59125900268555,35.92646789550781,6.5102057456970215,11.641030311584473,20.030094146728516,32.96772384643555
2025-08-25,28.813636779785156,52.187904357910156,33.42056655883789,36.14681625366211,6.717778205871582,11.555224418640137,19.590410232543945,32.96772384643555
2025-08-26,28.6068172454834,52.65353012084961,33.19596862792969,36.012691497802734,6.604557037353516,11.612428665161133,19.912843704223633,32.77726745605469
2025-08-27,28.823036193847656,52.625022888183594,33.75297546386719,36.15639877319336,6.774388790130615,11.583826065063477,20.157114028930664,33.32958984375
2025-08-28,29.076860427856445,52.64402770996094,34.453731536865234,36.233036041259766,7.397103786468506,11.679166793823242,20.567485809326172,33.98665237426758
2025-08-29,29.236677169799805,52.79607009887695,34.579505920410156,36.079750061035156,7.727332592010498,11.774506568908691,20.89969253540039,34.12950134277344
2025-09-01,29.302480697631836,52.834075927734375,34.85602951049805,36.22346115112305,7.8122477531433105,11.726836204528809,20.606569290161133,34.3294792175293
2025-09-02,29.452896118164062,52.634525299072266,34.2628059387207,36.09891128540039,7.689590930938721,11.593360900878906,19.951929092407227,34.281864166259766
2025-09-03,29.19906997680664,52.834075927734375,33.96619415283203,36.26177978515625,7.755636692047119,11.345476150512695,19.81513786315918,34.62468338012695
2025-09-04,29.19906997680664,52.938602447509766,34.10102081298828,35.68695831298828,8.161346435546875,11.593360900878906,19.951929092407227,35.23413848876953
2025-09-05,28.757230758666992,53.42323684692383,34.47852325439453,36.26177978515625,8.746320724487305,11.679166793823242,20.66519546508789,36.28163528442383
2025-09-08,28.870040893554688,53.556270599365234,34.31673812866211,35.86898422241211,8.406658172607422,11.57429313659668,20.46977996826172,35.624568939208984
2025-09-09,29.09566307067871,53.39472579956055,34.02013397216797,35.428287506103516,8.416093826293945,11.755438804626465,20.909461975097656,35.48172378540039
2025-09-10,29.62211036682129,53.76532745361328,34.04710006713867,35.7156982421875,8.727449417114258,11.784039497375488,21.5445613861084,35.55791091918945
2025-09-11,29.50929832458496,54.18343734741211,34.11001205444336,35.28458023071289,9.43508243560791,11.93658447265625,21.710664749145508,36.843475341796875
2025-09-12,29.31188201904297,54.164432525634766,33.59769058227539,35.3995475769043,9.29355525970459,11.993788719177246,21.798603057861328,36.06261444091797
2025-09-15,29.565706253051758,54.639556884765625,34.15495300292969,34.97800827026367,9.982316017150879,12.041459083557129,21.368690490722656,36.46257400512695
2025-09-16,29.640913009643555,54.82960891723633,34.06507110595703,35.22710037231445,10.133277893066406,12.117731094360352,21.437084197998047,37.23391342163086
2025-09-17,29.81952667236328,54.92463302612305,34.55043411254883,35.169612884521484,10.671077728271484,12.194003105163574,21.368690490722656,38.18618392944336
2025-09-18,29.528100967407227,54.820106506347656,34.59537124633789,35.188777923583984,10.595597267150879,11.93658447265625,21.59341812133789,37.995731353759766
2025-09-19,29.19906997680664,55.03866195678711,35.05376434326172,34.82472229003906,10.482375144958496,11.965187072753906,21.124420166015625,37.757667541503906
2025-09-22,29.49049949645996,55.11468505859375,34.55043411254883,35.552833557128906,10.227627754211426,11.784039497375488,21.01694107055664,37.262481689453125
2025-09-23,29.988744735717773,54.80109786987305,35.09870529174805,35.1600341796875,10.378589630126953,11.879380226135254,21.62272834777832,38.652801513671875
2025-09-24,30.665605545043945,55.010154724121094,34.865020751953125,35.342063903808594,10.265368461608887,11.803108215332031,21.603187561035156,38.61470413208008
2025-09-25,30.421186447143555,55.31423568725586,34.58638381958008,34.82472229003906,10.3974609375,11.879380226135254,21.290523529052734,38.32902908325195
2025-09-26,30.317773818969727,54.24995422363281,34.75715637207031,34.79597854614258,10.557855606079102,11.879380226135254,21.603187561035156,38.66217803955078
2025-09-29,29.904136657714844,54.43050003051758,34.954898834228516,34.949954986572266,10.02005672454834,11.831710815429688,21.612960815429688,38.64288330078125
2025-09-30,29.575105667114258,54.715579986572266,35.116676330566406,35.161373138427734,9.05767822265625,11.52662181854248,21.583646774291992,38.05445861816406
2025-10-01,29.49989891052246,55.409263610839844,34.48511505126953,34.39261245727539,9.05767822265625,11.431282043457031,21.42731285095215,38.56570816040039
2025-10-02,29.217872619628906,55.77986145019531,34.10744094848633,34.71933364868164,8.642535209655762,11.374077796936035,21.261211395263672,37.40816116333008
2025-10-03,29.142667770385742,55.67533493041992,34.359230041503906,34.97878646850586,8.633099555969238,11.316873550415039,21.085336685180664,37.62037658691406
2025-10-06,28.879440307617188,56.625587463378906,33.963565826416016,34.28689956665039,8.453832626342773,11.297805786132812,20.919233322143555,36.86797332763672
2025-10-07,28.982851028442383,55.82737350463867,33.42402648925781,34.33495330810547,8.472702026367188,11.164329528808594,20.723817825317383,35.50785446166992
2025-10-08,28.813636779785156,56.25498962402344,33.48697280883789,34.113929748535156,8.576488494873047,11.326408386230469,20.635883331298828,35.46926498413086
2025-10-09,28.39999771118164,56.16946792602539,33.43302536010742,35.74755096435547,8.463268280029297,11.173864364624023,20.704275131225586,35.4113883972168
2025-10-10,28.146175384521484,55.941402435302734,33.39706039428711,35.257469177246094,8.312307357788086,11.25967025756836,20.137571334838867,34.53357696533203
2025-10-13,28.418798446655273,56.77762985229492,33.53194808959961,36.36256790161133,8.114171028137207,11.307339668273926,20.401384353637695,34.86155319213867
2025-10-14,28.22138214111328,56.77762985229492,33.67581558227539,35.87247848510742,8.284001350402832,11.488486289978027,20.225509643554688,34.601104736328125
2025-10-15,27.967559814453125,57.8324089050293,33.67581558227539,35.95896530151367,8.406658172607422,11.431282043457031,19.854219436645508,35.48855972290039
2025-10-16,27.68553352355957,57.30026626586914,33.59488296508789,36.92953109741211,7.736766815185547,11.583826065063477,19.903074264526367,34.82296371459961
2025-10-17,27.94875717163086,57.13872528076172,33.7117919921875,38.582374572753906,7.925468921661377,11.793574333190918,20.42092514038086,35.30527877807617
2025-10-20,27.967559814453125,57.87042236328125,34.314266204833984,37.99618911743164,7.8688578605651855,11.784039497375488,20.29390525817871,35.662193298339844
2025-10-21,27.7419376373291,57.775394439697266,33.99053955078125,38.12111282348633,7.887727737426758,11.650564193725586,20.06917953491211,36.02874755859375
2025-10-22,28.061569213867188,58.80167007446289,34.2692985534668,38.45745086669922,7.8688578605651855,11.507554054260254,20.21573829650879,36.453182220458984
2025-10-23,28.381196975708008,58.6876335144043,34.2423210144043,39.82200622558594,7.425409317016602,11.555224418640137,20.176654815673828,36.84867858886719
2025-10-24,28.052165985107422,58.65913009643555,34.197364807128906,39.754737854003906,7.623546123504639,11.545689582824707,20.049636840820312,37.37922668457031
2025-10-27,28.202579498291016,58.592613220214844,34.48511505126953,40.043025970458984,8.038689613342285,11.583826065063477,20.3720703125,37.92905807495117
2025-10-28,28.193180084228516,59.10574722290039,34.602012634277344,40.66764831542969,8.170781135559082,11.469417572021484,20.47954750061035,37.78436279296875
2025-10-29,28.22138214111328,60.179534912109375,35.375343322753906,40.40818786621094,8.048124313354492,11.469417572021484,20.73358726501465,38.36314010620117
2025-10-30,28.099170684814453,60.635658264160156,35.33038330078125,39.83161544799805,8.019819259643555,12.003323554992676,21.134191513061523,37.851890563964844
2025-10-31,27.967559814453125,62.013526916503906,35.46526336669922,40.456233978271484,7.991513252258301,12.117731094360352,21.39800262451172,38.0448112487793
2025-11-03,28.296588897705078,62.09904479980469,36.05690002441406,41.12890625,7.8688578605651855,12.308411598205566,21.573875427246094,38.24738693237305
2025-11-04,28.43760108947754,61.405364990234375,35.94894027709961,41.08085632324219,7.906598091125488,12.546761512756348,21.759521484375,39.45316696166992
2025-11-05,29.00165367126465,62.46014404296875,36.101890563964844,41.81118392944336,8.246260643005371,12.56583023071289,22.09172821044922,40.099464416503906
2025-11-06,29.152069091796875,62.24158477783203,36.101890563964844,42.1955680847168,7.538629531860352,12.470489501953125,22.335996627807617,39.6943244934082
2025-11-07,30.251968383789062,61.55739974975586,36.13786697387695,43.243011474609375,7.6801557540893555,12.508625030517578,22.365310668945312,39.44352340698242
2025-11-10,30.421186447143555,61.96601104736328,36.380767822265625,43.59856414794922,7.944338321685791,12.56583023071289,22.257831573486328,40.5817756652832
2025-11-11,31.210857391357422,61.80447006225586,37.08247756958008,44.2327880859375,8.576488494873047,12.956724166870117,22.93201446533203,41.720035552978516
2025-11-12,30.411779403686523,62.488651275634766,36.2368278503418,43.13730239868164,8.633099555969238,12.985326766967773,22.277368545532227,41.53675842285156
2025-11-13,30.543397903442383,62.40312576293945,36.380767822265625,43.070037841796875,8.54818344116211,12.994860649108887,21.984249114990234,40.55284118652344
2025-11-14,30.740812301635742,62.02302169799805,36.52470397949219,42.70486831665039,9.048243522644043,13.052063941955566,21.925626754760742,42.49173355102539
2025-11-17,30.9100284576416,61.97551345825195,36.254817962646484,42.25322723388672,8.614230155944824,13.118803024291992,21.984249114990234,41.64286422729492
2025-11-18,31.013439178466797,61.785457611083984,36.07489776611328,41.74391555786133,8.93502140045166,13.09973430633545,21.37845802307129,41.478878021240234
2025-11-19,30.85362434387207,61.71894073486328,35.8499870300293,41.945716857910156,8.80293083190918,12.785111427307129,21.085336685180664,41.23772430419922
2025-11-21,30.618600845336914,61.91850280761719,35.957942962646484,41.532508850097656,9.085983276367188,12.985326766967773,21.495710372924805,40.55284118652344
2025-11-24,30.59039878845215,61.85197830200195,35.822994232177734,41.50367736816406,9.340730667114258,13.128336906433105,21.33937644958496,41.44994354248047
2025-11-25,30.345975875854492,62.33660888671875,35.90396499633789,41.282657623291016,9.680394172668457,13.09973430633545,21.466398239135742,41.9708366394043
2025-11-26,30.29897117614746,63.267860412597656,36.74961471557617,42.666439056396484,9.538866996765137,13.03299617767334,21.710664749145508,43.17662048339844
2025-11-27,30.458789825439453,63.030296325683594,36.62367248535156,42.330101013183594,9.54830265045166,13.080667495727539,21.652042388916016,43.11874008178711
2025-11-28,29.88533592224121,64.04706573486328,37.46031188964844,42.52228927612305,9.699263572692871,13.214141845703125,21.95493507385254,43.649288177490234
2025-12-01,29.941740036010742,64.54119110107422,37.17020034790039,43.415977478027344,9.755874633789062,13.357152938842773,21.749752044677734,43.793983459472656
2025-12-02,30.148557662963867,65.0733413696289,37.99820327758789,43.829193115234375,9.991751670837402,13.347618103027344,22.114330291748047,45.867923736572266
2025-12-03,30.37417984008789,67.17340087890625,37.99820327758789,43.29105758666992,10.60503101348877,13.490629196166992,21.9825439453125,45.549598693847656
2025-12-04,30.571598052978516,68.34220886230469,38.9342155456543,44.16761016845703,10.991869926452637,13.299948692321777,22.365619659423828,47.84540557861328
2025-12-05,29.49049949645996,66.7267837524414,37.13419723510742,45.33246612548828,9.916271209716797,12.975791931152344,20.784212112426758,44.305233001708984
2025-12-08,29.76312255859375,66.2706527709961,37.31420135498047,46.37113571166992,9.944576263427734,12.985326766967773,21.216398239135742,44.392051696777344
2025-12-09,29.951141357421875,66.30867004394531,37.23319625854492,46.26435852050781,9.453951835632324,13.00439453125,21.108352661132812,43.40813064575195
2025-12-10,30.026348114013672,67.52498626708984,37.52622985839844,47.05064010620117,9.425646781921387,12.966259002685547,21.216398239135742,44.36310577392578
2025-12-11,29.528100967407227,68.41822814941406,37.497684478759766,47.128292083740234,9.03880786895752,13.137870788574219,21.186931610107422,45.09622573852539
2025-12-12,29.697317123413086,68.61000061035156,37.8306999206543,48.06989288330078,9.31242561340332,13.385754585266113,21.314620971679688,45.8100471496582
2025-12-15,29.80072784423828,69.02999877929688,38.401588439941406,48.2252082824707,9.284119606018066,13.614570617675781,21.619115829467773,46.070491790771484
2025-12-16,28.898244857788086,69.29000091552734,37.412052154541016,48.47758865356445,8.963327407836914,13.500162124633789,21.324443817138672,43.69751739501953
2025-12-17,29.217872619628906,70.16999816894531,37.07903289794922,48.3416862487793,8.680274963378906,13.366686820983887,21.167285919189453,42.06730270385742
2025-12-18,29.04865837097168,70.3499984741211,37.26932144165039,48.535831451416016,8.82180118560791,13.271346092224121,21.206575393676758,42.28740692138672
2025-12-19,29.152069091796875,70.8499984741211,37.611854553222656,48.264034271240234,8.727449417114258,13.243124961853027,21.059240341186523,42.7364387512207
2025-12-22,29.236677169799805,72.91999816894531,37.6879768371582,47.44621276855469,8.482137680053711,13.083568572998047,20.92172622680664,42.3947868347168
2025-12-23,29.393901824951172,72.9000015258789,38.30643844604492,48.06343078613281,8.765191078186035,13.432597160339355,21.36373519897461,43.82974624633789
2025-12-26,29.490880966186523,73.12000274658203,38.31880569458008,48.53132247924805,8.727449417114258,13.681903839111328,21.461957931518555,43.819984436035156
2025-12-29,29.80120849609375,72.12000274658203,38.20120620727539,48.49150085449219,8.82180118560791,13.831486701965332,21.334264755249023,43.9078369140625
2025-12-30,29.88848876953125,71.95999908447266,38.44621276855469,48.292396545410156,8.856711387634277,13.821514129638672,21.530715942382812,42.53144454956055
2026-01-02,29.78181266784668,72.37999725341797,38.385597229003906,48.033565521240234,8.747735977172852,13.612096786499023,21.29497528076172,42.404544830322266
2026-01-05,29.287227630615234,73.12000274658203,38.9444694519043,47.86432647705078,8.866618156433105,13.671931266784668,21.491426467895508,42.6973991394043
2026-01-06,28.744152069091797,75.87000274658203,39.179786682128906,47.953922271728516,9.064754486083984,13.661958694458008,21.727163314819336,43.26356887817383
2026-01-07,28.928409576416016,76.31999969482422,38.552276611328125,47.48603057861328,9.203451156616211,13.661958694458008,21.314620971679688,42.91215133666992
2026-01-08,29.287227630615234,75.58000183105469,39.150367736816406,45.50495910644531,9.134102821350098,13.60212516784668,21.432491302490234,42.53144454956055
2026-01-09,29.38420295715332,74.72000122070312,39.071937561035156,45.89320755004883,8.797270774841309,13.86140251159668,21.471782684326172,42.18002700805664
2026-01-12,29.442392349243164,74.73999786376953,38.718963623046875,46.5402946472168,8.500065803527832,13.86140251159668,21.481603622436523,41.877418518066406
2026-01-13,30.198816299438477,75.3499984741211,38.40520095825195,46.19186782836914,8.123605728149414,13.87137508392334,20.823503494262695,40.87196731567383
2026-01-14,31.02312660217285,78.91999816894531,38.82680892944336,46.79912567138672,8.321742057800293,14.16057014465332,21.118173599243164,40.920772552490234
2026-01-15,30.829172134399414,78.8499984741211,39.16017150878906,46.23168182373047,8.658574104309082,14.001014709472656,21.07888412475586,40.979347229003906
2026-01-16,31.07161521911621,78.87999725341797,38.83662033081055,46.112220764160156,8.381183624267578,14.060848236083984,20.990482330322266,39.7298583984375
2026-01-19,31.197683334350586,78.56999969482422,38.77778625488281,46.01266860961914,8.28211498260498,14.050875663757324,20.931547164916992,39.83723449707031
2026-01-20,31.31406021118164,80.08000183105469,39.14056396484375,46.22172927856445,8.321742057800293,14.030930519104004,21.1574649810791,39.75914001464844
2026-01-21,32.41960525512695,82.5,40.85639190673828,47.37652587890625,8.727923393249512,14.270265579223633,22.00218963623047,41.60409164428711
2026-01-22,32.56507110595703,82.9800033569336,42.238868713378906,49.00917053222656,8.876524925231934,14.549487113952637,23.03354263305664,42.83405685424805
2026-01-23,33.9809455871582,85.0199966430664,42.719303131103516,49.646297454833984,9.282705307006836,14.858626365661621,23.848804473876953,43.683319091796875
2026-01-26,34.2912712097168,83.06999969482422,43.28797912597656,51.37849044799805,9.381773948669434,15.008210182189941,23.966670989990234,44.600914001464844
2026-01-27,35.03799819946289,84.9000015258789,44.43513488769531,52.46360397338867,9.550189971923828,14.828709602355957,24.251522064208984,46.56300354003906
2026-01-28,36.21142578125,86.97000122070312,45.43521499633789,51.33867263793945,9.986090660095215,14.908487319946289,24.948911666870117,47.81249237060547
2026-01-29,36.560546875,87.41000366210938,45.248924255371094,51.836429595947266,9.62944507598877,14.719015121459961,25.047138214111328,46.98275375366211
2026-01-30,36.61872863769531,84.31999969482422,44.61160659790039,51.48800277709961,9.698792457580566,14.808765411376953,24.772109985351562,47.23655319213867
2026-02-02,36.11444854736328,84.81999969482422,45.00218200683594,51.71696853637695,9.738419532775879,15.018182754516602,24.85068702697754,48.388427734375
2026-02-03,36.444175720214844,88.98999786376953,45.257205963134766,53.757774353027344,10.025717735290527,15.33729362487793,25.2337646484375,49.442684173583984
2026-02-04,36.385986328125,89.43000030517578,43.76628112792969,51.16943359375,9.639350891113281,15.257515907287598,24.654239654541016,48.86674880981445
2026-02-05,35.8817024230957,86.44999694824219,44.64906311035156,51.97580337524414,9.560096740722656,15.437015533447266,24.00596046447754,48.87651062011719
2026-02-06,35.54228210449219,85.62999725341797,45.85552978515625,51.61741256713867,10.104972839355469,15.377182960510254,23.89791488647461,49.784339904785156
2026-02-09,36.19203186035156,87.30999755859375,47.38568878173828,53.50889205932617,10.867799758911133,15.34726619720459,24.379213333129883,49.37435531616211
2026-02-10,36.22112274169922,87.05000305175781,47.49357986450195,52.16495132446289,10.501246452331543,15.61651611328125,24.359567642211914,49.2864990234375
2026-02-11,36.92906188964844,90.08999633789062,48.4254035949707,53.349613189697266,10.996588706970215,15.726211547851562,24.467615127563477,49.872196197509766
2026-02-12,35.98837661743164,89.2300033569336,47.31702423095703,53.787635803222656,10.055438041687012,16.47412872314453,25.567724227905273,50.37003707885742
2026-02-13,35.775028228759766,87.02999877929688,46.856014251708984,53.55867004394531,10.134693145751953,16.30459976196289,24.978378295898438,50.21385192871094
2026-02-18,36.06595993041992,83.91999816894531,47.07181167602539,53.150508880615234,10.184226989746094,16.0852108001709,25.3614559173584,50.07719039916992
2026-02-19,36.66722106933594,83.45999908447266,47.62109375,51.13957214355469,10.481432914733887,16.12510108947754,25.99008560180664,51.18025588989258
2026-02-20,36.822383880615234,86.80999755859375,48.28807830810547,51.75679016113281,10.699382781982422,15.985489845275879,26.51067543029785,51.57072448730469
2026-02-23,37.423648834228516,87.38999938964844,46.542137145996094,51.736881256103516,10.273388862609863,16.145044326782227,26.353517532348633,50.07719039916992
2026-02-24,38.374027252197266,87.7300033569336,47.24836349487305,51.17938995361328,10.035625457763672,16.53396224975586,26.85912322998047,50.80931091308594
2026-02-25,38.374027252197266,89.97000122070312,46.875633239746094,50.05445861816406,9.40158748626709,16.334516525268555,27.314697265625,49.579345703125
2026-02-26,38.412818908691406,89.20999908447266,46.75792694091797,49.15849685668945,9.49074935913086,16.36443328857422,27.01758575439453,49.24745178222656
2026-02-27,38.14128112792969,88.47000122070312,45.88496017456055,49.4770622253418,9.26289176940918,16.224822998046875,26.690759658813477,49.5500602722168
2026-03-02,39.88687515258789,88.16000366210938,45.058921813964844,48.47159194946289,9.104381561279297,15.865821838378906,26.690759658813477,50.49694061279297
2026-03-03,39.712318420410156,84.4800033569336,43.54780197143555,47.187381744384766,8.916152954101562,15.526765823364258,25.588708877563477,47.734397888183594
2026-03-04,39.275917053222656,84.08999633789062,44.16598892211914,47.127647399902344,9.441214561462402,15.556683540344238,25.75751304626465,49.15959548950195
2026-03-05,39.460174560546875,81.29000091552734,42.694114685058594,46.50047302246094,9.074662208557129,15.247543334960938,24.824125289916992,45.78207015991211
2026-03-06,40.885746002197266,78.86000061035156,42.12499237060547,46.4108772277832,9.243078231811523,15.18770980834961,24.575883865356445,44.73757553100586
2026-03-09,41.85552215576172,79.26000213623047,42.350677490234375,46.37105941772461,9.43130874633789,15.367210388183594,24.52623748779297,44.659481048583984
2026-03-10,41.63247299194336,80.55999755859375,42.978675842285156,46.97832107543945,10.0455322265625,15.407098770141602,24.9631404876709,46.11396789550781
2026-03-11,43.445953369140625,79.8499984741211,43.066993713378906,46.66971206665039,9.946463584899902,15.387155532836914,25.161733627319336,45.73326110839844
2026-03-12,43.63991165161133,79.23999786376953,41.88949203491211,45.614463806152344,9.31242561340332,14.908487319946289,24.059541702270508,44.09330368041992
2026-03-13,43.319881439208984,78.30000305175781,41.60493469238281,46.002716064453125,9.252985000610352,14.958349227905273,23.58292007446289,42.58025360107422
2026-03-16,44.47391891479492,78.83999633789062,42.19368362426758,45.7637939453125,9.748327255249023,15.05807113647461,23.73186492919922,43.72236633300781
2026-03-17,44.97819900512695,78.95999908447266,41.909114837646484,45.99276351928711,8.955780029296875,14.978293418884277,23.503482818603516,43.55641555786133
2026-03-18,45.5794563293457,77.12999725341797,41.487178802490234,45.95294189453125,8.767550468444824,14.699070930480957,23.245311737060547,43.05857467651367
2026-03-19,45.36610794067383,76.62999725341797,41.78156280517578,46.381011962890625,8.688295364379883,14.728987693786621,23.344608306884766,43.361183166503906
2026-03-20,44.28965377807617,75.55000305175781,41.107688903808594,45.75383758544922,8.262301445007324,14.429821014404297,23.10629653930664,42.18002700805664
2026-03-23,44.63877868652344,77.48999786376953,42.324588775634766,47.140743255615234,8.678388595581055,14.619293212890625,23.791440963745117,45.91873550415039
2026-03-24,45.84130096435547,78.0999984741211,42.08714294433594,47.34028244018555,8.609040260314941,14.659181594848633,23.483623504638672,45.33303451538086
2026-03-25,46.06434631347656,79.55000305175781,42.64118194580078,48.0685920715332,8.807177543640137,14.968321800231934,23.69214630126953,46.455623626708984
2026-03-26,46.56863021850586,78.91000366210938,41.4935302734375,47.410118103027344,8.361369132995605,14.78882122039795,22.89777374267578,45.157325744628906
2026-03-27,47.91661834716797,79.0,41.00875473022461,47.30037307739258,8.014630317687988,14.719015121459961,22.500587463378906,44.07378387451172
2026-03-30,48.168758392333984,79.5,41.15715026855469,48.936580657958984,7.925468921661377,14.798792839050293,22.242416381835938,44.46103286743164
2026-03-31,47.19898223876953,82.4800033569336,43.01714324951172,50.89204788208008,8.688295364379883,15.20765495300293,22.83819580078125,46.396697998046875
2026-04-01,45.93827438354492,83.0,43.38155746459961,50.89204788208008,8.757643699645996,15.31734848022461,23.463762283325195,47.15713882446289
2026-04-02,46.6947021484375,83.55000305175781,42.85697937011719,50.193668365478516,8.668481826782227,15.237570762634277,23.225452423095703,47.078128814697266
2026-04-06,47.46082305908203,83.08999633789062,43.045040130615234,50.50294876098633,8.737829208374023,15.407098770141602,23.26517105102539,46.554710388183594
2026-04-07,47.043819427490234,83.69000244140625,43.015342712402344,50.53288269042969,8.698202133178711,15.437015533447266,23.275100708007812,46.56459045410156
2026-04-08,45.20124816894531,85.58999633789062,44.51979064941406,52.647979736328125,8.866618156433105,15.815960884094238,24.317712783813477,48.74715042114258
2026-04-09,46.4522590637207,84.69000244140625,45.28190994262695,52.378604888916016,9.144009590148926,16.015405654907227,24.54609489440918,49.41870880126953
2026-04-10,47.54810333251953,85.58999633789062,45.598636627197266,52.75772476196289,9.064754486083984,16.075239181518555,24.5560245513916,48.39161682128906
2026-04-13,48.27543258666992,87.36000061035156,45.36109924316406,51.91967010498047,9.12419605255127,15.885766983032227,24.575883865356445,48.2039794921875
2026-04-14,46.432865142822266,88.30000305175781,46.05392837524414,51.779991149902344,9.163823127746582,15.845877647399902,25.201452255249023,50.356910705566406
2026-04-15,45.47278594970703,88.44000244140625,46.5587158203125,49.84447479248047,9.302519798278809,15.786044120788574,24.22834587097168,51.29511260986328
2026-04-16,47.1117057800293,87.44000244140625,46.49932861328125,48.2880859375,9.163823127746582,15.387155532836914,24.10919189453125,50.14951705932617
2026-04-17,44.823036193847656,89.75,46.3211669921875,48.537506103515625,9.203451156616211,15.287432670593262,24.22834587097168,50.50504684448242
2026-04-20,45.59885787963867,88.7300033569336,45.895572662353516,48.36790084838867,9.26289176940918,15.267488479614258,24.10919189453125,51.334617614746094
2026-04-22,46.22920608520508,87.22000122070312,44.56927490234375,47.08087921142578,8.866618156433105,14.958349227905273,23.235382080078125,49.87299346923828
2026-04-23,46.97968673706055,85.97000122070312,43.72797775268555,48.16836166381836,8.569413185119629,14.699070930480957,22.83819580078125,48.77677536010742
2026-04-24,46.37977981567383,85.87000274658203,43.91603088378906,47.68947219848633,8.648667335510254,14.459736824035645,22.540307998657227,48.67802047729492
2026-04-27,46.5863037109375,85.5,43.53992462158203,48.07856750488281,8.529999732971191,14.499626159667969,22.351642608642578,47.720062255859375
2026-04-28,46.73382568359375,84.38999938964844,43.64879608154297,47.1806526184082,8.539999961853027,14.539515495300293,22.381433486938477,46.72260284423828
2026-04-29,48.150001525878906,79.44000244140625,42.43137741088867,43.99802780151367,8.079999923706055,14.29020881652832,21.557270050048828,44.63880157470703
2026-04-30,48.26801681518555,81.18000030517578,42.74810028076172,44.75627136230469,8.229999542236328,14.469709396362305,22.053752899169922,45.33998489379883
2026-05-04,48.52371597290039,78.66000366210938,41.983863830566406,44.25742721557617,8.0,14.399903297424316,21.755863189697266,44.421531677246094
2026-05-05,47.85496520996094,78.38999938964844,42.04327392578125,43.43932342529297,8.0,16.60376739501953,21.76579475402832,45.330108642578125
2026-05-06,46.48796081542969,81.2300033569336,41.36994552612305,44.836082458496094,8.029999732971191,16.902935028076172,21.914737701416016,47.058380126953125
2026-05-07,45.4553337097168,80.06999969482422,40.38966751098633,44.207542419433594,7.940000057220459,16.36443328857422,21.537412643432617,45.77452087402344
2026-05-08,44.9144287109375,80.80000305175781,40.85504913330078,45.41474533081055,7.150000095367432,16.274682998657227,21.646636962890625,49.26069259643555
2026-05-11,45.66185760498047,83.44999694824219,39.93417739868164,44.05788803100586,6.929999828338623,16.204877853393555,21.38846778869629,46.43620300292969
2026-05-12,44.92426681518555,83.25,39.47869110107422,43.289669036865234,7.159999847412109,16.0852108001709,21.170015335083008,45.50787353515625
2026-05-13,43.8326301574707,84.30000305175781,39.241050720214844,43.20985412597656,6.960000038146973,15.865821838378906,20.613954544067383,42.59450149536133
2026-05-14,44.255516052246094,82.87000274658203,40.00349426269531,43.6189079284668,6.909999847412109,15.726211547851562,20.613954544067383,43.39444351196289
2026-05-15,44.71773910522461,83.5,39.310359954833984,43.030269622802734,6.789999961853027,15.646432876586914,20.55437660217285,42.44636154174805
2026-05-18,45.67169189453125,81.83000183105469,39.23114776611328,42.242095947265625,6.610000133514404,15.76609992980957,20.27634620666504,42.43648910522461
2026-05-19,45.327484130859375,81.0199966430664,38.399391174316406,41.72330093383789,6.489999771118164,15.76609992980957,20.087682723999023,41.567413330078125
2026-05-20,43.86213302612305,82.0,39.2806510925293,42.481544494628906,6.730000019073486,16.17496109008789,20.55437660217285,43.91786575317383
2026-05-21,44.20634460449219,82.62999725341797,39.72623825073242,42.37179946899414,6.769999980926514,16.354461669921875,20.673532485961914,43.493202209472656
2026-05-22,43.744117736816406,83.0999984741211,39.04301452636719,42.631195068359375,6.630000114440918,16.055294036865234,20.792688369750977,42.811767578125
2026-05-25,42.68198776245117,83.58999633789062,39.924278259277344,43.20985412597656,6.769999980926514,16.354461669921875,21.497692108154297,44.342525482177734
2026-05-26,42.72132110595703,83.06999969482422,39.666831970214844,43.33955383300781,6.650000095367432,16.543933868408203,20.96149253845215,43.15742492675781
2026-05-27,42.11157989501953,83.44999694824219,39.924278259277344,43.34953308105469,6.599999904632568,16.563879013061523,20.92177391052246,42.28834915161133
2026-05-28,41.80670928955078,83.95999908447266,39.607418060302734,43.6189079284668,6.349999904632568,16.244768142700195,20.465009689331055,42.28834915161133
2026-05-29,41.30514907836914,82.81999969482422,39.64702606201172,43.99802780151367,5.980000019073486,16.274682998657227,20.157190322875977,41.49828338623047
2026-06-01,41.66902542114258,81.69999694824219,38.99140548706055,42.900569915771484,5.820000171661377,16.38437843322754,19.938737869262695,40.826725006103516
2026-06-02,41.56999969482422,85.0,39.18953323364258,41.90288162231445,5.679999828338623,16.40432357788086,19.889999389648438,41.31064224243164
2026-06-03,41.25,81.79000091552734,38.357398986816406,41.68339157104492,5.340000152587891,16.02537727355957,19.530000686645508,39.937896728515625
2026-06-05,40.88999938964844,78.69999694824219,38.466365814208984,42.361820220947266,5.440000057220459,16.12510108947754,19.170000076293945,40.07616424560547
2026-06-08,41.220001220703125,78.06999969482422,38.159271240234375,43.898258209228516,5.340000152587891,16.035350799560547,19.100000381469727,39.67124938964844
2026-06-09,41.16999816894531,78.5,38.852718353271484,43.22980880737305,5.489999771118164,16.164987564086914,19.110000610351562,40.34280776977539
2026-06-10,41.650001525878906,77.69999694824219,38.99140548706055,42.2919807434082,5.119999885559082,16.23479461669922,19.0,38.6342887878418
2026-06-11,41.7599983215332,78.80000305175781,40.1207275390625,42.252071380615234,5.329999923706055,16.593793869018555,19.40999984741211,40.29343032836914
2026-06-12,41.18000030517578,79.16999816894531,40.21978759765625,42.511474609375,5.21999979019165,16.563879013061523,19.459999084472656,40.194671630859375
2026-06-15,39.060001373291016,81.16000366210938,40.02166748046875,42.68107986450195,5.349999904632568,16.523988723754883,19.389999389648438,40.145294189453125
2026-06-16,38.540000915527344,81.44000244140625,40.071197509765625,42.73096466064453,5.0,16.394350051879883,19.399999618530273,40.45144271850586
2026-06-17,38.56999969482422,79.77999877929688,40.41791915893555,43.6987190246582,4.739999771118164,16.145044326782227,19.40999984741211,40.036659240722656
2026-06-18,38.849998474121094,79.94000244140625,40.11082458496094,45.70407485961914,4.5,16.17496109008789,19.530000686645508,39.59224319458008
2026-06-19,38.79999923706055,80.75,39.852813720703125,45.05557632446289,4.619999885559082,16.00543212890625,19.420000076293945,39.62187194824219
2026-06-22,39.16999816894531,80.91000366210938,40.9223518371582,45.25,4.659999847412109,16.12510108947754,19.579999923706055,40.31317901611328
2026-06-23,39.33000183105469,79.37999725341797,41.03230285644531,45.709999084472656,4.420000076293945,16.3700008392334,19.860000610351562,41.261260986328125
2026-06-24,38.290000915527344,77.7300033569336,40.95233917236328,46.61000061035156,4.360000133514404,16.3799991607666,19.729999542236328,41.24150848388672
2026-06-25,38.45000076293945,78.66000366210938,41.68202590942383,46.5,4.420000076293945,16.389999389648438,20.049999237060547,41.82418441772461
2026-06-26,38.060001373291016,78.1500015258789,42.22179412841797,46.900001525878906,4.440000057220459,16.729999542236328,20.34000015258789,42.56487274169922
2026-06-29,38.13999938964844,78.12999725341797,42.391719818115234,46.790000915527344,4.639999866485596,16.59000015258789,20.260000228881836,42.25
2026-06-30,37.79999923706055,77.87999725341797,42.16181945800781,46.90999984741211,4.679999828338623,16.290000915527344,19.90999984741211,41.540000915527344
2026-07-01,37.83000183105469,77.97000122070312,42.439998626708984,46.2599983215332,4.429999828338623,16.200000762939453,19.729999542236328,41.08000183105469
2026-07-02,37.959999084472656,78.23999786376953,42.470001220703125,46.2599983215332,4.269999980926514,16.299999237060547,20.0,41.25
2026-07-03,38.25,78.83999633789062,42.7400016784668,46.47999954223633,4.449999809265137,16.290000915527344,19.979999542236328,41.45000076293945
2026-07-06,37.77000045776367,77.79000091552734,42.560001373291016,46.2599983215332,4.349999904632568,15.880000114440918,19.770000457763672,40.31999969482422
2026-07-07,38.439998626708984,76.19999694824219,42.43000030517578,45.869998931884766,4.420000076293945,15.609999656677246,19.729999542236328,39.09000015258789
2026-07-08,39.650001525878906,72.69999694824219,41.88999938964844,45.349998474121094,4.510000228881836,15.619999885559082,19.530000686645508,38.84000015258789
2026-07-09,39.209999084472656,73.1500015258789,42.59000015258789,45.7400016784668,4.860000133514404,15.720000267028809,20.0,39.400001525878906
2026-07-10,39.650001525878906,74.18000030517578,44.29999923706055,46.5099983215332,5.21999979019165,15.819999694824219,20.579999923706055,41.099998474121094
2026-07-13,40.65999984741211,72.8499984741211,43.52000045776367,44.38999938964844,5.059999942779541,15.829999923706055,20.239999771118164,40.20000076293945
2026-07-14,40.65999984741211,74.01000213623047,43.630001068115234,44.20000076293945,5.050000190734863,15.8100004196167,20.59000015258789,40.540000915527344
2026-07-15,40.59000015258789,74.51000213623047,43.13999938964844,44.2599983215332,5.03000020980835,15.569999694824219,20.549999237060547,40.349998474121094
2026-07-16,39.88999938964844,72.9800033569336,42.54999923706055,43.4900016784668,4.920000076293945,15.600000381469727,20.760000228881836,38.86000061035156
2026-07-17,40.900001525878906,72.94000244140625,41.959999084472656,43.630001068115234,4.920000076293945,15.630000114440918,20.489999771118164,38.22999954223633
2026-07-20,41.150001525878906,71.93000030517578,42.29999923706055,43.130001068115234,4.860000133514404,15.789999961853027,20.170000076293945,37.4900016784668
2026-07-21,41.65999984741211,72.37000274658203,42.529998779296875,42.470001220703125,4.820000171661377,15.800000190734863,20.8799991607666,36.54999923706055
2026-07-22,42.58000183105469,75.0999984741211,42.900001525878906,46.7400016784668,4.909999847412109,16.1299991607666,21.09000015258789,37.13999938964844
2026-07-23,42.95000076293945,75.68000030517578,42.560001373291016,45.66999816894531,4.710000038146973,15.920000076293945,20.93000030517578,37.13999938964844
2026-07-24,42.209999084472656,75.23999786376953,42.099998474121094,45.9900016784668,4.650000095367432,15.640000343322754,20.350000381469727,36.88999938964844
2026-07-27,41.0099983215332,75.69000244140625,42.689998626708984,46.400001525878906,4.829999923706055,15.859999656677246,20.5,37.720001220703125
2026-07-28,41.209999084472656,75.69000244140625,42.86000061035156,46.70000076293945,4.829999923706055,16.100000381469727,20.829999923706055,38.369998931884766
2026-07-29,42.0,75.05000305175781,41.81999969482422,45.63999938964844,4.760000228881836,15.899999618530273,20.780000686645508,37.439998626708984
