Date,PETR4.SA,VALE3.SA,ITUB4.SA,WEGE3.SA,MGLU3.SA,ABEV3.SA,BBAS3.SA,RENT3.SA
2021-01-05,0.039086403787181645,0.01683810980342404,-0.006472571897903845,0.06137692616971924,-0.017460277604982477,0.021317867896817777,-0.01037498277608817,-0.005901190169242954
2021-01-06,0.001997297191005165,0.0327956438643493,0.029316128125306706,0.026515722592272972,-0.05250405749557252,0.020240430445570112,0.02284901822353591,-0.057583879425141316
2021-01-07,0.029900649337942786,0.06527818445558431,0.03892397220649313,0.04132860271464889,-0.012787746130778932,-0.004959855595589979,0.03968520038218748,0.047401725554913066
2021-01-08,0.0038711107041116133,-0.003127246061156219,-0.000304455509753887,0.060477086587766404,0.02936101915553424,0.029906540897931988,0.005813800137157266,0.0675082613667084
2021-01-11,-0.008354989792294987,-0.00019613477947200142,-0.022547373271506466,-0.030630789581306717,-0.014681195917074397,-0.02601327055589675,-0.01633569858776751,-0.019436359902469946
2021-01-12,-0.0074528826878935694,-0.027357981824428057,0.003117056555388853,0.03493095575031102,0.030225565712591163,0.04347825751259715,0.009197880129490965,0.020970769482267837
2021-01-13,-0.048318598456217,-0.029942580248909834,-0.016470176059853237,0.002331482458875378,-0.007437956024819559,-0.037499812242332675,-0.04936732546415945,-0.0004220317452279243
2021-01-14,0.010291621996842748,0.016420684519879547,0.029700280568030646,-0.0045416944197176345,-0.012073329980310743,0.010358196058413371,-0.002396664353290001,0.040535096072590315
2021-01-15,-0.04516140284986214,-0.04345633003505689,-0.037741474378521156,-0.04128187131455485,0.009692427187558028,-0.01906526201353309,-0.030966323224007386,-0.04355489595270534
2021-01-18,-0.0017780174907089386,0.008124216667978912,-0.005102431823819975,0.07021822081507301,0.020450674658095913,0.016927924245256687,-0.010193047973343639,-0.00028276241978808514
2021-01-19,0.022087638960416767,-0.002650858979929116,-0.011858618995432724,-0.028304869966153556,-0.015132914913693618,0.0030827512303812643,-0.016977254433505062,-0.026736482894979097
2021-01-20,-0.01673058806994765,-0.018498811882841637,-0.01654237456085217,-0.010044538518780732,0.05564786536847355,-0.015365777079585308,-0.022367244416641396,0.011191845572072534
2021-01-21,-0.023396032741857753,0.01126504048951471,-0.013522334076749631,-0.011837660214399248,0.0027537771004157996,-0.025592894922127796,-0.010136185529280195,-0.02386104282818957
2021-01-22,-0.016696993159044382,-0.0020349753613435606,-0.02139815217028951,0.01505981140392576,0.019615569108476727,-0.02946847015641041,-0.014335666529798896,-0.00588982655795689
2021-01-26,-0.0033222557765307803,-0.015241084513524794,-0.03319097869546961,-0.0002249710077685263,-0.009234404987359168,0.016501649625989323,-0.026713889983906558,-0.022959720560962515
2021-01-27,0.014814813875337896,-0.027792952853226693,0.0,-0.0029225712665281733,0.0015534008001101274,0.0,0.02927688683902696,-0.014857470227900627
2021-01-28,0.013138797790441359,0.021300502516727438,0.04035426693482558,-0.008118505052783664,0.015509983998013954,0.009090928079640292,0.02340748333870657,0.034779866774823365
2021-01-29,-0.038544776036551154,-0.034577216058930715,-0.03572680439911213,-0.04751614839939888,-0.03512796998749479,-0.027670516707064996,-0.01968747492995493,-0.049970193552303255
2021-02-01,0.03147266496203982,0.037748304014500356,0.026655602290552194,0.008950719107987837,-0.013454712605541541,0.032429003701904824,0.01269970460547687,0.0010957320454165753
2021-02-02,0.041045881452447475,-0.03955266968624227,-0.02132065924608928,0.008161849630929696,0.01484154660715209,0.0006410381979617963,-0.006707740642255877,0.05566871649903615
2021-02-03,0.009770036316972597,0.0315992897553794,-0.00491911724705385,0.040361595712745224,0.013834051684661786,0.0044841549502288025,0.007927235512667163,0.019108156324171732
2021-02-04,-0.004146780775219017,-0.012606408563631266,-0.004237534717065117,-0.034960815323223704,-0.01325545267887196,-0.005101904750031805,-0.00407787466565801,0.01162792925389522
2021-02-05,0.0006941466517285111,0.03807794980681933,-0.004255138909664891,-0.012504669393837431,0.021335478850575518,-0.005128146969764158,-0.006727190155936924,-0.010488594179526411
2021-02-08,-0.02531206916798534,0.014241196337113404,-0.01851844871996855,0.011834321335154385,0.0119922496660545,-0.037371305882042516,-0.0026502777107308972,0.005663062155883747
2021-02-09,-0.020277680371608153,0.0025530215529276923,0.01197385873918888,-0.00573100407960736,0.0030581093928871983,0.0013387144697427633,0.012104876352279303,-0.010684455630358691
2021-02-10,0.009441018116707944,0.004774471574116923,-0.007170759754448364,0.011998572104904737,-0.03582316607215663,0.0033422290734399507,-0.013710431645399757,-0.01707503615161121
2021-02-11,0.010071903010848038,-0.0168955041667761,0.0,0.011275215630055735,0.013834051684661786,-0.003997331430760642,0.0038449157311919446,-0.005790867544964051
2021-02-12,0.012820619918784137,0.00848549178703073,0.0025276798746840523,-0.0037930573158152514,0.010136400010339885,-0.010702386417173249,-0.005598053905319644,-0.0008962014985156586
2021-02-17,0.04043558659128754,0.026200950415123048,0.012607841257668673,-0.0313837596225478,-0.015824068328749608,0.03245449984988946,-0.01155551150827705,-0.014798313061880952
2021-02-18,-0.010814210714221617,0.010897782238770137,-0.007114532833930487,-0.006789488926061349,-0.01803910867521341,-0.03143431488226167,-0.002997523524260526,-0.019723871726391007
2021-02-19,-0.06627949692892654,0.0037985377655795904,-0.01039105433442189,-0.0016790331280195359,-0.003993688227239778,0.0067613750479840196,-0.018941610549750743,0.007584026608250083
2021-02-22,-0.2070985428348613,-0.024751928823647962,-0.07277318382077058,-0.006247030480891924,-0.027666270122655212,-0.020819419460173627,-0.1164573837194739,-0.06159737506552421
2021-02-23,0.1102909193912418,0.016780399470031515,0.06403740914534728,0.011363902458519037,0.025154497024719502,0.007544561074151579,0.07170010687058204,0.003437546221578547
2021-02-24,0.014131243495201007,0.010108280244369938,-0.014678463146321263,0.0363374128653593,-0.008849501687664407,-0.0006807486668847229,-0.003943513671901155,-0.012398183570050736
2021-02-25,-0.04959019904918349,-0.02266902778642732,-0.031284817923902586,-0.07727774393467968,-0.023944738259903953,-0.03269752104590673,-0.028043616790230264,-0.011232250139305178
2021-02-26,-0.040965950689323516,-0.012433410913565646,-0.012103668198890416,-0.024375312206692534,0.005405303252075333,-0.01267595853605008,-0.04786140213756107,-0.031072419345923086
2021-03-01,-0.010791305150501973,0.042847843432240795,-0.02995845873052172,0.003852657709523255,0.015301892612982426,-0.017831666967139448,-0.006773622420468306,0.02000000626917675
2021-03-02,-0.00045435474271871,0.030739737907988784,0.04037139960057101,-0.012051240185568024,-0.011405243000945364,0.015976626206910538,0.03840637721260087,-0.009465919149284963
2021-03-03,-0.03638016303317415,-0.012303337497764466,0.0023283670365636944,-0.0007789615432780561,0.035022612006174736,0.012866411098866992,0.0020738428978896994,0.0037543277849885204
2021-03-04,0.04860771125081076,-0.014847925234908743,0.031358948659793606,-0.04896079383343721,0.012738876100139684,0.043048758074577975,0.03621965304372288,0.0357021705308711
2021-03-05,0.007650867864813726,0.059320680494567624,0.03716177154536382,-0.0025945138478621343,-0.01218552090378211,0.020297680338048796,0.018641728164318527,-0.0014772493527521746
2021-03-08,-0.05761506414695183,-0.005388735500756248,-0.031849067898476635,-0.05325824336551244,-0.08077990734484786,-0.025862167981357542,-0.045751621182506086,-0.09386849722071722
2021-03-09,0.023222577753195806,-0.010033058252393312,0.013831022003097049,0.03398408950548615,0.012554095285169709,0.0319945978049625,-0.007191969348832816,0.008345701534921313
2021-03-10,0.03473848196745122,-0.015404926196663782,0.007375142316567551,0.010908802796980144,0.06455749959022139,0.007256079975282326,0.031390274065582924,0.017272399496549573
2021-03-11,0.04252455323474846,0.026247998057461475,0.001464251560882035,-0.004980601089364933,-0.004016071156434542,-0.01178780731519602,0.0050165541321745,0.053236492257604295
2021-03-12,-0.0051523222723032225,-0.023069009380653815,-0.006578729145537365,-0.010706511040173394,-0.009274245480240917,-0.003976303040876927,0.0032009185054413525,-0.0008394223510282961
2021-03-15,0.020716542004678207,-0.005955055014032373,0.011773571604916766,0.02909356566653054,-0.034594987266570065,0.017964179801817748,-0.007000044790135496,-0.0026892026801276225
2021-03-16,-0.015644767857681985,-0.003201762019360621,-0.020363583593826284,0.0024586227428631258,0.01812823079026482,-0.016339947764759777,0.0026855639636642614,-0.02258169154922407
2021-03-17,0.03436395332853359,0.014402704814902023,0.038974394097147425,-0.002861260897720208,-0.008695703516076625,0.02458479161999816,0.027786791699161206,0.030689579672068756
2021-03-18,-0.034883589469563936,-0.017772957632063213,0.005717560560459356,-0.018854960965004164,-0.06934006099386858,-0.007782093674764234,-0.008468860298366798,-0.033957953604307534
2021-03-19,0.032702362425863996,-0.014351347053708552,0.0021309752334177645,0.0019491265033406702,0.00044895382239551473,0.01960790497290832,0.008541194481209269,0.026840098726254924
2021-03-22,-0.02000016408547145,-0.016564613286781604,0.0056716886618637385,-0.009033600457784674,-0.01704803153484824,-0.003846308494735551,0.0029317741374454975,-0.024620548720282742
2021-03-23,-0.030612209984886563,-0.02306630205807536,-0.02537902985854823,0.004347863192591284,-0.018256534325367668,-0.029600977140348594,-0.03605035775410692,-0.02230299525092838
2021-03-24,0.000877050101796728,0.022952006055892094,-0.017359351820152913,-0.015221088796656068,-0.05299861246510962,-0.01856767668745818,-0.018194496024012907,-0.025110383725860164
2021-03-25,0.01665205071943765,-0.0076221425356113315,0.017666022520346436,0.007798936969859671,-0.0034364757302510762,0.012837756729220384,0.014413369795300612,0.030291920313327836
2021-03-26,0.011207065468276545,0.03342713504802797,0.017052542345250332,0.023497813546215607,-0.015763574479368603,0.01067382888183288,0.003383026398792399,0.011091453679969554
2021-03-29,0.015771474763823123,0.025646396114519465,-0.0003564844097377895,-0.008337541535128445,-0.016516412172643546,0.009901104103277714,0.004719999984675427,0.0020894409904461675
2021-03-30,0.0,-0.009287805755970768,0.016393761564353015,0.04091578220736802,0.02086503890294944,0.018954135634860148,0.03087219224328641,0.040626408267109504
2021-03-31,0.011330458596350956,0.00927181497985563,-0.019284658641769425,-0.006529161101759717,0.008973096703289496,-0.019243088010711396,-0.008788765028704959,-0.0011703639649025543
2021-04-01,-0.008713941752649501,-0.005920343831857244,-0.03058452396834388,0.0067060356733799065,0.00988135226643494,-0.018966533839461452,-0.016420360328791572,0.005190025364677053
2021-04-05,0.006278723101258876,0.061608244341917695,0.01291439682000961,0.024647207786108627,-0.0009783881726298516,0.018000023424106226,-0.0013357033642044103,0.024816981498476887
2021-04-06,-0.0008317401381138234,-0.012960716748418144,-0.011657483882072439,0.002470224318377179,0.008814902753612852,0.007858457189261259,-0.012035889026143609,0.013489130760289791
2021-04-07,-0.0008325750698653378,0.02459585677768983,-0.008846099657164319,-0.012191691175081787,-0.020388384795818504,-0.011046190632222008,-0.0064299445219726525,0.000641251814369248
2021-04-08,-0.012500031211910345,-0.0005738990633503693,-0.007810047235779272,0.0039385502477284895,0.0827552168708463,0.015111668487361118,-0.008514889881754084,0.01923089930899602
2021-04-09,-0.002109685894341906,-0.014354083468942735,-0.0014987493566996912,-0.012424379007925146,-0.00823791914476002,-0.005825277859011435,0.0027482002172327658,-0.009591087356926709
2021-04-12,0.01014778534112426,0.003883757209650174,0.024774585694797846,0.0,-0.0009230187401098044,0.009765818499550827,0.012333056064627756,-0.00015887167534900382
2021-04-13,0.003348566316656587,0.0017405232039016116,-0.0003656836730805413,-0.0070192957175410076,0.025404160846504098,0.007736856425567984,0.0,0.0034932100571878344
2021-04-14,0.01585349938523062,0.033018091636413116,0.012824153530835991,0.01667140989501803,-0.0036036099687136725,0.011516304296203428,0.001691989468134647,0.007120372016709675
2021-04-15,-0.019831240035773967,0.011308203650844284,0.0,0.02715493443967576,0.003616642939263004,0.0037950629984213613,0.0013514011537536508,-0.0007856936586200236
2021-04-16,-0.006063573000725797,0.00425095680380716,0.011216167055582815,-0.015964297389303495,-0.012612554603313897,-0.0044108470978060366,0.00438591068483607,0.009119614464049075
2021-04-19,0.05795222039086689,-0.00864981556343758,-0.015026846909599434,-0.016223735546128548,-0.012317579937543677,-0.004430388865676371,-0.005038743637754806,-0.027111525373605283
2021-04-20,-0.018945449998099995,-0.014573530956749514,-0.005085620080081066,-0.02546168005793492,-0.0023094317465855996,-0.00699306639417574,0.016205386322188486,-0.01056989943840414
2021-04-22,-0.0046180946501825915,0.0006595470174446394,0.0003653577780817763,-0.013401787005437482,-0.020833328175997035,0.01792577436779008,-0.00897007633950897,-0.014729606194769596
2021-04-23,-0.0008433840323202046,0.016567821621356726,0.004744524589073373,0.03197038536683183,0.02742321522490765,-0.0031444828068095676,0.008045411850595263,0.013635466543453711
2021-04-26,0.003798711369256136,0.005370606218552343,-0.0007263460297239899,-0.007711784484172535,-0.0009203881099734135,-0.01640395076098422,0.0009978271138404438,0.0035657520679832633
2021-04-27,-0.02859518167291497,0.014276602720498577,-0.01526664233582209,-0.008173579050348323,-0.03500688607698865,-0.019243088010711396,-0.010963458096890033,-0.014212110737498507
2021-04-28,0.036363826714941316,0.016345731410054132,0.04351889457835667,-0.013779914162692752,-0.014319917903538704,-0.005232038449466625,0.017803121896887486,0.03407600734691041
2021-04-29,-0.013366919864143623,0.00026793832407401297,-0.03154939824072178,-0.02767142831661673,-0.018886188808201032,0.0032872127400012108,-0.0217820911452542,0.0039609521787358215
2021-04-30,0.0,-0.026172277233531993,0.007686645403573555,-0.01352510355407266,-0.01135239454579029,-0.020969863588990667,0.0,0.014675580316489745
2021-05-03,-0.0080440090460826,-0.005136682946984328,0.013992294832417151,-0.01599521203119081,0.007488735351685927,-0.009370835667209088,0.003711074096214073,-0.0025814934293107994
2021-05-04,-0.02304738394068917,0.015120888612066619,-0.04265174991252174,-0.021770642809799567,-0.021308131121009044,-0.010810773306547672,-0.012773151259071858,-0.02136974412777859
2021-05-05,0.041065930081852775,0.0055402793452672405,0.028452747120872868,0.029970223600072066,0.007594904265688873,0.015027280266103782,-0.0037453842844363816,-0.018170085443756978
2021-05-06,-0.013847984552427972,0.039201629946955086,-0.006187927788170344,-0.028233919450686096,-0.02211059039079344,0.08882907570255227,-0.001708565253736194,0.0027599187387539192
2021-05-07,0.037446564595207565,0.0034765994608279005,0.012087314748703504,-0.009190754083867825,0.022096509493393146,0.001854024564544643,0.024991169266870283,0.023312261621207142
2021-05-10,0.013125615605069196,-0.006582817844299704,0.014839307390770218,-0.03321372580494775,-0.034690639095911746,0.017890240960296788,0.013026178932480592,-0.004113238845614542
2021-05-11,0.01821877701996244,0.035138241615377375,-0.0021395399328002496,-0.0006188813631536894,0.006249917611557576,0.022424236425750754,0.007253390710309837,-0.0017478280253110379
2021-05-12,-0.014711820651610141,-0.03697783185688641,-0.014653033191121767,-0.03158886241614278,-0.03778469919231264,0.0,-0.006546236667126948,-0.07224695523979596
2021-05-13,0.008474620457620707,-0.016093734221423017,0.02901697135795267,0.016949406757408525,0.029047830847100053,0.0005927799649612098,0.0266883710281407,0.00840493600893466
2021-05-14,0.05242075964053705,-0.01715717017131113,0.022205846131048368,0.009433851080234978,0.001045573377551401,0.017772497085496664,0.0,0.0
2021-05-17,0.013688304408481233,0.02623031695104361,-0.0006893651963164604,0.0021806888083815146,-0.01514358267136473,0.012805625450488245,0.01765087074176752,0.019220974689147408
2021-05-18,-0.011627814500738243,0.010047354952842591,-0.0020700381300549076,0.007149738695024999,0.005832412297634093,0.0011494480075642244,0.013875633706706081,0.01802405397850393
2021-05-19,-0.007590112310277064,-0.02050601317488665,0.007261041090757647,-0.02469150491032812,-0.015287369281506313,0.008036898056491326,0.01710734604055686,-0.020327862853824485
2021-05-20,-0.0084131056848894,-0.01015588699686587,0.005492874444507523,0.008227715302602912,0.003212188090238932,-0.0011389744720635697,0.0030579998318100987,0.04534798279518748
2021-05-21,0.0007711775828029843,-0.01539018776906742,0.004779613569978247,-0.004708211289073061,-0.011206042194927601,0.0039908857142374465,0.00853690180973632,0.006563105473386788
2021-05-24,0.01695583329407646,0.003473371243829959,-0.0027181867051063735,0.029643813368135596,0.07933080414946203,0.0011355298385176127,0.00656486862233252,0.02178769188300822
2021-05-25,-0.020841172794968,-0.0248676996632774,-0.010281649949973715,0.009801281151488261,0.000999912574488837,-0.0011342418730267978,-0.013382130063260833,-0.016342476358651936
2021-05-26,0.009674896552166246,0.029425310196418586,0.013793019680874208,-0.005156450236364352,-0.017482415067180512,-0.007950043712594557,0.01664609735326894,0.003164398627511611
2021-05-27,-0.006899240186469369,0.007168891810049427,-0.00850327427029507,0.0003049158109165173,-0.004067204701773797,0.012592838724133415,0.013644618152279797,-0.026182689835503314
2021-05-28,0.04168257478563353,0.005406058117429335,0.01646690214316937,0.04846056946524735,0.03369071827276082,0.009044767075584659,0.003290491408748819,0.003239228510736769
2021-05-31,-0.0044457733668845645,0.028586419141680697,-0.003037991466019574,-0.007267098459192045,-0.004444496081986826,0.005602212550971597,-0.001490681297306784,0.011462564889249016
2021-06-01,0.015630648380442036,-0.013765452458279204,0.03641025480377502,0.0011710090199614775,0.009424575633724563,0.04568252467019951,0.01463095517803592,0.024102249377687235
2021-06-02,0.021253150831537893,0.014134451082783439,0.03333307332597513,-0.02164374637874067,0.0073711519847825535,0.031965937696441626,0.03590386164562309,0.008884183040107185
2021-06-04,0.02260495322422451,-0.016550498302972838,0.020873112896523383,0.023019533698656947,0.017073068518157486,0.0005160807702173642,0.01562483812205162,0.029661643580036534
2021-06-07,-0.007368344088231393,-0.009743079724823578,0.02354369791262778,-0.002629991313468638,-0.0023981284801201097,0.011352006161175154,0.021538602780346583,0.005251424301388141
2021-06-08,0.013078616322372616,-0.01681575197760099,-0.006960856245640135,-0.003223056465263663,0.01201929524356804,-0.0005101510077281102,-0.006024310629765051,-0.0041791791842626935
2021-06-09,0.0,0.020742211170251323,0.01371475681061507,0.006760874517818927,-0.0370546961485958,-0.014293161055699,-0.019283769122739436,-0.017685930812052275
2021-06-10,0.0006979506052564588,-0.0032976395831133543,-0.0036077526584054054,-0.009342971855407112,0.0004933847663430857,0.0005179407128310665,-0.002809239767759264,-0.0021361039993786912
2021-06-11,-0.0038353578804862787,0.022444847993188466,-0.011768506196116135,0.00825235824494186,0.004930975136916871,-0.01966867673562478,-0.0028162846046821954,-0.02079513524818888
2021-06-14,0.006300298578006069,-0.005422328965524081,-0.0033585612610830262,0.019584458462279075,0.010304194118353482,0.028511060330196125,0.011027446700621502,0.008120000889785484
2021-06-15,0.009739220415269978,-0.01952181711628498,0.0,0.016628416180597183,0.014570292120004602,-0.017967309001361342,-0.00336944262212846,-0.0024784296022412056
2021-06-16,0.0037891163814378626,-0.03004464258403594,0.01991433526833708,-0.01776628669388658,-0.027764526806660084,-0.002090739436747202,0.0070429784874381784,-0.0043479048035757195
2021-06-17,-0.034660113334209486,-0.02080451830539254,-0.011715657269703361,-0.011771321162387549,0.04923673788972027,-0.004190758038291831,-0.023776389576117385,-0.024017302567238996
2021-06-18,0.00675427720248023,0.030122726681751644,-0.018236785750754603,0.02237037220469129,-0.011262171132475074,-0.013150972179196474,-0.0014326514619540376,0.0036753799564852585
2021-06-21,0.022245644367991035,0.009350051625661271,0.004643955269866273,0.001704997982252765,0.009492015432476908,-0.0015991786543514408,-0.00774752939851342,0.006527433059682508
2021-06-22,0.005181276591849082,0.011715669617772706,-0.012942968190290394,-0.02723402062989333,-0.014104230171302468,-0.023491660039262396,-0.021110483071221098,-0.003479795071638203
2021-06-23,0.006872948865173978,0.014990900981428634,-0.007180725163072554,-0.009915221257696727,-0.018597985465439226,-0.0164023903379954,0.0,0.015872941574655908
2021-06-24,0.011945304892637232,0.0013498614557077016,0.0003144961522070222,0.011192992783683575,0.05199209449880016,-0.002223501208408085,0.002068043190216917,0.00781246400265978
2021-06-25,-0.018549756281512342,0.012339106309545045,-0.03175074824112922,-0.02242933227283006,-0.012009259131957606,-0.05571016395060646,-0.030070753891966118,-0.013953494915121878
2021-06-28,-0.0017180379871849505,-0.016014376063756885,-0.011363871932938308,0.013730953161912307,0.006545209592863532,0.032448136432635666,-0.007598967841094817,0.010220293126874891
2021-06-29,0.0044749740157281614,0.01726944855542678,-0.00985229735554427,0.02058838637289573,0.006502565610536859,-0.011999813361216027,-0.006738018744243068,0.004357913669572833
2021-06-30,0.008567432855972168,0.00657711989330223,-0.011608373117768411,-0.029106976740743473,-0.023996348721447958,-0.012724295902615701,-0.009250608111220138,-0.00673576743266846
2021-07-01,-0.012572117105616898,-0.01739518014041974,-0.0031902327456205803,0.01662235749043184,-0.021749446557685292,0.007615778267918039,-0.010581981157987586,-0.02343749391720429
2021-07-02,0.004129376646757388,0.020668771030793787,0.010778694756854224,0.02948915857769996,0.045915853269405504,0.013371996921989426,0.011009823873555868,0.03135994141265863
2021-07-05,-0.011309029535175208,-0.0036098988443088453,-0.013662431002691378,-0.009926576657045105,-0.012014726836942269,0.02926005029673373,-0.006223150875250827,-0.0054296337082702095
2021-07-06,-0.04090121762951526,0.00530180605971986,-0.001689108694436614,-0.010311983513382361,-0.013784815094802672,-0.021739212890044657,-0.015028006516920378,-0.01824982667059727
2021-07-07,0.013733248150310295,0.002900734601619881,0.004399254469013014,0.043705004507292644,0.044613147255305075,0.012535577991009683,0.013350198124018275,0.05417854712203174
2021-07-08,-0.01996453253634889,-0.003856387194215105,-0.013139957390765122,-0.03688312718131015,-0.0040889671202698485,-0.02307256311212391,-0.0028228680511044324,-0.012660169786784414
2021-07-12,0.00873072714864298,0.012405388586580468,0.013655986111983598,0.024474527680391045,0.008211673346001369,0.01728101953482697,0.025479313536405757,0.009158793753781147
2021-07-13,0.006130647160769831,0.005909456227976451,0.006063304567782479,-0.011242197563591017,0.017646993401770006,0.007927676988600751,-0.004294508422832188,0.0009076493820192599
2021-07-14,-0.00824388221817629,-0.005442716900171618,0.001339091971248596,-0.004832791509734924,0.019564283068624455,0.0061796883215705645,0.0067778040871182554,0.03642126880786578
2021-07-15,-0.021322854352834875,0.003127220961193,-0.012036309028742309,-0.0025706019942843827,0.03445266900022559,-0.016191976895860716,-0.015299907820558456,0.001895568740640119
2021-07-16,-0.01477107196506433,-0.01801189322570118,-0.016243928987456968,-0.0180413246269,0.007588528198565925,-0.01078334269299619,-0.012119113633488832,-0.014699470697216999
2021-07-19,-0.016491898400155858,-0.010934711131986852,-0.00584753208664357,-0.003207616287949744,-0.03263593842547419,-0.024096294892461123,-0.007549718973510089,-0.0066470914299433526
2021-07-20,0.01333869827182732,0.00838082670944118,0.013148819776102272,0.010825083987936468,0.010813073185206967,0.001175874861952808,0.017749812113126318,0.0037177863866588723
2021-07-21,0.013914906070895405,0.011494356102378367,0.004098225416147239,-0.0028944302350879525,-0.0004278564255895123,0.009982289240766384,0.009965596836800872,-0.010222350330540753
2021-07-22,-0.0022253906629685627,0.002622509184737387,-0.010204101297926482,0.018867664297300024,-0.004708892685891142,-0.009883628007249956,-0.01480111072036272,0.022302079444458167
2021-07-23,-0.005948000852731727,-0.005056778603942935,-0.002749255555129726,-0.008546437867331447,-0.027956962888343262,-0.016441678249721647,-0.005320712057900967,0.00029289290976963755
2021-07-26,0.02729979054054521,0.021731442664824074,0.017574359422285468,-0.004310577317105935,-0.024778814624178747,0.0202984646006672,0.015418340241694084,-0.00439124525191259
2021-07-27,-0.011648921611552954,-0.02075473221492663,0.009820475166104847,-0.007503836912073125,-0.02676943078372207,-0.009947172252452563,0.004648323863452042,-0.017788836666850494
2021-07-28,0.02062609564235962,0.02732545505810635,0.03252830753978042,0.08171026977399998,0.0037295642448080812,0.024231641494898204,0.0148057624745066,-0.010028365368511816
2021-07-29,0.0036087362154244573,-0.014748647928844782,-0.0051964189813167305,-0.028763896155811652,0.008824843776704894,-0.011540836079706684,-0.015805527250312146,0.014363613512401896
2021-07-30,-0.032362436222894364,-0.05892539059707391,-0.010773859929890328,-0.011624586871445075,-0.05156541030283179,-0.028604702978967445,-0.023162489730966906,-0.07363249041412945
2021-08-02,-0.01858040532675631,0.0015631911924625097,0.006108843108925788,0.030889479049980517,0.0014563386743080553,0.013221265639675961,0.013594880830636313,-0.015768271555913982
2021-08-03,0.016660500199482398,0.034058609883894864,0.009845687315057194,-0.006275664106912937,-0.00969460412757328,0.012455319768139406,-0.005614733459086363,-0.0009809496119524974
2021-08-04,-0.021229176421814766,-0.001065394293212396,-0.02794931902280251,-0.009609908642271403,-0.023005360512980078,-0.02577621825780607,-0.014742597853047434,-0.03190964622969494
2021-08-05,0.07876697779893926,-0.03057237177221206,0.0030090081902423016,-0.005822223860543541,0.025050104134505702,-0.0006012604150213985,-0.017828834689609052,-0.011156216511537309
2021-08-06,0.0014109311994001672,0.0056838841919384375,0.027999526679564735,0.010596970599794142,0.010752661962841303,0.02888084062737528,0.03047016933553115,-0.004273554574007465
2021-08-09,-0.007044483002185742,-0.006289745643688893,0.011674050535040559,-0.0022075911832291073,-0.009187653540963403,0.00350876888349938,-0.009122438041253456,0.006008639163731955
2021-08-10,0.0031925539197394937,0.009632057998022692,-0.018910607613728758,-0.0019358718011150966,-0.0043924709091811565,-0.02622386168170876,-0.025396766309706664,-0.01996573106734234
2021-08-11,0.013790686196814228,-0.007177887837624186,0.011107508286496648,0.0016624865385705956,0.025000133144759573,-0.008378160764228926,-0.009772077318506156,-0.0006966596306567929
2021-08-12,0.014998041960175179,-0.0006408360501509724,-0.018739880261457453,-0.017703993259708395,0.002869495452444193,0.0006035869070322164,-0.02171043514269244,0.011848707471137088
2021-08-13,0.008591100697563636,-0.008241492729509248,0.013500176657637475,0.007321896165887409,-0.03338109219583829,0.004221888093363768,-0.008070032846202446,-0.010676720974166498
2021-08-16,-0.024190795681835575,0.004616617076416363,-0.010958911007483807,-0.038020439739986145,-0.04193384754256568,-0.01501494026309691,-0.0016949941739898833,-0.02349871901655043
2021-08-17,-3.354537868482943e-06,-0.016544038746058587,-0.003624779778620413,0.008136988586616933,-0.005664249761131224,-0.004878069388034367,-0.0040747033369110675,-0.02673796057361244
2021-08-18,-0.00887891315384648,-0.03355138837742344,0.0019849528780047088,-0.03199760052854217,-0.02433978612606824,0.009191130205327802,0.004773206761095716,0.011172316211917721
2021-08-19,-0.0055990632358953185,-0.05705441223063856,-0.012875751561966076,0.04794495296530177,0.005838627189000745,0.04371603458359763,0.00678640589158741,0.0530701100858777
2021-08-20,-0.0015014826451587027,0.000410256084528271,-0.0036792111011574313,0.022449602035204297,-0.004749243603300868,0.020360641567594984,0.0013484144979118984,0.010147828035528272
2021-08-23,0.015789333868707178,-0.01383911553594841,0.010741850178093593,-0.006392407851966153,-0.03870636663748872,-0.010262388392038413,0.009087802935378475,-0.0391623722204435
2021-08-24,0.02072547793689239,0.0364863213555946,0.02789753599093303,-0.0025175655613672854,0.061224586030624195,0.01324889566998877,0.03267769165331491,0.010987174324759152
2021-08-25,0.005438683923289389,-0.0021059652596482348,0.0012925501620222324,0.020190819777649693,0.016112234934198,-0.0005685160282765667,-0.0032680330904582,0.008413615193690438
2021-08-26,-0.008654891080678073,-0.012763733520438358,-0.02420122685037629,0.010719962889597756,-0.03836317764656971,-0.026734960238947725,-0.014098164670059199,-0.02729014427333909
2021-08-27,0.03637663770619515,0.025043196514316746,0.017195799420192337,0.0035358463401939932,0.012234056008074035,-0.004091038587854867,0.015297363389326968,0.04181561669846423
2021-08-30,-0.006668623077053071,-0.006356235978959068,-0.007152114248409891,-0.0059622038430431346,-0.007882348514755888,0.00821576047678807,-0.009498846244578085,-0.026586654379398444
2021-08-31,-0.03922269869879691,-0.013692954431888005,0.013097174182855165,-0.030534201703108388,-0.033898327469812806,-0.004656525606245965,0.006282909697214345,-0.022731220397192442
2021-09-01,-0.005516808528278738,0.001722742733465843,0.004365483178982776,0.020528504841432982,0.02412284791799202,0.009356837606373736,0.0009857966748789693,-0.008835342874426555
2021-09-02,-0.016272101770361758,-0.00313611731596275,-0.036059034283398184,-0.015155589683886195,-0.035867290567235144,-0.04287382166017828,-0.04136549350002261,-0.013643638480499543
2021-09-03,-0.010150277662454021,0.0007103022678385251,-0.0056781032990953495,0.014269399825016738,0.04941701889471917,0.0024213553778622554,-0.002397398498018344,0.010512712263388346
2021-09-06,0.004937004065621364,-0.0157187523808322,0.01276448731011448,0.00358644999760771,0.030687886631844075,0.03804363092804697,0.01785115129818382,0.011680664348326486
2021-09-08,-0.05631122030696212,-0.02081147258748617,-0.04742966504086055,0.003023654367207973,-0.035420983562370556,-0.05701014185206199,-0.042158540503253406,0.08028163465983051
2021-09-09,0.021225298033885176,-0.0035777070143390155,0.013231158103675922,0.06440126962890047,0.0031932492087969333,0.006169230202095255,0.017605566746586643,0.0020041649288840002
2021-09-10,-0.006274370792673123,0.001161664875968249,-0.009965402188715333,-0.004634549851008418,-0.08859422320371324,-0.012875561874076236,0.0031141484601411307,-0.04550008248417414
2021-09-13,0.03512223567570816,-0.000527505888141544,0.012495415190741932,0.006207877928930294,0.015133925479783317,0.015527794713346532,0.022076698138539408,0.030207988756492332
2021-09-14,-0.013343423393698095,-0.007070348777511004,-0.006170399771591062,0.012339594095759132,-0.02350918233446775,0.005504544947906753,-0.007310586348158177,-0.016949272267192672
2021-09-15,0.0173881195811445,-0.024976046029538845,-0.016212741185252066,0.011680995202610678,-0.024075065308148402,-0.025547275520183765,-0.007868589221891265,-0.010344933161067438
2021-09-16,-0.008735380025813755,-0.04153046989817655,-0.0007008437296505132,0.001506430220340249,-0.015042119090837192,0.006866474971910286,0.016206848685016872,-0.002961562274214069
2021-09-17,-0.04482753147260499,-0.02024335899053964,-0.02385987963328462,-0.017795129895583295,0.012217450180251666,-0.024178640539000096,-0.01798424954476885,-0.005067404578418477
2021-09-20,-0.011231682389483577,-0.03946596806319069,-0.022645186036936105,-0.0076547966608322415,-0.03138211338419328,-0.008259060737875412,-0.03248118035166647,-0.026343592848385833
2021-09-21,0.022718215009442266,0.016555872796157223,-0.0025746850302343915,0.02211377356402333,0.021183800415630616,0.0032028998877415837,0.025357087033218928,0.029761949021701817
2021-09-22,0.025386618531731076,0.03554423002092122,0.023230009655085038,0.02062873835174872,-0.0030506629782981465,0.0038314142948876473,0.02333682821742089,0.011035278326298581
2021-09-23,0.03829803138258492,-3.48391104991741e-05,0.034594800834689465,0.014788936045144307,-0.028763632403910555,0.010178082003112543,0.00238288222532268,0.006583603150454254
2021-09-24,0.0022353830771402183,-0.015460571667151424,-0.013932792405695338,0.004129317658515763,-0.015122937416515159,-0.0025187857162334293,-0.007810086293091878,-0.021514647998084446
2021-09-27,0.008921937838529015,0.01428756825712485,0.02613940582944352,-0.011115225417728136,-0.039667344154604045,-0.0006313255571644971,0.022245079334094697,-0.004221726836958317
2021-09-28,-0.0066322517824846106,-0.05012709904241208,-0.02271947480359149,-0.004650181428796585,-0.055296481629740324,-0.024636703772691115,-0.020421563108325658,-0.01890126636612144
2021-09-29,0.015949616066634364,0.012692059230559272,0.017964116319716172,-0.01967064566319543,-0.016925194919087838,0.003238245285000829,0.005468052962654735,-0.014223899815512087
2021-09-30,-0.005841702799174953,0.005805017296619974,0.001038161501766055,-0.006019346778603052,0.028694357663460845,-0.012265900552062559,-0.017675156044574702,-0.0031299773374714457
2021-10-01,0.028277714069319337,-0.0005247900950009488,0.026110727613797513,0.013626111420118825,0.014644321972506757,-0.0019607419800857784,0.022491295799353272,0.024417006323184776
2021-10-04,0.02821440743111392,-0.009317687835036725,-0.17964238505183805,-0.03460349715483979,-0.05773196658711155,-0.015062346774344482,-0.01184438251618658,-0.04838717518222979
2021-10-05,0.021882240403272135,-0.0071530851795524875,0.02423928716362833,-0.03223293314287634,-0.002188160923721316,0.009308694410407048,0.047602635393748205,0.006591390894417959
2021-10-06,-0.02651230417519057,0.028152008343531598,0.0032093352958437737,-0.0005327460037524157,0.05701759725150635,-0.00527027681239578,0.0016350278014787278,0.003928835873978853
2021-10-07,-0.0013967396816320088,0.029846946037904498,-0.021191736932420713,0.0013330291557402951,-0.029737262433636613,-0.001324447531681261,-0.0104443579891208,-0.016212944017773956
2021-10-08,0.018181919555129378,0.00617418890684962,0.007353227301617249,0.029019965756399646,0.06699934723213485,0.01856751260406586,0.02110837390751774,0.04281116691215758
2021-10-11,0.006868045587115734,0.022166434391736045,-0.017437370823091936,-0.0007760723728814645,-0.039412218567649315,-0.007812493707331725,-0.007752107578229417,-0.007084634884989893
2021-10-13,0.010572989103786457,-0.029649284217872274,0.001238407193894675,0.05075101021809769,0.008344960025009396,0.017716724001660022,0.0013022013075749683,0.016099368200395814
2021-10-14,0.0016876425165195386,0.0,-0.004946523164732652,0.0004929145630852005,-0.022758565922916807,-0.0012895957216723097,-0.0048763692974966855,0.0003602805434423928
2021-10-15,-0.0026954890616048832,0.018686652331481923,0.025683017855709478,-0.011822862275803425,0.027522833725529994,0.0025823621121505713,0.03168889862788293,0.01925862805659273
2021-10-18,-0.005067635906389589,-0.009419714514192212,0.006866048590055129,0.005982157360487017,-0.0192307515874246,0.0057951100691711055,0.019949403378758168,-0.006710457280281301
2021-10-19,-0.04889635420625882,-0.011511651392705935,-0.023665648708665388,-0.025024706195735602,-0.03851537681522754,-0.03072964998484007,-0.04905309713794359,-0.04764442649794243
2021-10-20,0.017493727403219195,-0.029493537841748463,0.026704906958910923,0.019567800699657134,-0.03350324976444097,0.017833412952499295,0.018609367388762843,-0.032294103642554695
2021-10-21,-0.03684205387374195,-0.019694798245552425,-0.020408553445018796,-0.01919225056561147,-0.06480789260346931,-0.017520954534955502,-0.04423098236862166,-0.04687492369056501
2021-10-22,-0.009836197777341682,0.012240478358888529,-0.03839848314381322,-0.011689999759694425,0.0008058650904336773,-0.009247045660433995,-0.030516342555936604,-0.03157283999552751
2021-10-25,0.068432909787147,0.012092460853505571,0.01954103112275507,0.016970851706794576,-0.0064412993450359,0.018000023424106226,0.020753948485201512,0.01337528627145157
2021-10-26,-0.009642073783387217,-0.01064935496455699,-0.010833678828808035,0.0027813105837026786,-0.0291734031641373,-0.007203808564213765,-0.01050493512740025,-0.061662194142064974
2021-10-27,-0.0024339327713588377,-0.022709106098555143,0.0075827496991331955,-0.011598412031511907,-0.031719497434042454,0.003957780195936067,-0.0010273024478328896,0.018901287930629618
2021-10-28,0.00941074515464102,-0.010074112659502088,-0.0020905126665801133,-0.03494938565295336,-0.0387930792919301,0.09724052422666962,-0.008913227060494577,-0.00884395057943188
2021-10-29,-0.062499959513059755,-0.028358317126717325,-0.02346066521727641,-0.021939826263544737,-0.030493351406141622,0.017365241247370822,-0.014182087704993629,-0.014145979821255428
2021-11-01,0.03130771098179097,0.009915083969941785,0.03982664842243766,-0.0010815599836390133,0.04532850205409544,0.021777509028420017,0.022806965720899575,0.006181305383591962
2021-11-03,-0.04107138948804334,-0.07591275340339587,0.009496631166632019,0.019480860726793114,0.02212389659500924,0.027073625777884303,0.006517754116117214,0.059675300882994886
2021-11-04,-0.03165745337155834,-0.011372212178868857,-0.052760877418171814,0.0010614763225214041,-0.040692673469840956,0.002804318129508987,-0.023516901905783594,-0.0008282895563255233
2021-11-05,-0.0057692491546113,-0.029665370577655614,-0.012089779169107362,-0.0010603507852693372,0.12274359555317393,0.001118728756573928,0.022338768750399085,0.03791968851704497
2021-11-08,0.010445077089677568,0.05443775454862987,-0.00524498239047011,-0.01539298928236743,-0.04099671401476779,-0.00893858470865172,0.006486597822321638,-0.03194264016857962
2021-11-09,0.019908044526803614,-0.02455625147218987,-0.01010503582818889,-0.008355567352977378,0.10058666778936165,0.00845549468022777,-0.0013566957236131882,0.02289117714572564
2021-11-10,-0.007882871912720857,-0.0037913587006696003,0.025299095622284273,-0.013862555839700308,-0.008377673346906866,-0.007825823745351346,0.04585573928871067,0.01814537501350144
2021-11-11,0.0007568837918388027,0.035317348705670826,-0.002164751678393362,0.006063993030810622,0.04838706588477737,-0.007887062418450053,-0.0191619292209535,0.05188119545808001
2021-11-12,0.020415559870767375,0.004264175963752281,-0.002169062051924575,-0.023287459418331324,-0.18315015136602608,-0.005678703015986386,-0.0016555971177555362,-0.02786155607916696
2021-11-16,0.010374431314253751,-0.028843341064289207,-0.010434594262868413,-0.007573791130541463,-0.12645742367277513,0.0,-0.013930514960282747,-0.014523692521418496
2021-11-17,-0.02530275502428525,-0.02005121795969811,0.0039543313875884945,0.01102309516617539,-0.04825456990164079,0.0017134111125414186,-0.014127131268130477,0.012183267385313501
2021-11-18,-0.0015046369544293725,-0.04107698425694173,-0.01663028249619891,0.0041935007169175975,-0.030205027324840206,0.0034207491071645,-0.007505994822419426,0.02154916860776246
2021-11-19,-0.016578833620023326,0.027274209267841076,-0.008455466046662474,-0.0036190083852989385,0.03114578666202017,-0.011931981896836641,-0.001375073139430416,0.022804882103693025
2021-11-22,0.009961440724285398,0.05559881862182192,0.002477736275508402,-0.03129389342684885,-0.046386278239278655,-0.004025310366155943,-0.005507488689371787,-0.019323486854677996
2021-11-23,0.05462849960934402,0.026335244634292376,0.016764518606162904,-0.014710347682541314,-0.0271493390446218,-0.006928329261396082,0.04181046985961001,0.013452266028460613
2021-11-24,0.020503423198118265,0.023208882286124055,0.026738089761693784,-0.01844254080243035,0.025581438455112737,-0.005813996144286682,0.0185248068121302,-0.011591153297777823
2021-11-25,0.04406082383649701,-0.006762262766885407,0.009114706451461618,0.008052344878474615,-0.0136054002783903,0.007602272289060519,0.05191761580915988,0.02345382539882479
2021-11-26,-0.038825182596711416,-0.026383166204373087,-0.01892545560453507,-0.03283996337610051,-0.07356315932725399,-0.031340659722563835,-0.033008240962761226,-0.03234170021772853
2021-11-29,0.03512447158496612,0.012529206123133685,-0.00657516505352862,-0.008565132900966832,-0.002481473747247387,-0.020970463134142747,0.0016254122560990236,-0.002100679800326244
2021-11-30,-0.0013572957804578456,0.006474683368026923,-0.012356587960461796,-0.005553870765623636,-0.029850764453777212,-0.01713597180602966,0.03343092983938534,-0.02181833599257954
2021-12-01,0.005776639441359643,0.00400305858155825,-0.0063654710476723775,0.008067024477152573,-0.11794873492814928,-0.01245331461064525,-0.016960250361028995,-0.013695707439945637
2021-12-02,0.07630069233571701,0.04641880994388159,0.037803646775413924,0.00707899318130778,-0.01744180703380549,0.009457786001434654,0.027476276459608817,0.0656615880006155
2021-12-03,0.014104244728745607,-0.022043717000120755,-0.003469053838197067,0.0018337724610764106,0.04289935137989209,-0.0006246219271583975,0.001243689867855613,0.021220873718999167
2021-12-06,0.004520281409486238,0.054264509358814106,0.011749116562753903,0.0070165617781769996,0.03546106323378129,0.0050000985884834925,0.027018880503565157,-0.0016403692524341595
2021-12-07,0.016268689256994318,0.0073907852623258385,-0.012473200362342451,0.046955272336411724,0.04383545885138518,0.0012437285574156132,-0.014212418520920367,-0.016067197829256363
2021-12-08,-0.0003407101085011188,-0.007467476526587746,-0.00958218283231771,0.04282413776677396,-0.10629910033054069,-0.0012421836181761847,0.004601428837667454,0.038597100263584094
2021-12-09,-0.002044388396621244,-0.00765585468665686,-0.026824887450421886,0.012763638963757318,-0.07782675612798406,-0.01679114339086185,-0.022290047483556563,-0.01304282678856239
2021-12-10,0.01229107879056257,0.00625171510018796,0.0013558792384373852,-0.019178003860364057,0.014331201610462863,0.0088550948272752,0.014990288132259888,0.02643046229431323
2021-12-13,-0.006071015096666632,0.029213612979536174,-0.026624850331541494,-0.005586568914600076,-0.05023544138724345,0.0037618298915695902,-0.008307708057885055,0.009347399536385526
2021-12-14,-0.011876378673519206,-0.0001286298941782782,0.009735935609465285,-0.008707804773167016,-0.051239718933207334,0.009993873558532096,0.0001559419244743232,0.004543204563254077
2021-12-15,0.006181320256829936,-0.005651650804115893,-0.003213997970028748,0.009067758462105724,0.07491288320162548,-0.005565895215400518,-0.017155552571843313,0.031309360809682385
2021-12-16,0.013310441085821356,0.03914213565154867,0.01013349426593324,-0.00028091448339939706,0.037277190413814054,0.0012437285574156132,-0.003173551489205839,0.007421269537688291
2021-12-17,-0.023576752408663748,-0.015788327943844327,-0.021887376708945805,-0.021067506978771022,0.04062499065104941,-0.0018633906932975508,-0.03438405625173768,-0.049723812105944565
2021-12-20,-0.02863074331998605,-0.011241839588697844,-0.015385163461859364,-0.023206414554898136,-0.04954956430638524,-0.003000048117174914,-0.03000324477354621,-0.011144171707797024
2021-12-21,0.0014207186321801846,0.026316106352451296,0.0014205815546894929,-0.0026463048798730515,0.014218001144198578,-0.001297049912213466,0.002719182476668136,-0.0017856895456813682
2021-12-22,-0.0014187030543174606,-0.005227727319295883,0.0037824744933185883,-0.007370197746146667,-0.04049836501635051,-0.0006493285580854158,-0.005762331022679645,-0.004651065959053291
2021-12-23,0.006037016372264947,-0.009634603669976816,0.005181511140311068,-0.005940341153792494,0.006493437964290694,0.010396316832498309,-0.0037508405704257397,-0.015995698096247124
2021-12-27,0.014825277688428118,-0.0025270540599166003,0.010309191364184622,-0.00896280592882126,0.09354841165386119,-0.001286053331662984,0.0020535070102638553,0.005479375535573094
2021-12-28,0.001043430141538737,-0.02406573782036059,-0.0037105441499959424,0.003617609879567718,0.0073746194509585195,-0.0006438163612161318,-0.005805810496603225,-0.027247987660645512
2021-12-29,-0.00833903037000061,0.0025956379156106824,-0.008379818022231311,-0.016521451617428906,-0.010248859522882015,-0.0045104618317032275,-0.0051531189923447185,-0.027077417285394922
2021-12-30,-0.003153615818459743,0.00919096765759031,-0.016432129614032287,0.007330441182166858,0.06804727881495753,-0.0019417584971875845,-0.0037981132433048126,0.017274404534636245
2022-01-03,0.022495582152591176,0.0005130680128542231,0.02759599339336294,-0.029108580958694397,-0.06925202989901968,-0.005836608776248808,-0.00103978138293348,-0.03981128762670605
2022-01-04,0.0037815450878664336,-0.011794800637290881,0.028359258481798433,-0.00499709274315463,-0.01636900768523053,-0.0013045870573406004,0.00104086365358258,0.005698477418952352
2022-01-05,-0.038698622857475606,0.009470445556784668,-0.018987383622950937,-0.052730480972495775,-0.02874442695620283,-0.019594990611129015,-0.01663790093597106,-0.028917304931822874
2022-01-06,-0.0007126368147166717,0.020177519541780375,0.020276228700728982,-0.0003313639737844154,-0.02647968153000091,-0.01598942965111061,0.00810697550960926,0.00382278401052516
2022-01-07,0.004634599252582028,0.058200948251726725,0.022131954557367273,-0.025190528678867397,-0.004800091875422741,-0.01624908458927199,0.0010492469719856068,-0.008418602514875806
2022-01-10,-0.006032731561470883,-0.011904801663229714,0.009279449028149145,-0.028901773414981458,-0.0771703989012259,0.008258657298255923,0.005238950593588365,-0.019607726925740865
2022-01-11,0.02963246863275093,0.01903641306842374,0.022329659689208414,0.016806777783059168,0.022648079163902102,0.0020477932761830964,0.004169616764319706,0.014432788339782343
2022-01-12,0.030512957827791176,0.010877209019517498,-0.00428258160611561,0.040633556637844404,0.07495746031399264,0.013624164073323897,0.009688800678459009,0.008536761350061317
2022-01-13,0.020188621428790743,-0.015204838312344426,0.018494612534964094,-0.03706152916529781,-0.03486527943009832,0.007392300545162156,0.016106667974667754,-0.003425962902658841
2022-01-14,0.03726921490933832,0.005819684147397863,-0.007601491946828798,0.05498285053451868,0.03940881765138804,0.007338293736689705,0.025632621921480636,0.03680462994416356
2022-01-17,0.0015898106272167478,-0.005195392496894158,0.0,-0.011400670881287489,-0.03317535945078465,-0.019867582568881104,0.001972972026103692,-0.015408399797188221
2022-01-18,0.004444297964298016,0.024450857640043955,0.005957606252007253,0.006260299312345063,-0.03758166938776697,-0.014864841707159848,0.008861289157359398,-0.01525359331209497
2022-01-19,-0.00474096786858158,0.022013815580469,-0.006768245833281283,-0.0013097619381048364,0.07130730718350553,-0.0027433907941075697,0.00878336888994058,0.0028163316565588126
2022-01-20,0.007303894606131012,-0.017005023691129773,-0.008092333522375594,0.007868808222242896,0.05388272381903869,-0.003438835899343795,0.006126960413039173,0.0858575306424949
2022-01-21,0.001576454166213992,-0.02075873868337086,0.00042969443525620044,-0.004228979557255652,0.03759399150717657,0.013802480492216551,0.0,0.014224957202964239
2022-01-24,0.005665811725300562,-0.012248219947922356,-0.0012876507749476351,-0.02319509230156669,-0.07391310492396741,0.0006808741873380875,0.004807581618211376,-0.023315106873333602
2022-01-25,0.032551071077000726,0.0022652245386012293,0.036097815406147093,0.010033513599217114,0.0516432798367088,0.025169938700646766,0.025837054663302217,0.03972387738962202
2022-01-26,0.026674384702225717,0.002855217123853837,0.010784379566480817,0.017880746969023642,0.004464304941679043,-0.0046449112436134365,-0.009638845299460908,0.03820642251865536
2022-01-27,0.0002954246892206136,0.0022536701758588684,0.004924037267617587,0.054001374958261295,0.06962955437945384,0.026666631738904822,0.01381459499831661,-0.0019006209360082904
2022-01-28,-0.03955147485109278,-0.009823300651862987,0.012249804683872156,-0.0240743813956934,-0.0706371186010647,-0.030519524702010914,0.006194114699520137,-0.0057121739570404895
2022-01-31,-0.005838983511868401,-0.03334927260582288,0.021782730620199864,0.017078027425216913,0.04321908737901703,0.002679237939680945,0.005232197065677013,0.02019506596918763
2022-02-01,0.020092814028137118,0.05490263743767376,0.007018617300170504,-0.0031093637792862783,0.0014285564347535917,-0.008015997793232255,-0.0015309443517173005,0.00119442244667467
2022-02-02,-0.014545289539855788,0.005626630895591456,-0.01569303457807303,-0.009045518953233356,-0.07132662733672768,-0.022222186585286186,-0.016559468247660858,-0.0035793000440618172
2022-02-03,-0.013837939118408582,-0.00046624062123212795,0.011558514250187946,-0.025810562118237068,0.0030720958622496575,-0.004132254447811401,0.006860082964605496,-0.016421533716589387
2022-02-04,0.017461924845680654,0.026239167968036048,0.003152395862320523,-0.003230993891725542,-0.030627824581235585,-0.003457943817491538,-0.001858184418346287,-0.004869481912792573
2022-02-07,-0.014710393185874526,0.024204364127927036,-0.005499040856956183,0.004862235063849196,-0.003159524546282655,-0.008327432758860165,-0.011479885700319326,-0.026564334927122957
2022-02-08,-0.009953288714804165,0.013979787109076325,0.01105877957532253,-0.025161337173586595,0.03645004882103042,-0.009097377409883478,0.010671741169933746,0.007361173434114798
2022-02-09,0.003770029099370964,0.0002190505594845682,-0.03984422469710458,0.00231633677162435,0.00917435190267546,0.026836339675202714,-0.008695930438572197,0.011227811175331892
2022-02-10,0.015336655312698788,0.02691160010913296,0.019121811009687573,-0.018157709432815028,0.05151514906186816,0.014442832342254963,0.010965224098190562,0.0026434815348219676
2022-02-11,0.04069033511449138,-0.020240949308717227,0.059081563658014424,-0.007061308955018442,-0.0850144129198892,0.007457695968959621,0.03501699013706672,0.008085953525014622
2022-02-14,-0.02251190763469557,-0.00434911278160266,-0.002261728211142233,0.030815986608173418,0.020472435975648295,0.013458891426133768,0.004191670450511609,0.022144707226206206
2022-02-15,-0.015757720316384116,-0.0297041296195798,0.009445009213309818,0.08015789190402067,0.05555552119822971,0.02124832747843719,0.04740588476832497,0.03360617080378203
2022-02-16,0.01385489957682906,0.007315905237578857,-0.010479348839509295,-0.048053456968892516,-0.0029239459625934883,-0.01950580665260515,0.005693290034073595,-0.008912268210339191
2022-02-17,-0.003947951847310782,-0.04301674863951155,-0.013993695445876808,-0.02076678782320074,-0.027859271138470976,-0.015252021853643272,0.0,-0.010491133634349836
2022-02-18,0.006097676360850235,0.0021015448165682127,0.003835835051019254,-0.02740628606464779,-0.040723958196914545,-0.005387262352307687,0.020379161030621873,-0.016492744062573395
2022-02-21,0.025757427646137643,0.0008156878782556998,-0.024455961396812054,-0.002864543945289011,-0.05345918818704576,-0.02166544611902932,-0.021359424437065844,-0.006673718364037073
2022-02-22,-0.0032495360859666755,0.017345465015144335,0.00915772872938092,0.00033894599749162424,0.008305635185342553,0.01799304257484069,0.009353864183548444,0.06080960376735822
2022-02-23,0.01422644176609289,-0.010527329523731255,-0.013980758076243327,-0.031493264308621316,-0.026359088824446486,0.006798107703661405,0.005054976686802215,-0.05228965520373452
2022-02-24,-0.024254815419232023,0.012374261805371711,-0.016935825381701353,0.0251746492957321,0.035532999513215646,0.0020256696850311506,-0.031852879803634826,-0.00034271118088657904
2022-02-25,0.018269045378110027,0.05414646424086511,0.02043295301214454,0.0027286945645854654,-0.017973813411095718,0.024258735236467155,0.01616182948754341,-0.014055588965586785
2022-03-02,0.019705817898395983,0.07986574169723037,-0.016593780065507935,0.02891139031613177,0.04991679879087818,-0.04473680602911234,0.011076160581176442,-0.016689741867511043
2022-03-03,-0.012402670124073256,0.000501895706364941,0.0007991584515059103,0.03305778080671806,0.0,-0.023415999197002657,0.00011131813748810337,-0.0176804920280077
2022-03-04,-0.0002919071249237737,0.022768354180201067,-0.015169904397852596,0.008319996364734905,-0.0031696093477825427,-0.017630368207631864,-0.02502142616741443,-0.04229648040401168
2022-03-07,-0.07099048996090263,0.030400744793707135,-0.021483130237682446,-0.013646372989237543,-0.0699522802616126,-0.03589398036416336,-0.04277294446142199,-0.041533316113228524
2022-03-08,0.020754985008148985,-0.043875290574917014,-0.00952806174592824,0.015765820280364107,0.03418805565628058,0.0007446650146729628,0.007704276394012499,0.015293795079756034
2022-03-09,0.003080514651566002,-0.026366892431903266,0.04976958283371502,0.03484299497506815,0.029751973783035845,0.03645851052368965,0.05657451652773671,0.07724979303992141
2022-03-10,0.03501212103027607,0.03301831648495113,0.0007969299990462364,-0.029078510302575133,-0.04333866038474843,-0.03948323308670432,-0.01302463460111003,-0.012907691210394145
2022-03-11,-0.035904740761443565,-0.005241514357413601,-0.011146857166966728,-0.010403515101838123,-0.04530198785097583,-0.014947707585370229,-0.019941202603690922,-0.02451881677684231
2022-03-14,-0.019082909746027554,-0.053621317323339635,0.014090784711427995,-0.011787228330493171,-0.06326885538601001,0.01062206402581789,0.006283651256726364,-0.0039099249239993306
2022-03-15,-0.02416064196420753,-0.02871154407415455,-0.0035731969890008264,-0.026434665297331184,-0.08630395046381689,0.011261325688891821,-0.01135163256085725,-0.006728845761142521
2022-03-16,-0.008681807564363098,0.024277757410197554,0.019521935059103823,0.0589403897051235,0.053388077582473104,0.02301411775708817,0.013316716478510182,0.015807201057316256
2022-03-17,-0.026597357227810203,0.034785479307065215,0.0218835732292475,0.03502204252881902,0.07992205588454193,0.010885488935384657,0.009259433279168228,0.011486011813663044
2022-03-18,0.01999333895438271,0.01898197990178363,0.007266340753196099,0.005740251802435203,0.050541466338280605,0.02297181577551366,-0.002071492891987714,0.031501736056608554
2022-03-21,0.037569261318384006,0.028306643932375586,0.024676978022922125,-0.022229152445286116,-0.017182180011419468,-0.0049121972011497705,0.020462382496719833,-0.018998690908158977
2022-03-22,-0.00440809108185336,-0.022366238863605226,0.013709009248851212,0.013824889878494506,0.015734335141143863,0.014104311360451094,0.020052524641222425,0.038733181467639266
2022-03-23,0.013599007441110755,-0.0015525497657136178,-0.00438660800781665,-0.007575710520220769,0.03270227735781894,-0.013212759905719573,-0.005128307359544726,0.0022650377070065897
2022-03-24,0.011544480095444065,0.004769086344696527,0.006608152384088406,0.011603326658628843,0.09999998515763564,0.0007046976261473326,0.011454933406227275,0.02851200831883527
2022-03-25,-0.003701334190479022,-0.017335520623145695,0.0018239143721769935,-0.007545981521029366,-0.009090948343443706,0.008450668085690838,-0.0005664597852730324,0.028228419737340138
2022-03-28,-0.02167188905258488,0.0011550365676475938,-0.000728173733686055,0.0230416265875244,-0.010703387858373326,0.029329609286944613,-0.009631798069513198,0.006575685602187242
2022-03-29,0.022151963957774523,-0.008600699521596478,0.011657567878209818,0.010416523357332563,0.08191657562813837,0.034599844431000504,0.004290890966111682,0.015025341699850259
2022-03-30,0.02136244943816168,0.014282718974405473,0.002160501420533034,0.0058908826979460205,-0.0185714244822055,-0.005245878804162052,-0.005981134859194048,-0.006509546766727881
2022-03-31,0.01394333824611449,-0.0028164092726107315,-0.01257626209285223,0.021083413010022145,-0.007278008774235789,0.015161377752203498,-0.005730747555718674,-0.008116865683581165
2022-04-01,-0.013154075911314567,0.014225922883236208,0.0028271677121700645,0.01462618055144449,0.07771257656032371,-0.0006493285580854158,-0.0005767314697645576,0.020131060178044002
2022-04-04,-0.009391027170631117,0.010107431300182101,-0.009077499798167077,-0.010175424759565899,-0.021768721659790824,-0.01299539604062283,-0.009227005644689923,-0.004813095026227843
2022-04-05,-0.009480139737964466,-0.02889525189838449,-0.020153805952084602,-0.0111363910607023,-0.038942878423500527,-0.007900056729651994,-0.026484118123227596,-0.018216871770280085
2022-04-06,-0.0009262550911161016,0.01514019490083851,-0.00037438638442599537,-0.008663298821668719,-0.0419682340761518,-0.007962727564068128,0.005082248168913006,-0.030049463581100055
2022-04-07,0.05191613847239429,0.006007143702946971,-0.0007482890869432435,-0.0061168686767578695,-0.009063416269420421,0.007357847651352278,0.01844135541807268,-0.014897616454502716
2022-04-08,0.0049939484883159135,-0.02038485693163572,-0.0018714135382584818,0.0005862149899553692,-0.06554876962339917,-0.008632239281729182,0.01781538069715105,-0.007217586383246766
2022-04-11,-0.007600065673653678,-0.01208635021728377,-0.00375137683278548,-0.046573139904220295,-0.008156666218005926,0.018084497202248473,0.006312769869937895,-0.0012117673232250326
2022-04-12,-0.002945563761588832,-0.00670201144262117,-0.01769564332793272,-0.0055298289446064075,-0.01809206226147697,-0.009868398118507149,-0.001995886429602689,0.005025779346760961
2022-04-13,0.021270565320608892,0.00032127469206066905,0.0026827536450857448,0.005869596800549992,0.01005022014807011,-0.014617916437786205,0.004856953039084955,-0.005862956192654312
2022-04-14,-0.010435151846277746,-0.014025684696351237,0.006499101504905402,-0.008292422037320946,-0.0033167148071274744,-0.008766036870218596,0.0008529796419964875,-0.008152665177295959
2022-04-18,-0.017589070992368727,-0.016505443241406348,0.005696038759659849,-0.011768344252815477,-0.019966734334019853,0.0006802489105122156,0.03693169153911868,0.002273511061959832
2022-04-19,0.03027339139998486,-0.031909093712896186,-0.017748560226947818,-0.016922475997514175,0.008489026339099537,-0.004078961757679522,-0.035342282847992346,0.01814698851830343
2022-04-20,0.004739565456099104,-0.026003690032125215,0.0065354571942586315,0.0015937422704912496,-0.05555564301056215,0.005460809162409985,-0.0014197951793255559,-0.0032561251709427586
2022-04-22,-0.03899375084555878,-0.057962411111590506,-0.019479958597481306,-0.0035009763151703233,-0.01069515448362457,0.0013578078803297977,-0.02076218044924627,-0.03885853047389254
2022-04-25,-0.01472534002767123,-0.017029399195978345,-0.0038958268140504293,-0.003193930366021447,-0.01981977197153384,0.02508477920273,0.007841735102094738,-0.009838752525781036
2022-04-26,-0.0016605173222915548,-0.01365704287502112,-0.03402410837414249,-0.0394103342260429,-0.04779418595676077,-0.024470931294326648,-0.022478381787053414,-0.03902449851557166
2022-04-27,0.0,0.053461441538018795,-0.008097169818007455,0.05503660510441666,-0.015444111360374935,-0.004745843219665757,0.004422142285512631,0.009588233875747143
2022-04-28,0.006653540088228604,0.024705036449002904,-0.00816344783791989,-0.01580782074081699,0.015686373458914993,0.0020436895003301814,-0.0017611918292101958,0.016759874382229256
2022-04-29,0.0006607629318973185,-0.01080759024265665,-0.017694932589889634,-0.03308681687287307,-0.057915052272919154,-0.012916347974591624,-0.02322814685797847,-0.030402980428369863
2022-05-02,-0.009907419839508491,-0.004442338343216279,-0.004291245318034487,-0.038538309420625194,-0.016393453093579202,-0.0034434907028785267,-0.007224627252602089,-0.022717510781280148
2022-05-03,0.009005860687550715,-0.005065012824289505,0.005052960977801613,-0.01831381126302234,-0.04166669372306164,-0.01589498829071423,0.020618383677812213,0.019040455204881956
2022-05-04,0.060165548994801865,-0.008363701425787462,-0.0012574541674170714,0.018655463908058723,0.0760869354786875,0.0070223995665248395,0.029114610174739708,0.0428978998010805
2022-05-05,-0.0018712035677815875,-0.018090747032943888,-0.02307018235831171,-0.02695243313293416,-0.10707066927196662,-0.042538483727917464,-0.025981365497105946,-0.026508346688897677
2022-05-06,0.03280248431269328,-0.007095791981065025,0.021468099308800337,-0.03586660501258476,-0.0271493390446218,-0.014566495343576347,0.003260070669300008,-0.021971771969354847
2022-05-09,-0.027223078532648604,-0.04099792259778312,-0.014291726679720007,-0.01804751620609235,-0.09069765780221917,0.011825522066102767,0.0026588804888292294,-0.007104441051457577
2022-05-10,0.008706210259107339,-0.012419891038815689,-0.005116922436114613,-0.020255235298975216,0.010230185726958885,0.0029217413933571024,-0.011490825640435132,0.016244579563186035
2022-05-11,0.03483373911548582,0.04169974694481282,0.033432934607466436,-0.0007655986482020261,-0.005063238057748332,0.016023457084021198,0.022056577011871026,0.026260566843174127
2022-05-12,0.007745225822401114,-0.010039240189094412,0.015761353097385467,0.011877326901496454,0.06361324106594468,0.037992817957649416,0.02537206720585261,0.025588595812419124
2022-05-13,0.013005906955949165,-0.0011555744764316644,0.011841176157541433,0.003408002592067305,0.04784681146067715,0.004143752038325399,-0.0014222594105223196,0.014464129728833708
2022-05-16,0.00992125078183137,0.02994484655387475,0.010493032139065939,-0.011320894182575314,0.0,0.010316180127456054,0.0,-0.003742740058488847
2022-05-17,-0.013002206619505685,-0.004242434866091549,0.008785339920310165,0.027099225202400268,-0.1004566873853211,0.002723010410647486,0.03759627849090763,0.012164573646477717
2022-05-18,-0.01639340965716396,-0.02531355973630689,-0.01425150510659312,-0.017837300812258206,-0.05583749145622152,-0.034623090494253494,-0.014274040419344325,-0.020855471702950212
2022-05-19,0.01696436190709405,0.02661346012284338,-0.003212866265934644,-0.034052241042124676,0.002688263585088446,-0.005625854311591905,-0.005848032726240571,-0.008664427265357433
2022-05-20,0.01931519569129425,0.01765821586980798,0.012489368700514536,0.01801810665482928,-0.016085919381491287,-0.008486693841557535,0.036414583239325005,0.007101356134363357
2022-05-23,0.03933408740705402,0.020428315222844162,0.02586554668063279,0.022316337424983956,0.008174422955502525,0.004279539750528194,0.04216236508416471,0.014283387801433456
2022-05-24,-0.027228733846235587,0.013506961501198012,0.01512850817419431,-0.018441948346274994,0.0027027947492204163,0.0035512693422106167,-0.0022946973734957465,-0.01479527173117634
2022-05-25,0.014240439339343824,0.0030938629929742056,-0.017959774116845906,-0.029524720614324762,0.0,-0.0063694621767204085,-0.006084652386144418,0.029491733030544864
2022-05-26,0.0024960376115257255,-0.0005932396318940603,0.012451536766936444,0.015804175205793802,0.09703497573093434,0.012108358152702836,-0.002927836501645409,0.016871714590473763
2022-05-27,-0.04761914236116782,0.0174481735894243,0.005380222042012495,0.01983680651223918,-0.017198945965987478,0.0,-0.010944977149656032,0.0096786431128697
2022-05-30,-0.019934519782391136,0.010849287825409393,-0.009174023573532475,-0.02593445439738884,-0.04000013358127508,-0.008444971269400248,-0.026450739455677663,-0.024306864159490904
2022-05-31,0.002334053266201508,-0.005078064984067265,0.009258965541678377,-0.0066564461542911735,-0.031249963763754995,0.007097329002912378,0.015248177064849378,0.009122746940221305
2022-06-01,-0.00133086679051031,0.023547238027348927,-0.013860620957156344,0.03311014244746868,-0.0026880840403455952,-0.004933051208139361,0.0019113883579671143,-0.002259990868818118
2022-06-02,-0.008660679329449916,0.018812568547721398,0.0042674913970344175,0.0045783013962248376,0.024258623913616884,0.0,0.00081770356536226,-0.01916727545186947
2022-06-03,0.01747306754846334,-0.01601797808019978,-0.009270526996608797,-0.015571600687792064,-0.05526310886559127,-0.002832933334907417,-0.013888834551818885,-0.028779336916785914
2022-06-06,0.0006605609950531832,0.001017382477725981,-0.0035084949174760682,0.002314762599006537,-0.052924794541250875,-0.0021306093826983785,-0.012427577764017927,-0.024876435890009208
2022-06-07,0.011881118738853225,0.023376624802978307,0.0,-0.0011545865546686018,-0.032352929620995785,-0.022775956999191105,-0.00699124365670678,0.004314196952038607
2022-06-08,-0.0048923210567729525,-0.034429324503635006,-0.01917018749546162,-0.05934485111587351,-0.021276575587552915,0.0021850957150149064,-0.00901116847406569,-0.02782963203346822
2022-06-09,-0.014421442186123179,-0.0338285973276492,-0.01715241664721867,0.004506290803752755,-0.06521746645809923,-0.010901051666396877,-0.0014210282141131625,0.016522591385414787
2022-06-10,-0.013967441166904071,0.00023640488186615904,-0.021915386498308376,-0.021206955934574,-0.03654476522939554,-0.0014694575745306526,-0.01678999453863428,-0.021546055080896576
2022-06-13,-0.01281610111878606,-0.03169351380114638,-0.012033744392165535,-0.007500268243646135,-0.07931035515194218,-0.019131761689373583,-0.022865598424834932,-0.05582363598581486
2022-06-14,0.011274294922694494,-0.0019540650531503223,-0.006719220353837985,0.01805213655673299,-0.04868921071805532,-0.01350345103080719,0.0003072926378793195,0.0063417937599064
2022-06-15,-0.017567592686933975,-0.0006119028897221268,0.004227836353478898,-0.010309088114249354,0.003936966808817388,-0.006844054544535849,0.015811365696713375,0.047977156803248544
2022-06-17,-0.06086647331938644,-0.052161018872173504,-0.012631583208974062,-0.04875024845518039,-0.06666658517916346,-0.00229710319741816,0.002349486972342163,-0.022308328147235046
2022-06-20,0.011351204084173006,-0.024673831198798624,0.043496990521243006,0.055628734470745345,0.08403357492712904,0.0015347757148496122,0.007618046331837158,-0.009722254175141054
2022-06-21,-0.019913021002138986,0.006622495229622105,-0.010625400010121133,0.049792448260957745,-0.02713175852954952,0.009195546399638932,-0.04100043174014978,-0.004207497898134682
2022-06-22,-0.002955479811938222,-0.008552867258337038,-0.0074346576759234395,0.01936760828980333,-0.027888420418104132,0.009870853537660818,-0.0036386475824511377,0.01529168427686134
2022-06-23,-0.018525509614982005,-0.036496134725659046,-0.0228883904580649,0.004652942433024609,0.04508185914127116,0.0022557414151831434,-0.006390732477035699,0.009314465919369352
2022-06-24,-0.0075500038438639505,0.02782377846953299,-0.0017033671671743411,0.021227617670542376,-0.03137239768567346,0.02550622085954024,-0.005819239904339746,-0.012173760628592656
2022-06-27,0.06428313759095938,0.045966276983105514,0.005972361512961877,-0.018424560294256875,-0.016194431607602033,0.0036578686421515627,0.020640895624108424,0.027231270520625017
2022-06-28,0.012508949009697234,0.017937035648952326,-0.011026014578444765,0.008484285903295197,-0.020576100016289955,-0.014577281741296355,0.0036220959612942583,0.00019361045645460706
2022-06-29,-0.00882483066521067,-0.008306941177278593,-0.0102916347380827,-0.0045886320129227,0.012605097042877045,0.006656753402444426,-0.005112917635350045,0.004643066583994715
2022-06-30,-0.005341748307877259,-0.02830313730849776,-0.017764232920403966,0.016135258128832763,-0.02904561440460718,-0.015430004440918466,0.009069120445416745,0.009243043880147406
2022-07-01,0.021482397231765038,-0.0190701799106332,0.00872570964992292,0.0018903701626338254,-0.05982918912644597,0.02686573715920315,-0.006890603263047357,0.01674283569511137
2022-07-04,0.021380788723071253,-0.005725518843894606,-0.009628143305608572,-0.0003774879153370936,-0.03181815375874997,-0.0058139288360088415,-0.0033181944886432335,-0.007343358707618597
2022-07-05,-0.03809157515930417,-0.00495523989013702,0.007069606103658366,0.020007573292687875,0.11737091949918921,0.029970697689195358,-0.005447982941557794,-0.013277438189652768
2022-07-06,-0.012843628998173817,0.00942142447633132,-0.009214291522390616,0.002960771705183163,0.05042020108286893,0.009936294407320911,-0.006390732477035699,0.025374792706280402
2022-07-07,0.02927334711688223,0.02906651559418938,0.014171622598857292,0.018819423827045156,0.02400001496110371,0.0,0.01470154139629165,0.04986861754471916
2022-07-08,0.011236399106404393,-0.023063039450532785,0.00043678010108427756,-0.012314708278713726,0.02343751426802032,0.005621817253159245,0.009658845705260433,-0.002678605149315172
2022-07-11,-0.004861306044360747,-0.03408472209622404,-0.016149932084327134,-0.02530248145607772,0.0038166687004104194,-0.014674969027571816,-0.016442477021912594,-0.03240799032096009
2022-07-12,-0.015003593052491881,0.0030206462136836976,-0.0022180697639258007,0.0003765103822201965,0.11406852314194382,-0.021985909993122554,0.0033434858176992766,-0.0018507517156505227
2022-07-13,0.0007086912002840506,-0.0034222656434040877,-0.004002294200760925,0.005264881838543234,-0.03412971487613792,0.05656287463617882,-0.010905867679555259,0.022617893469039307
2022-07-14,-0.026902789035874952,-0.06662098366685565,-0.011160056866730494,-0.012345815274046879,0.028268570139735605,0.018531167581322006,-0.0012249594754206727,-0.011965244345613524
2022-07-15,0.017096866352404927,0.006181199792213432,0.018058758542912168,0.005682092118475923,-0.04467360682406052,-0.016846428608968123,0.02054579308830551,-0.0018348034985300465
2022-07-18,0.022890176374495752,0.005265566933336574,0.013303737767830892,-0.01619601421196215,-0.0035970047677631456,-0.006853939562554756,0.014122544172736617,-0.0018383402329532617
2022-07-19,0.020279532881997575,0.002182186256778129,0.033697991908103964,0.03215916596738766,0.007220140585055379,-0.0006901897647956234,0.026962842628931893,0.0016576601805669
2022-07-20,-0.00034261373989852295,-0.021631898622016976,-0.012701564480757876,-0.03597914913337774,0.10035849101019445,-0.012430844955042986,0.0002887192114571224,-0.007906159739636709
2022-07-21,-0.005142219736462561,0.01751006236493513,0.008147608159730924,-0.025394501566135874,-0.019544058508311868,0.01818186360021823,0.006922266833071733,0.01575244336521142
2022-07-22,0.010682021672907771,0.009333539882084407,-0.010634072213561385,0.020134234329795442,-0.04983388507733477,-0.003434193884055081,-0.006874678474281137,0.011129398881231323
2022-07-25,0.04671002409383096,0.018494539041723934,0.014617549470758107,0.03002763243535589,-0.024475502700817553,0.011715987140233253,0.015286758274650758,0.01497660253060773
2022-07-26,0.010097915257113677,-0.0018441767245581664,-0.005508117127846601,-0.010573988346538776,-0.06451609299460292,0.00953686618432803,0.0034093098972274305,-0.02311116279482983
2022-07-27,0.010964077887197776,0.0022739259055848393,0.003408508369775465,0.025572617766612904,0.03448273803080548,0.010796174915195467,0.006511983742822025,0.04640583913962204
2022-07-28,0.02998417814854193,0.002410583982989989,0.006369568097120304,0.03944902803157868,0.007407494751368482,0.008010726329170215,0.01856522676499517,0.000695831637145039
2022-07-29,0.05760308678820203,-0.013297372481816172,-0.0033754298753122525,0.003938417257244087,-0.051470699577099044,-0.01125836775904765,-0.006627935906348581,0.001216451523976314
2022-08-01,-0.013763133707837771,-0.02394265747168889,-0.00560742168613515,-0.005706086202838301,0.054263689644748814,-0.020093646519877773,-0.008062330206048851,-0.007811163970546375
2022-08-02,0.004453910147404372,0.03187432675871271,0.010651544764979537,0.017933973685217763,-0.0036765954716110327,0.005468192295518426,0.01345292055863001,0.0047235327100600966
2022-08-03,0.0005910414767642536,-0.038861478260394766,0.007166399881666896,-0.009161387293468382,0.08118086849693862,-0.00543845378443486,0.006913702130775912,0.03116831960096489
2022-08-04,0.010635160196804883,-0.005775890641856796,0.02427863021804355,0.024537605813811814,0.13993171701495832,0.003417518448617596,0.01895068861273974,0.04930773068165917
2022-08-05,0.01929272488441769,0.012960021067891736,0.01879859304213327,0.0006943886527202014,-0.0538921848346442,-0.005449487183667556,0.01859871960974302,0.00016105820771450396
2022-08-08,0.050472905845322824,0.008529418939095423,0.012434575059827813,0.031217443575166204,0.034810113427843126,0.013698570925020803,0.03148950001866435,0.020112449776130692
2022-08-09,0.0163802343468602,0.020705721633991647,0.026149284353757185,-0.005045626001690673,-0.05810391099047185,-0.004054076994315814,0.01667534163569684,-0.025236418336538002
2022-08-10,-0.0032232492906331123,0.0007145072370005057,0.0185325864195236,0.03718743381814482,0.06818174918322417,0.02849389449436157,0.00857933066622718,0.03317142757300773
2022-08-11,-0.023174322814147552,0.03483182734737622,0.0015159507330348987,-0.017926919038776967,-0.0759878569602922,-0.0019788245197989163,0.04428315323021392,-0.014721923302936868
2022-08-12,0.07425971299975775,0.012798961885748472,0.012112221974705628,0.025555851672686813,0.17763162279221945,0.0052875641782264005,0.05654027404152906,0.009219379179576936
2022-08-15,0.0003155305768007821,-0.021490020056881054,0.008601595549191154,-0.018122994956460192,0.1284915756416145,0.013806626285033152,-0.025169811930832675,0.011497765158968942
2022-08-16,0.009142342861476527,0.022254620444422946,0.011494353304687177,0.008240072645591567,0.02722776833168994,0.0051881224297125605,0.004885318220910095,-0.0189971321779967
2022-08-17,0.023430111446179902,-0.02277269133980442,0.0025659770490038536,-0.005230354506374546,-0.03132529370715209,0.0032256964247083797,-0.009028440879608968,0.011111251186489701
2022-08-18,0.020146654844935163,-0.007474677801138974,-0.002925328337550659,0.013473141355095475,0.0024876467774179734,0.028938994898208392,-0.023125170928900318,0.004709494765648081
2022-08-19,-0.05056838801824837,-0.011222876840312201,-0.011998086092754101,-0.03210096753621405,-0.062034965367204875,-0.0212500943272802,-0.018412235011084244,-0.019531146512357545
2022-08-22,0.021430714987204613,-0.014635525692086482,-0.011260841260546495,-0.03015078976939778,0.010582254277546665,-0.015325605824031308,0.01023164616125638,-0.012270969480611127
2022-08-23,0.03178015684726887,0.06411029552129399,0.0026577132657634728,-0.0051813535292132284,0.08638733416427247,0.0012971271313544364,0.020596755445357884,0.02081322407720121
2022-08-24,0.005981022439953021,-0.032189242026492315,0.00416519625142131,-0.00034716926740296916,0.08433732095816304,0.02331595968367295,-0.016617987470391227,0.00932503313141364
2022-08-25,-0.010701655648609365,0.01942614872574122,0.012443215720550294,0.005557438418135163,0.04000007520131699,0.0012658550282864667,0.02375671192756812,-0.0032884007992105557
2022-08-26,0.01081741995194152,-0.015013599379585352,-0.0059590494532967275,-0.0048359830685191785,-0.021367581137067826,-0.00948172182197482,-0.005023950265103494,-0.03299292116542096
2022-08-29,0.02497023510838048,-0.019346273611422604,-0.003372126947948084,-0.015272256822794206,-0.013100396349478238,-0.0038288422121571797,0.0206779983920502,-0.0032494312552893145
2022-08-30,-0.059454841822260684,-0.028994355945327288,-0.004511454311927565,0.0007050102060204289,-0.002212464571653805,-0.014093658402929199,-0.00282698811549309,0.014343845889222884
2022-08-31,0.0246687222788724,-0.007234147758049092,-0.025301640524252544,-0.0035224937356268526,-0.053215014339502265,-0.007797160254707114,-0.01511906987459466,-0.02265779448378602
2022-09-01,0.018657755998398695,-0.009457359019432898,0.015416998096071222,0.003181295373496651,0.023419165649860352,0.01047801559927719,0.015351165214123386,0.029266790347278082
2022-09-02,-0.01270313482392238,-0.015182404567874785,0.013745951520542476,0.06448201811888121,-0.025171666217150168,0.0032404073416822943,0.004725122412253091,0.0035141069633659594
2022-09-05,-0.002393640159841559,0.03655454497732591,0.01619564175869259,0.022840105106775477,0.014084568873175884,0.0045218866559999515,-0.021161643238305827,0.010824672704957239
2022-09-06,-0.03719284072610707,-0.02376578741990365,-0.009266274500569938,-0.019741142526579103,-0.07407401681186421,0.000643141526206481,-0.04804219278440358,-0.027558909881297278
2022-09-08,-0.009345699130920093,0.013193232653416098,-0.007107783804559786,-0.0026410790403657014,0.07249978988778616,-0.0038559863443796694,-0.004289912082014902,0.0053440081021802754
2022-09-09,-0.0003142867899696977,0.07812727310803558,0.007912301060613025,0.007944634826269281,0.02097911461026536,0.014193448371649486,0.027622849228910562,0.01916892561341954
2022-09-12,-0.009751567542026218,0.008770588737521567,0.01233671590671337,0.04433474269586313,0.09360744403589538,-0.001272221361669268,0.015536214257162007,0.025762459752878275
2022-09-13,-0.026365790702656988,-0.02722347033170347,-0.010339752780072486,-0.03742127861683231,-0.018789223811935374,-0.007006358364449405,-0.016776243896731158,-0.022341864552613777
2022-09-14,0.015334137733990838,-0.01831498716188218,-0.003731510979313235,0.00032664074819011013,-0.048936129293797426,-0.013470172600047903,0.0009944434799635804,0.006776679827721566
2022-09-15,-0.0019280604936073864,0.02014925561943448,0.0026218088155307573,-0.019921592105995645,-0.02908286541701266,-0.005201538118032034,-0.010183797596144517,-0.02457726706696639
2022-09-16,-0.009014777632233018,-0.0014630913267948964,-0.0033620056104656237,0.01566108148733747,0.027649788024345145,-0.0019607174759743717,-0.011292313407431975,-0.007221902647532086
2022-09-19,0.015919566735754342,0.032380958115334924,0.03748133206095239,0.003937164941341109,0.022421489295576302,0.013097519499096322,0.01979721508140808,0.022793532175567677
2022-09-20,-0.005756374972444078,-0.01433435315048559,0.0332366409454945,0.017320156090649297,-0.021929790727524878,0.018745936488259174,0.015181545992641654,0.014856879063146922
2022-09-21,0.002573447016184005,-0.014398956348034675,-0.010489583939537694,0.0016064617842521667,0.06502233892447884,-0.013324947930592912,-0.007109711223756698,-0.015418227150914454
2022-09-22,0.024702978035813228,0.022936558138473728,0.020141718910617223,-0.005452187639439776,-0.03157890000441521,0.00771708572581109,0.018271638340321417,0.029737474634207395
2022-09-23,-0.06261739914732245,-0.020708477130484848,-0.019744040006643315,-0.01418896868330155,0.006521864547021972,-0.019144894945438917,-0.012366505304168385,-0.00768031372658684
2022-09-26,-0.02171011008890278,0.0021875210691517655,-0.02155413394224792,0.0014452311042703059,-0.03239745016524076,-0.006506037070334925,-0.04173832288237489,-0.0328176465034159
2022-09-27,0.012973830824942523,-0.014842689556611943,-0.0057784763745526435,-0.017010255762651694,-0.06696427595268595,0.011132950057485047,-0.012554511479555774,-0.020486487026917355
2022-09-28,-0.01348167818111412,0.009453293265148766,-0.00036337129623620346,0.008984971588601232,0.03588521511965381,0.01813455819041554,0.0002595285645277112,-0.009967212674917403
2022-09-29,0.001366636228518514,0.0013170352290763354,0.01489852040543993,-0.005936594480841051,-0.06466526476600087,-0.006997293234677349,-0.005447527169085586,-0.012865133087875735
2022-09-30,0.016717668777916916,0.05275466710344956,0.0046544242091399735,0.06635698536112633,0.10617293994833754,-0.004484456807106407,0.004694912249738836,0.027932132359117734
2022-10-03,0.07986588548611828,0.027207176051781135,0.06089533676420955,0.044804150061946046,0.0959820261616553,0.04890607079829379,0.07632374492316707,0.05761986736318647
2022-10-04,-0.025170940719021484,0.024189174086612475,0.0016808011297271275,-0.010124940959716944,0.03665994890900892,-0.0036809293395102527,-0.0537866402821604,0.01609642760069474
2022-10-05,0.03761552173040594,0.015437367103734445,0.0,0.01293585832473676,0.005893935234684067,-0.007389130596883842,0.01605898917943893,0.005483776965651499
2022-10-06,0.03410154398701537,-0.022479098403848985,-0.018120765643560466,0.001782143275067316,0.04882804601631663,0.0018610525395186261,0.017812646679091992,0.009998457890469492
2022-10-07,-0.0008913114749752316,0.003721840556263123,0.0020506200558221277,-0.011265959364291867,-0.011173150541721522,-0.045201317414513165,0.002218393232784388,-0.03044842381343782
2022-10-10,-0.011299538092422012,-0.020129864387293805,-0.010573090714982358,0.02758632248824111,0.0018832194314568618,-0.014267162938642386,-0.01451075901816834,0.0108289682428091
2022-10-11,-0.007518886955588222,-0.006757755913236019,-0.00689440521408391,-0.010796553562504085,-0.028195444827788574,-0.013815867037408558,-0.02395815517046851,0.006887158421539308
2022-10-13,0.028484894440738318,-0.01782535081632719,-0.005900743346482051,-0.012684504650816275,-0.048355908082296395,0.0013343363229731953,0.006903686862153258,0.0019761342234787538
2022-10-14,-0.015321106756744474,-0.032557457004610324,0.00034896815663065794,-0.01822540718437926,-0.11178862082934071,-0.011991992909946125,-0.005586515440529793,-0.020024350977445704
2022-10-17,-0.0008974898986493507,0.015752460204702112,0.008028681813760707,0.02282419392078583,0.0,0.006068813285052599,0.008426818205896414,0.02631574793384539
2022-10-18,0.024558103901469064,0.014521228336274561,0.024584452367611087,0.0282656452283212,-0.011441629410462228,-0.0013406762071034306,0.01164866787765173,0.01930627075308089
2022-10-19,0.035369570828861496,-0.011812247257983355,0.00033737585660698066,0.0026041302260169097,-0.0300925854348163,-0.0006709583172339606,0.0425533659282642,0.023675616830043156
2022-10-20,0.02964454427560903,0.012797313718462044,0.015540745140514511,0.0002887439523278079,-0.023866416167224624,0.010073771002416798,0.04681873635940437,-0.02428437467635869
2022-10-21,0.03427464307484307,0.02929739042712498,0.03326667421658813,0.015579639128944445,0.014669991066274868,0.017952149873541545,0.024770471572758357,0.009629439393829875
2022-10-24,-0.0919937201937644,-0.02967758199418946,-0.04539596034953364,-0.007954759295213165,-0.01686750710931395,-0.008491048529699063,-0.10026872530196329,-0.005869285872650565
2022-10-25,-0.021021899268229505,0.0,-0.008094300475362526,0.0037226110687682556,0.05147048551996303,-0.017786737367240346,-0.0171641214334618,-0.02893000837567472
2022-10-26,-0.024455682233261444,0.022243716012220416,-0.021421500035409324,0.08359524865888601,-0.08857799954372692,0.012743171053720248,-0.03543368405609826,-0.03663173568861078
2022-10-27,0.007643014534333581,-0.035631657152996765,0.01841562352392523,0.022380044811904254,0.0792839678539421,0.030463563521159864,0.01259473445703807,0.04970021318608686
2022-10-28,-0.011832457874414892,-0.04879422498890029,0.00784740067594436,-0.009271163553185136,0.037914608431701025,0.013496296564981858,0.0059601371102238065,0.007214856529539793
2022-10-31,-0.08474070106451148,-0.0047442422676832186,0.02911264944793568,0.04704962978200511,0.02054803502838909,0.014584533081487772,-0.046367712522943694,0.05267877387474207
2022-11-01,0.0016774593319948128,0.030388715886851658,0.0025562193430865854,-0.021598496649831822,0.02013411520384034,-0.013125073582720526,0.02377087176753867,0.0005667974004752718
2022-11-03,0.0030141586324174963,-0.029203372567570773,-0.0072230552609443555,0.020045293760293736,0.06798252702018504,0.014566289012361455,0.020844588781887108,0.025503306800825243
2022-11-04,-0.05509204529407474,0.07594943293385992,0.0036378036875357456,0.014925726020197594,-0.008213557430488572,0.026841498715443057,0.014731922455370361,0.01630275255882463
2022-11-07,-0.04063588606693136,-0.005259465719447132,-0.022734959017645773,0.0024508664493294585,-0.060041422182495086,-0.005471227233922793,-0.034895396479358465,-0.030994995423591742
2022-11-08,0.007366473803520623,0.03033256807375939,-0.0030341390006217717,-0.002444874388717433,0.019823874741946357,0.023227393294533494,0.004750802420319111,0.0007011724626131421
2022-11-09,-0.016453617690767475,-0.012153950783186485,-0.048021967746887384,-0.004902040770669358,-0.034557254530703685,-0.015531700549644256,-0.026529993585831635,-0.01528085362147058
2022-11-10,-0.028995985945210356,0.01913863233607538,-0.018827548448082543,-0.0337437820616876,-0.10961962507192069,-0.02973300940184065,-0.019698025343278136,-0.07545581325300066
2022-11-11,0.033307672773196684,0.1039571944166151,-0.032222925739203045,0.019372647647476704,-0.13065333210865193,0.006253919264473717,-0.022295406088383762,-0.00954704986949173
2022-11-14,0.026306178947177017,0.012272094072843354,-0.002993037870602566,0.016754210330742092,0.04624267265508886,-0.008701056372893312,0.024774497548781582,0.016635380578325254
2022-11-16,-0.019855654907618425,-0.010442818775542762,-0.014258989962803614,-0.04795831887359214,-0.08011045918138282,-0.0319748036358517,-0.0315931615432139,-0.07340558257724616
2022-11-17,0.00036811484525833826,0.00800576881425763,0.00609089610491953,0.021699370470126267,0.01801802946209463,-0.0025908164252902433,-0.02127683238246303,-0.0034659224658085686
2022-11-18,-0.016936634579357013,-0.02731658100982859,0.007945726939397213,-0.006826761659481928,-0.07079643867305585,0.014285692194448973,-0.0034781738120267525,-0.002649932589691817
2022-11-21,0.0029965023167259908,-0.01125789625602347,0.003002609770121456,0.005346390253870403,0.07301588154209915,0.0032010679577458845,0.02385091019529595,0.023248020209165388
2022-11-22,-0.06796690397590743,0.0027526482034996302,-0.016466850159378654,-0.014940456064021612,-0.01183439241068629,-0.0006382163558765752,-0.010330077201716525,-0.01622834661532302
2022-11-23,0.004715238883116868,0.00985764070030326,-0.010273885426168139,0.0010282514590933545,0.011976122544435697,0.0038314394738632185,0.01233826601854826,-0.020290397770199142
2022-11-24,0.03455622398410596,0.006425224709904809,0.035755270241152326,0.02105798637044276,0.06508873011364691,0.02035637498717069,0.01625068231546667,0.033844100349817996
2022-11-25,-0.016082415158305774,-0.006752575203289646,-0.03526368364506283,-0.016599544878365124,-0.05000003092159333,-0.016832862539058357,-0.023129415320932156,-0.04788279213511537
2022-11-28,0.020955566918283708,0.004944362429956994,-0.01808411414729172,-0.04092085332493778,-0.029239720018308213,0.008877463087523019,0.018123144737594687,0.0015396894350396817
2022-11-29,0.04187200112420508,0.03862244046927055,0.00862102910975504,0.00560005377302164,0.012048132983652593,-0.009428010998323355,0.01205876464542599,0.0319383998792071
2022-11-30,0.05043335553913897,0.01504014806305376,0.010100917711586055,0.03420842632822585,0.014880995371434835,0.010152240542792734,0.0008509840414354652,-0.005296209771468829
2022-12-01,-0.04013515739281881,0.005483877811564675,-9.021959914223832e-05,-0.017692476743832786,-0.09090911465054363,0.01005035799735099,-0.0011338180936008024,-0.03427639905713342
2022-12-02,0.012504957852229603,0.0071940747946313,0.013471542645859369,0.009136339710868802,0.04516124769518415,0.015547251293925868,0.02241760322469477,0.014300541217380447
2022-12-05,-0.01119262923271358,-0.0010370558691656928,-0.02924391904497059,-0.02741874169438363,-0.049382612553233285,-0.01898347445262283,-0.02303635720794972,-0.04314581467500389
2022-12-06,0.0007805937965954524,0.014531366481851826,0.023083172091852733,0.0029255971600148367,0.012986875928581387,0.0018724466341188961,0.010227418159646007,-0.004260567063436471
2022-12-07,-0.011310425536716573,-0.035580405154713945,-0.007265980895351687,-0.011933066106141754,-0.057692277502583544,-0.003115084989539829,-0.002249780756151565,-0.004992167157963245
2022-12-08,-0.02248507268350608,0.012258397325788373,-0.035053903151385235,-0.0016103211584962418,-0.03401355289735852,-0.018750030698227227,-0.012683176109976935,-0.03834426617854281
2022-12-09,-0.0028252167052499333,0.03330246376923429,-0.009518906208300981,-0.0026880473849110187,-0.014084515875241954,-0.012101802088976488,-0.0014274911794071032,-0.0160238644265831
2022-12-12,-0.0323753306034158,-0.02986250823998926,-0.009453464842304027,-0.027763024632323163,0.0,-0.017408296785834,-0.03401930852220414,-0.02442717304513231
2022-12-13,-0.02467582075529151,0.004219069909588535,-0.03775943210925492,-0.007762719167704768,0.0,0.0026247389734828097,-0.04737627294358815,-0.039984441215461186
2022-12-14,-0.07933121569420509,0.008472680983995007,0.004312320255536184,0.03548460573836687,-0.06071436409106046,-0.009816731334094109,-0.024795927644447935,0.015366076576434518
2022-12-15,0.026548840881854607,0.003222426115567778,0.005581981437609018,0.0005400472733432249,-0.011406809988054767,-0.008592222927804372,0.02832316317031025,0.001991219564820401
2022-12-16,0.0004535753095455952,-0.017092934890489686,0.011101391103654379,0.009978480908171772,-0.08846147061699661,-0.00999997697942967,0.02034422811938663,-0.012321379860621096
2022-12-19,0.014966242754596237,-0.003618065543664617,0.02998339470417477,0.019370040445091607,0.10126579067907016,0.025589075212154366,0.010736278626475304,0.040442771365660324
2022-12-20,0.030830701922001102,0.004451183598190855,0.010659999192520475,0.008131966361300647,0.08045977893917855,0.0036151582710661767,0.02579646190110818,0.044285408074901556
2022-12-21,0.021673469707487403,0.005714305500780226,0.004056789806971661,-0.0007806025011047879,-0.07446809266530585,-0.011708032545111657,0.009467393359497978,-0.015740716565950885
2022-12-22,0.017819014547304945,-0.005681837744104579,0.002020256217414751,0.014062583871444323,-0.0038314627261722967,0.00487800686933082,0.009086011257727122,0.005926546294469537
2022-12-23,0.04710317979420631,0.006647187545111288,0.01572581907718451,-0.011299712248754479,0.03076925184714674,0.01386964140416147,0.024687437552158187,0.05466574200173269
2022-12-26,-0.007165456502216894,0.009152046450677576,-0.019849565980967432,-0.008051706064022945,-0.007462691526742726,-0.0068398756386247594,-0.0014173708569859,-0.027345889192518014
2022-12-27,0.006816197537208746,0.02387789962589104,-0.005670055808308816,-0.004713267126593035,-0.052631530490891976,0.0,-0.03321009356331728,-0.03730256568614054
2022-12-28,-0.012345673031908366,-0.002242425557360539,0.020366918077699747,0.01815312098648758,0.06746031500622274,0.0020660088302189017,0.01790944430873398,0.03626650374385476
2022-12-29,-0.012096827026500168,-0.0012360253942642618,-0.001996173429991588,-0.00491000785743867,0.01858733075048602,-0.002061749238087218,0.001730812039834495,-0.02007719298359345
2023-01-02,-0.06448966020516811,0.005850480127121527,-0.019707932758045943,-0.010646365458444218,-0.05474452050614953,-0.022727343546240508,-0.042326617206034145,-0.036654099044549304
2023-01-03,-0.025305498109263524,-0.001789703689341282,-0.020824641857626558,-0.02493424552667667,-0.019305074730735727,-0.0014093970377712095,-0.01864095286451517,-0.02458562582693291
2023-01-04,0.03178157724187858,0.0017929124714060052,0.0029188981065852992,0.006729300757303713,0.003936966808817388,0.005645624790459269,0.012867730043162773,0.011802555467672171
2023-01-05,0.03600861219563489,0.01677845777177711,0.031184892652004192,0.0021392327984095516,0.04313733056892799,0.0028070843875576124,0.04567434322634156,0.008303765761338733
2023-01-06,-0.005862735482855097,0.015841761923363062,0.017339043104662055,0.01467482649980223,0.03759401013460151,0.0020993408867495678,0.013884813423275189,0.01901933633389863
2023-01-09,0.005476214595938833,0.0010829647220942373,0.007134063336040386,-0.0028928259280228685,0.02536229487488284,0.005586567025889666,-0.009700505062469666,-0.0011544279778896716
2023-01-10,0.0092163332267583,0.012332242863952958,0.019283862078977032,-0.009757281355361802,0.07773864655405505,0.009722375067523492,0.01699813802096739,0.03217108806309832
2023-01-11,0.00788716427724756,-0.0035264177718064005,0.0173743314944943,0.027962590948901633,-0.006557453634341348,-0.0171940431801757,0.01416424952095574,0.02687562440351199
2023-01-12,0.014415411593161842,0.005254709810083691,-0.014041621782188374,-0.002331927179835769,0.05280524003079856,-0.013296010310374307,-0.006424653638021582,-0.008905841939675363
2023-01-13,-0.0024361202770362134,0.0008534763323062577,-0.005003783842338461,0.011945065488159434,0.07523515960032823,-0.015602726048841609,0.0022493583020650743,-0.015037464178746407
2023-01-16,-0.021570976984078838,-0.016734235037968226,-0.010831847188208399,-0.032845777152364586,0.12244899018911037,-0.048991371376034154,-0.0011220877064787027,0.0007446858002537748
2023-01-17,0.061563867107212955,-0.0013006702575035778,0.020727940882992568,0.016450048277110607,-0.015584482874474892,0.04999989717086195,0.05869155711736007,0.03423251151472528
2023-01-18,-0.01763330656245199,0.013133330021578571,0.018007403191949267,-0.008352363849277178,-0.06068596871284149,-0.0057719796284032565,0.014323488322190103,0.04245366409924234
2023-01-19,0.03270848925785996,0.0042855600899827095,0.0,-0.002106228628046991,0.07022460667316066,-0.010159810595579355,0.02275087346106086,-0.01794640961354499
2023-01-20,0.018540085550419638,0.0026670316204571165,-0.017688872532250044,-0.015299354985996327,0.002624878353951088,-0.008064377026107628,0.024546111605097343,-0.03004756508844797
2023-01-23,0.015927034582938093,0.003298178686839792,-0.030651623297896502,0.0010713979312588773,0.05759147840080603,-0.008130107128743513,-0.007486844764083789,0.020471193690470013
2023-01-24,-0.007092070236532244,0.010604339192928913,0.00909037871392071,-0.004281452588070334,0.08663363799492729,0.014157972546302577,-0.00502904120136527,0.03372968116665498
2023-01-25,0.012781914463786848,0.00944384638359419,0.003525448411863197,0.04058037128840808,-0.009111623550270176,0.0073476301110799724,0.027293855108827536,0.016486276055127647
2023-01-26,-0.02561253256755569,0.018711095491775964,-0.005854556787554754,-0.013170963153135706,-0.01609188837066855,0.00218807061360371,-0.000492241325058429,0.0016893512675597577
2023-01-27,-0.02399993433272052,-0.027347037324191525,-0.021201738341422693,-0.007851732607127127,0.058411225405412326,-0.006550209533108142,-0.01107580469528735,-0.007589779158735932
2023-01-30,0.0050739614148329615,-0.0035667741124338903,0.00040125682026648235,-0.014771962156090446,-0.037527592300095725,-0.008791169270509158,0.015679697334806786,-0.005778185128760049
2023-01-31,0.012427259207512975,-0.004948468766651448,0.0156376663524862,0.023828697646469887,0.01605508124101096,0.009608171623352035,-0.0026954786547469523,0.012136692208811306
2023-02-01,-0.013808891232144238,-0.011109772582843624,-0.013130265742033798,0.00392295225554995,-0.03160287783725779,-0.03513893657095535,-0.012039439904394378,-0.011484450736941376
2023-02-02,-0.04628555180604199,-0.046223161733411344,0.009207615960107551,-0.009117133172722891,0.01165509826996125,-0.0053111173703215275,-0.0189007293191229,0.02767811898856065
2023-02-03,0.011011510984085371,-0.002131464875854805,-0.0035701612752234713,-0.0034175468731160175,-0.016128966066453754,-0.009916243582120066,-0.006336958902109613,-0.03690788369421849
2023-02-06,0.039935296250199315,-0.012479076649160592,0.0003981680244458108,-0.008968655859635466,-0.03278695704449386,0.0030817376803693453,0.0056121878012771464,-0.002071314391595025
2023-02-07,-0.00620619643637943,0.006603142839558984,-0.023080081869222835,0.002661941053585526,-0.01937047310094353,-0.004608317750741331,-0.013698519222313021,-0.008995010643645718
2023-02-08,0.0167837500841026,0.0033928145052199987,0.08268840632867502,-0.000265376403853379,0.041975419942752445,0.017746987321934693,0.023662567506219423,0.021993371864741373
2023-02-09,-0.004606519407642895,-0.0037195918662216165,-0.024830544681810007,0.00849685255088195,-0.026066497731017546,-0.012888600825212149,-0.005276566299353136,-0.03210936520897878
2023-02-10,0.030466608909723414,-0.017988369467878185,-0.004629570414973694,0.016324328037421454,-0.029196993304900998,-0.012288644625508716,0.019701901038719605,0.002470572965507234
2023-02-13,0.0029940294997650163,-0.0010369589583180128,0.03527143630778795,-0.0005177487073071418,0.03508768601501022,0.020995127474029207,0.005697126719249601,-0.003696648979723993
2023-02-14,-0.003731251590565421,0.004497641542574149,-0.012354631593119891,-0.005702629250095792,-0.016949083102980156,-0.009900967922345627,0.023399098782468597,-0.02014134797436995
2023-02-15,0.0014980383234362016,0.021814222285647222,0.014783331803243316,0.013555604069678484,-0.04187202869387341,0.01769229444012388,0.009145847710055222,0.02091603388884833
2023-02-16,0.004113540769483892,0.0021348175781870093,0.007471164905392236,-0.0025718208612137694,-0.02056556741202431,-0.011337711446052778,0.011209223694438775,0.025962523931355008
2023-02-17,-0.015269923847445854,-0.013005930477460792,-0.0033369724420850844,0.02166024892693863,-0.0393699614110159,0.009174356355211355,0.009905667105198024,-0.006885969383002677
2023-02-22,-0.025718595144520795,-0.007611010575138466,-0.01860079455341357,-0.02522456696423203,-0.03825145021764442,0.0007574222928772301,-0.024754916219070222,-0.037268030380602446
2023-02-23,0.030667536129957096,-0.00469318661675322,0.0037900080366999322,0.021875125849770027,0.011363707518444732,0.003028081162918861,0.008141654069005355,-0.0037810990985068793
2023-02-24,-0.02448180688117707,-0.021966599252854824,-0.030588608269146,-0.009683800726518088,0.014044921334632088,0.005282888142757125,-0.019216608465093987,-0.005964176459606896
2023-02-27,0.009652573246863305,0.0,-0.012855715960902403,-0.0015440965585602484,0.011080277913215975,0.006005979484764223,-0.013586473877387428,-0.0032728879398810085
2023-02-28,-0.0347993904941839,0.0032925274003547944,0.0035516237205843737,0.009277835461722672,-0.016438306699114058,-0.0007462020720275797,0.009266111436087687,0.012221808057540473
2023-03-01,0.0023770380069974006,0.04547555961752403,-0.01622641993051155,0.0056180341848495186,-0.10027849279873446,0.005974665768190279,-0.03225810029683407,-0.03910598846643876
2023-03-02,-0.026086991758854094,-0.002241945033090831,-0.03279956084721092,-0.005586648204259248,-0.02476781636861425,-0.02524137291678985,-0.04025620999282675,-0.003375927208415619
2023-03-03,0.04301968550331736,0.0033707040491934848,0.0012401947573701388,-0.00817142552017669,-0.04126990140217235,-0.001523093299113154,0.011220682622744338,-0.003575448334233511
2023-03-06,0.010116671849242476,-0.03527429858312103,0.022718095409065775,0.015190656237805022,0.05629139121669113,0.029748299350248475,0.022721377617507033,0.00736548277585003
2023-03-07,-0.033127798608366676,-0.009518148451383768,0.00282721148818732,0.004057786985793177,0.009404429845884632,-0.005185224347714179,0.022991188315657052,0.0013123225370776925
2023-03-08,0.01274886977208789,0.00914081739945205,0.012484805859878101,0.014397706884083483,0.06521739731664788,0.01414734602294021,0.010101179332381749,0.048492708166886
2023-03-09,-0.0043274208435055694,-0.013122568303892801,-0.019093318907463686,-0.0074702577289120775,-0.011661814771182,-0.0014682976840676432,-0.021749957857695845,-0.000714155030323127
2023-03-10,-0.013038137170839459,-0.00329497251026889,-0.023925016027544044,-0.008027921209043054,0.0029498215107111037,-0.006617637579817814,-0.018911231257433325,-0.018763524282351285
2023-03-13,-0.03162512797732042,0.004132210675292569,-0.012048277091243675,0.0063226001123910525,0.09411764320699856,0.007401848708144865,-0.006251779904058119,-0.003095989618292161
2023-03-14,-0.017776139640904187,0.009103737097772235,-0.0033641546920831766,0.011812061801342644,0.002688263585088446,0.024981560073851217,-0.007618291027412627,-0.04073795477248421
2023-03-15,-0.017676816248184513,-0.0301262434421935,-0.0025313366637484958,-0.0047194359062894264,0.021447554277838954,0.005018040767537091,0.0010663033235553954,0.007427200591133332
2023-03-16,-0.0034273145391767734,0.003683464380292989,0.016497462833232612,0.005739851099593407,0.020997390665226767,0.01711832425048332,0.010652792692475321,0.054631378217252946
2023-03-17,0.010747761577150072,0.011987621008745064,-0.028714099926731462,-0.01066993100653868,-0.02827768380792084,-0.0028049571958868036,-0.017128262222318003,-0.036745010287814406
2023-03-20,-0.024670148062426844,0.008219388929652682,0.0025707404721351246,-0.002932076158282726,-0.01851832655374841,-0.007032435956461858,-0.005629876710643189,-0.012653493444741426
2023-03-21,0.02049674242354782,-0.008392127230118729,0.02051246979437371,0.006548782173726453,-0.0026955093407278197,-0.012039706180989707,0.011862975164437017,-0.01865808658168666
2023-03-22,-0.0029913135172364713,-0.012453042554199212,-0.005862675712732801,-0.01101096088461706,-0.029729719321642922,0.0,0.0023980440010329396,-0.0013442459077001034
2023-03-23,-0.02271741569723862,-0.025710229441877397,-0.02485276981497664,0.009362419681881118,-0.1337047604240691,-0.012186265015830422,-0.010898473979431,-0.03730775396737773
2023-03-24,-0.0004385323783072659,-0.01143494525817379,0.014505624953080387,0.015542660435212463,0.03858530683107242,0.007982608651398104,0.010212462442851011,0.024570476480890502
2023-03-27,0.017112782308030816,-0.001652559451833957,0.01722657848438569,0.01678575260670967,0.034055644115761785,0.0028797564271507703,0.0005319860075092553,0.011308192789664329
2023-03-28,0.01768769861263242,0.010567916107232067,0.004657195113194623,0.004370065244576171,0.011976122544435697,0.04737958011472143,0.006912760708234211,0.030460663263367493
2023-03-29,0.013141227925954624,0.014363056281659015,0.009692088786907416,0.00870210173679764,-0.008875777840894439,0.015079026113539618,0.011619009163831073,0.0017575205939126537
2023-03-30,0.0029287324561968475,0.016271234697963655,0.027545841576220864,0.003115205291859713,0.026865655374373798,0.0006751590576214994,0.018271826503621913,0.03576803866433065
2023-03-31,-0.02169365657183686,-0.018699602217667755,0.004874371593010629,-0.03129472265039157,-0.037790689772605024,-0.03306352570296056,0.0025636444574572703,-0.029443855299052357
2023-04-03,0.04434934000143009,0.00024924936634818096,-0.028005368528717045,-0.023674590480979973,0.0,0.0,-0.01176157231172792,-0.024344491691894343
2023-04-04,-0.008983081971084217,-0.02826556936949076,0.01997522590404044,0.0010104660203011928,-0.027190316069734544,0.006978454478626439,0.016558779859952688,0.02092117819562067
2023-04-05,0.0032962697787641826,-0.014736025754730875,-0.000816307776437819,-0.022205507535751234,0.018633482826369674,-0.0020790514577582186,-0.0035633100683710728,-0.007144062714282695
2023-04-06,-0.014373684394941022,-0.0018207237016765188,-0.003266086489676301,-0.0036128675596163173,0.027439076953276853,0.002083382918051102,-0.003320390668659079,-0.010793284020893523
2023-04-10,0.021250077833013137,0.019283234661171544,0.010651495287712809,-0.005697872440172391,-0.005934721825563316,0.002078973071020007,0.0005122508295476447,-0.0040201199820347755
2023-04-11,0.04691963583714798,0.052793158382164584,0.03242759882628521,0.018233948265340638,0.12835805739050765,0.022129992517081476,0.023053456800494754,0.0916778284119879
2023-04-12,0.007404385137731895,-0.021369466119461222,0.0066746400488422175,0.01662818685142642,0.026455223405894346,-0.001353212179950436,0.0696044770413895,0.01232405851109819
2023-04-13,0.006963306985994233,-0.013523544076689098,0.0,-0.00931069418237529,-0.005154699513277516,-0.011517659775592048,-0.0004684847687885796,0.007826099364721895
2023-04-14,0.010372464936738712,-0.008804077059709647,0.014430671652076565,-0.015493924467065545,-0.031088102625495218,0.004112503954852631,0.01709608122549211,-0.008973328843744355
2023-04-17,0.015589388757925038,-0.011927467906447164,-0.0019221712600843155,0.018576050025979285,-0.021390328809983594,0.006826100891176301,0.0023027346852899644,0.007835714901263557
2023-04-18,0.025458618011109158,0.008604102688538395,-0.0007703919874104681,-0.005319305551174103,-0.032786905189955196,-0.008135785377595295,0.001837676972394231,-0.017450042557401235
2023-04-19,-0.03212845112411988,-0.029157057339357473,-0.015805853547743665,-0.004074271218819092,-0.08192092403029827,-0.0034175617506470024,-0.011694489844503608,-0.03551944858681033
2023-04-20,0.006789881335210302,-0.020852431704094787,0.002741352505597927,0.029148217688599987,0.015384659648237209,0.0013716970967594388,0.009512936319205023,0.030446643817839014
2023-04-24,0.01910835199529992,-0.03616398091762185,-0.008984208830304041,0.002484742658946937,0.027272710099743414,-0.01780825536800046,-0.0020686714933167982,-0.0003538095528579088
2023-04-25,-0.0040439734599427846,-0.02723737169188989,0.00906565658222247,0.0047087951869582145,-0.03244843066290726,-0.00348667565042593,-0.00921241486767499,-0.0053097168768956315
2023-04-26,-0.012550779775685084,0.003857104162708458,-0.010155722963562375,-0.010606834083886074,-0.051829269534329425,-0.005598295134463638,-0.008135732223485737,0.007117336298585908
2023-04-27,-0.024299341771704563,0.021203884785228055,0.017758151462986538,0.005983574513512391,0.028938962226561005,-0.0035187323043505137,0.0011719836580006415,0.018374637591758614
2023-04-28,0.022881886406606045,0.008918766721727867,0.00504077350872234,0.019082936260881533,0.04374995782101365,0.0,0.003276992574412718,0.006419048788693038
2023-05-02,-0.04050645467602687,-0.03950276837511879,-0.03869709585841774,-0.007295503532604775,-0.029940139717763548,0.007062155241841728,-0.02379836699691762,-0.03413198169046738
2023-05-03,-0.0035180299629162803,-0.007765380622148155,-0.0016062839779602545,-0.022538281577438646,0.03086421873909151,0.022440450779354748,-0.003107248601392665,0.011065339709722455
2023-05-04,0.01588705990376349,-0.031014509819608627,0.008045121903355046,-0.015037357723509559,0.06886228802219097,0.003429281532043138,0.011268329463478777,0.01676977840574012
2023-05-05,0.04257159232628993,0.03260545362472489,0.037110389524197984,-0.002035738831324685,0.06722681005139952,-0.009569296606057986,0.02536740898373524,0.013020828795058836
2023-05-08,0.021250073674506487,0.013470381457044267,0.013851863473245185,-0.0005101051955680447,0.015748218302461092,0.0013802169425318755,-0.003930682617912629,-0.0029134363402716357
2023-05-09,0.0032641626734213336,0.010290117422258716,0.006071990963968599,0.01683697914438209,0.06976727863995169,-0.0006891183074256846,-0.0030172702523796335,0.012890948175983352
2023-05-10,-0.0024402196680739507,-0.018814533787112953,0.014711204273927247,-0.012795025971148899,0.03623182872253805,-0.006896637264292016,0.013038427226283567,0.01900556882288651
2023-05-11,0.03668987796976686,-0.01946369081116306,0.009665247235365326,-0.0007620498137709264,0.013986076406843573,0.006944531176788837,0.02045495772386352,0.029808493164623195
2023-05-12,0.03224523980946192,0.0010293374808330036,-0.009204491745432364,-0.010427339417769299,-0.009195306291156835,-0.0034482796279876604,-0.003828873524115539,-0.005012758439921883
2023-05-15,-0.022476081117054902,0.014394802787118133,0.003716021196617625,0.018761041060876504,0.016241231468567596,0.011764671808294658,0.00474783409384405,-0.00438815254139191
2023-05-16,0.02494124080212723,-0.020561783636861675,-0.0033321910965258272,0.00151410150376452,-0.22831044982838256,-0.0013680215485444291,-0.028802954598931674,-0.002122173896007218
2023-05-17,-0.024334312845688655,0.03311630974033375,0.010029686240226932,-0.00604578584235782,-0.005917229139583702,-0.002739558768420358,0.0016219548920259896,0.01832157924865152
2023-05-18,0.005845591101870218,0.0014312547880834803,-0.0036775507815598463,-0.004054548821237125,0.05357146406815727,-0.0006869847808360641,-0.0006939516746504726,0.011084323023393905
2023-05-19,-0.001549697265452843,-0.011003250330727465,-0.008121027727590824,0.021119351065068237,0.028248542445170166,0.0020619047185923556,0.0194444639291127,0.005878796972961453
2023-05-22,-0.005820758702734574,-0.016038145812090177,-0.0189803822857193,0.005731582984741301,0.04395601236605562,0.0027434717738081815,-0.013169956835848318,0.0
2023-05-23,0.024590080034989414,-0.022613804051458186,0.007966519544356787,-0.003468437720769768,-0.036842013988773736,-0.0020521096908489023,0.02347002863559111,-0.004896572647315467
2023-05-24,0.015237801972040721,-0.022686211441749315,-0.005645098862780196,-0.009945861606001416,-0.008196695882807137,0.004797921280661255,0.0029228255412629967,-0.005079375899448291
2023-05-25,-0.007504316634628361,-0.0030745128697144963,0.031415574708567595,-0.019587672288881253,0.035812662376691895,0.005457001289600916,0.0011205981149331468,0.02010212286438673
2023-05-26,0.013232404150947286,0.02282179215119684,-0.00770663184758158,0.01203853752723516,0.01595751546872415,0.0013568076428764897,-0.0058216732848141994,0.004691814770172442
2023-05-29,-0.004104427483939022,-0.007537994701434569,-0.004438094107523605,-0.01594517304120535,-0.007853552964565913,0.0,-0.0018018784222932904,-0.000155645364720014
2023-05-30,-0.011240237182413293,-0.023545549228106033,-0.014115534357472592,-0.013889009014780851,-0.01583102777351242,-0.018970028749318413,0.008573872839714891,-0.01588047293115724
2023-05-31,-0.010231097837773873,-0.007311829264196601,-0.007912487417079062,-0.01904039608874919,0.018766617454083034,-0.004834368566410174,-0.001789785654368936,-0.01850973193087735
2023-06-01,0.03215911823666229,0.021156662171284424,0.014732604197109422,-0.01116702442207762,0.06842115932393344,-0.01179732955047652,0.0026895443363161853,0.05625393986509297
2023-06-02,0.008160367528946555,0.04266416128961836,0.014606684802642267,0.012906759102965681,0.0,0.01544940796876082,0.01768397645901576,0.009461378989560787
2023-06-05,0.010669489858383008,-0.008242520066585435,0.0022146421611504152,-0.0010617479033123711,-0.04187202869387341,-0.0034578186643045017,0.00625837613144653,0.005139606141004949
2023-06-06,0.021114044163198953,0.003264978704074828,0.00699828468513175,0.015147478239111445,0.02570701649780527,0.0284525123202668,0.011550498925792851,0.01970246077771831
2023-06-07,0.029233664628914413,0.015828412133905623,0.00292572008469949,-0.0013090426317527992,-0.02756885629867567,0.0020242632241318503,-0.00043928170249374343,-0.0036872072107331233
2023-06-09,0.048839614989628855,-0.004514223308559551,0.013858953347160918,-0.00917422107538568,0.023195746147832708,0.01952870277676033,0.04876992354326748,0.009326271081588455
2023-06-12,0.0175032438603544,-0.018139215389424757,-0.010791402391067906,-0.0013227851722855677,-0.0025188654136494293,0.0013210352487498245,0.03623774430546445,-0.013933692665399788
2023-06-13,-0.001951337427667288,0.01057800610611448,0.01127236182200364,-0.010596188029302178,-0.05050497213626959,0.007255809844613381,-0.010408057757970046,-0.020972758601908725
2023-06-14,0.04296610102320697,0.017543693808096394,0.013664598376810888,0.013922426115716924,0.013297732185402866,0.003929292439950993,0.004936212978051691,0.019143268340407804
2023-06-15,-0.023588103785963543,0.007823886776310518,0.01312526427159999,-0.0007919410569584562,-0.015747984564406292,-0.009132489496183505,0.02046652693932205,-0.006559297107655571
2023-06-16,0.0085063737704969,0.0015813634883414807,0.00315127059055631,0.00026397014833334786,-0.010666555210394724,-0.00789989901824828,-0.0074206469818702825,-0.02340949390196978
2023-06-19,0.026315758623950414,-0.003875374000302134,0.013612028754424577,-0.004755473604302618,0.005390838652780561,0.002654268122887604,0.018589603456971027,0.03902894809214885
2023-06-20,0.0049310120910883715,-0.025792436043480915,-0.00047560901276222367,-0.019113335802736664,-0.01340486318215306,0.001985562228743465,-0.00019828199526383816,-0.008133693545724241
2023-06-21,0.04187104631582428,-0.01005790612546853,0.00973563272689626,-0.013532034019573258,0.021739143586688936,0.00924687318756412,0.03154753275461175,0.004621806634651726
2023-06-22,-0.0125589861607871,-0.005378675924390897,-0.00964176405323447,-0.0013715497840566249,-0.05053197442013235,0.017670208130655674,-0.019042193522360362,0.006975529941491088
2023-06-23,-0.04101737610102496,-0.010064465736540074,-0.0031296718062798767,0.005494190280420197,0.002801153463821482,-0.00385846719837335,0.0003920655215974289,-0.005158324489446864
2023-06-26,0.022546263374066067,0.002124437715352201,-0.001395417275813493,-0.003877504699137835,-0.0502793608769897,-0.009683677630187626,0.002352095404278165,0.0
2023-06-27,-0.00778194919030506,0.011962441637907606,-0.01117663666487878,0.0027471604609308198,-0.005882291311977816,0.0026075501048092864,-0.018380904349425853,-0.013777931890357697
2023-06-28,0.009477079591268645,-0.03157272600869421,-0.005651482903469174,0.0021918209568108082,-0.008875777840894439,-0.010403073882843672,-0.01215132834633248,-0.003304742017643081
2023-06-29,0.004532309543121782,0.012206500675429943,0.012077511593266532,0.007107697359646892,0.0298507651150548,0.0,0.009276012661351807,0.02938960357696674
2023-06-30,-0.04834029492306291,-0.019691723864866617,-0.002456445727847978,0.024701427146063493,-0.02318842001285093,0.012483498607986032,-0.012986851255107457,0.0029283120431600196
2023-07-03,0.018625004130555123,0.0312986516101077,0.01963351341537134,-0.0015895702582477966,0.020771493357502058,0.0,0.02004028114838019,0.014356956920719144
2023-07-04,0.002327226353566747,-0.004982544530035771,-0.006215383531246399,-0.013266115445084492,-0.020348818019183645,-0.01752099307843702,-0.006350522247548729,-0.0026039527169370302
2023-07-05,-0.0013266736505748167,-0.008801426568895487,0.008686726301357695,0.008335685921706304,0.011869443651126632,0.004623473949150636,-0.006590464992556,0.013487841024113267
2023-07-06,-0.015277495423944631,-0.007195107492553143,-0.014812311933509181,-0.01626684033407988,-0.07624631631329759,-0.024983486829100787,-0.014676690953573823,-0.009015245082849233
2023-07-07,-0.005058971693665204,0.009406164374250015,0.018880950001505692,0.0029820194563847657,0.009523779906392749,0.0013484970093189386,0.019383882318375845,0.01285198605756177
2023-07-10,0.0016949310587675015,-0.01527643508473564,-0.006520005068029633,-0.01918927460096842,-0.04088042388674207,0.010774514488360643,-0.018414541782837968,-0.005845457045913327
2023-07-11,-0.01353640703897474,0.03288859758955853,-0.017616410842591135,-0.009369001816623257,0.003278580826707511,-0.025316602596211712,-0.014274075308292389,-0.0037286314973402623
2023-07-12,0.0006862915522267699,0.007059242912637043,-0.005977566547771818,0.0030601066938522603,-0.02614380796889504,0.004101182341992082,-0.016135804052840097,0.010508155554029175
2023-07-13,0.01576951256688086,0.023266176084622225,0.010965343587784115,0.0,0.01342282781730253,0.004765105735528685,0.009461776616896733,-0.0011398374166786684
2023-07-14,-0.019574760757484544,0.0,-0.010496865384731713,-0.0016639524180415144,-0.023178786465590906,-0.0013549692102960975,-0.006665146670184252,-0.02338843962922299
2023-07-17,-0.0020653638159143783,-0.011077159139959547,0.01944823879034696,-0.019444711818554894,0.0033897949481973555,0.005427460786026073,0.008806637384983773,0.013142460938825096
2023-07-18,-0.005519135540188458,-0.0063375089721082745,-0.019423733028899548,0.018130646379242776,0.0,-0.010121468768515718,0.003325977681499115,-0.0020179159746371855
2023-07-19,0.00936500949065433,-0.0026698290813063075,-0.010611967120270016,0.05481351987938399,-0.0067567613306230845,-0.00272671778632827,-0.017402203207108613,0.0031774494653027396
2023-07-20,0.0010310569846547768,0.002230801041884778,0.018590909665949118,0.0065943990304058175,-0.01360537572312992,0.019822368433768833,0.01096365604327687,0.007486438998921763
2023-07-21,0.01888105486119973,0.006084104386220757,0.017901140606801702,0.019129936452957574,0.041379258987774836,0.025469166766675766,0.011886935491063566,0.0050015046644598105
2023-07-24,0.02088917172372695,0.030235746825177934,-0.0158618382415604,0.07214400471685334,-0.0033112973352892316,-0.01176476328639775,-0.019579264477973757,-0.011090588305095794
2023-07-25,0.023102433232810693,0.030923677037477226,0.002102218790873911,-0.02503613777296676,0.019933642789269124,-0.005952372937070072,-0.005255575202009477,-0.01998561450301828
2023-07-26,0.0,-0.003471880198185673,0.005594636177451706,-0.0004940061605474,0.006514589476507071,-0.0033267590864247687,0.00845303986389001,-0.0016138977401418675
2023-07-27,-0.05193544590633714,-0.018673187903442745,-0.022253564569405193,-0.0032113519455049255,0.0258899853586545,-0.0186915062194275,-0.02053616237794731,-0.02792075863381649
2023-07-28,0.012589413475971867,-0.03961964176471422,0.014936302625931486,-0.0007433034377911651,0.0,0.017687033686850873,0.011553013527022316,0.008919234649848118
2023-07-31,0.04536293157137705,0.02262319330619178,0.00350379409500734,-0.009920747498305515,0.05678237227026606,-0.006684424354450269,0.019247031427416683,0.0071920840427339705
2023-08-01,-0.016393537223529542,-0.013880870187430117,0.0030622026616347053,-0.001502930139661074,0.02388061209204384,0.008075257428897364,-0.01722330325685295,0.004165515787308616
2023-08-02,-0.002287489361669892,-0.016275734092987104,-0.00313458701536784,0.004264970623937492,-0.029154536927955,0.004673084203860922,0.004434096916113406,0.0022220718383481053
2023-08-03,0.012774115153023402,0.0062603430618719536,-0.0076873115299807004,0.009992618959319577,-0.05105105004718469,-0.027907111328566825,0.001681627216060022,-0.013747096026333838
2023-08-04,-0.029753996631152968,0.0007406016273350247,-0.018309637692357716,0.010388105105896717,-0.031645589686341125,0.005468268894373907,-0.005246561163206986,0.004496293904254323
2023-08-07,0.006333159760846474,0.005032601356787181,-0.00789105690705183,0.0019584876237916937,-0.01633991635890586,-0.0020394774176493158,-0.0016878504617281465,-0.009400088306628085
2023-08-08,0.000993830901619086,-0.0064801704732574406,-0.0021691518207069826,-0.0065969504124469,-0.006644448976050543,-0.012261487058492171,-0.006973757887709153,-0.00030137805902330506
2023-08-09,0.00794169948440504,-0.0090422449889912,-0.003623178329621335,0.0029513582443134734,-0.006688967444215432,-0.008275980318813714,-0.005533158967195306,-0.0022600355194234423
2023-08-10,0.005581122722910337,-0.011817646110250823,0.0032727081697485616,-0.013241523814693013,-0.04040406614837333,-0.0006953482070202188,0.005136054226389186,0.004983340669650449
2023-08-11,-0.0022853433909240106,-0.008325661880792423,0.0018122954709305361,-0.010934456169560014,0.010526283720096785,-0.0006959894806566336,0.010858031377762867,0.00090156911390471
2023-08-14,0.0026178442054389794,-0.026599934881147425,-0.014471739266697536,-0.012311506354444668,-0.013888821247898253,-0.002089107582738947,-0.009899137249881673,-0.03512971931034525
2023-08-15,0.007180109345038321,-0.009854544020540201,-0.005506642508917303,0.0010172912194656991,-0.024647863585287144,-0.009071777701071704,-0.0053177955788202835,0.011202697019395025
2023-08-16,0.022034937896139306,-0.003915801539726593,-0.0007381967699666703,-0.04421842523760422,0.07220212921489333,-0.001408404481085701,0.008554272490356674,-0.01384828381685943
2023-08-17,-0.0031705147544381918,0.014086703581692062,-0.011821291448799398,-0.01861190082568409,-0.050505045204746635,0.002820861532575769,0.009329889323811624,-0.02090816642468496
2023-08-18,0.002544571209957436,-0.011145148320530485,0.007850455413725532,-0.01761057500445562,0.06382974859954782,0.009845123979406178,0.003991670471511943,0.003506011570869161
2023-08-21,-0.006979833169310057,0.0013067596934690506,-0.0040803207722481805,-0.006067441220061642,0.016666789116182468,-0.0034817409460911053,-0.003557114705406317,-0.0074637996305508825
2023-08-22,0.015233771771137716,0.020880948142733002,0.015642641988671935,0.011931332193262145,-0.0032787998124022,0.007686877364948996,0.02490633599998482,0.03520000500212239
2023-08-23,0.05325049645359048,0.007350497548292978,0.012468119998982674,-0.0005482550497890593,0.006578951704725,0.0020804932752838123,0.0043775753596229094,0.026275128678092896
2023-08-24,-0.0015509492047913742,-0.013324845345294323,-0.01158988955589435,-0.012894573285445965,-0.013071903984447575,-0.01799311495895639,-0.01307576558140644,-0.01310260894062143
2023-08-25,-0.0068342743280990215,-0.0020899886541462243,-0.01575686955997646,0.010561464736125181,-0.033112531030741854,-0.014094528365340975,-0.013038919744138067,-0.03845563353585746
2023-08-28,0.01126049648889782,0.014338579850107225,0.03387908173346199,0.007150695205847324,0.003424621500639269,0.01572565074613541,0.028766129864447487,-0.002380413885910704
2023-08-29,0.002165129050612169,0.031925081043032044,0.015844631595780756,-0.0035499629002320177,0.0,0.003518573103703293,0.005592318499487714,0.0124084060295373
2023-08-30,0.006790149973859627,0.00015395428627962282,-0.01914271596204553,-0.0052067000743167835,-0.0034129334952113233,-0.005609993712999639,-0.014418089598983497,-0.0026714549167591306
2023-08-31,-0.020846148676276655,0.0015388568846634865,-0.0086729804011626,-0.01157045852961558,-0.054794553970421545,-0.023977442679986805,-0.015673888033136962,-0.003466034957668951
2023-09-01,0.021603030816673696,0.058543320882892935,0.00866940849485709,0.0019509068016454467,0.03623182677411041,0.0021675997049279694,0.006793842022096541,0.007588928519082883
2023-09-04,-0.010419837465340809,0.007403126278917149,-0.009041840719384076,0.005007276241363323,-0.02797204756926419,-0.0007209976434850995,-0.0031630529614051772,-0.00596259766875884
2023-09-05,0.033446883702320296,-0.0043228275507387615,-0.0149634442437232,-0.006089614019278988,-0.032374003926393224,0.01082252301108233,-0.003596319583089147,-0.01799529611616346
2023-09-06,0.004495038681923358,-0.016063607864750695,-0.009633123996147797,-0.01002490443067039,-0.037174744265088155,-0.0021413784509169975,-0.0067942217784979775,-0.02604085781205845
2023-09-08,-0.003579822485871853,-0.018826186745078854,0.001496442298369649,-0.004219138734416372,-0.030888050801461953,-0.020028684184635104,-0.0029926863288490813,-0.003960939976326516
2023-09-11,-0.0008983170563995335,0.01439061408671316,0.025401404846607134,-0.003389892195362343,0.0159361768822055,0.012408890080739754,0.015866336548229665,0.014747236080392856
2023-09-12,0.004794607625283387,-0.0007389860255184733,0.005829265369249548,0.010487407713293484,0.02745113172609126,-0.011535636089385792,0.005403142883164236,0.01518614821010189
2023-09-13,-0.014912048437017877,-0.003844864426946426,0.00507056301178932,0.0359045546069694,0.0,-0.0051059656172354195,-0.0008454946923077689,0.012224567462424174
2023-09-14,0.025431520699533028,0.040973780040808094,-0.003964076702524744,-0.02301642057239983,-0.01526726962922531,-0.008064377026107628,0.002750488353547631,-0.017638613725778796
2023-09-15,0.0005903756012561878,-0.008271516730444017,-0.002170910082416877,0.0005540668403070104,-0.038759630387120825,-0.008130107128743513,0.003376399439193767,-0.024587484523031167
2023-09-18,0.007081808609278761,-0.011791679031828095,-0.0025380897219484666,-0.008586997975532973,0.04032251621176752,-0.002235522582798577,-0.004206180437997475,-0.005638563499907323
2023-09-19,0.0023439213646703205,0.0018915533918753002,-0.0029624983892428958,0.005308650550491345,-0.023255743715142607,0.00298737512161229,-0.0014783111638233537,-0.0010006574735273999
2023-09-20,0.0023386848428126328,0.0066812477011140015,0.016937084110017597,-0.0052806175969781766,0.0,0.002978393069220431,0.008883186640360474,-0.0025042219692016365
2023-09-21,-0.01545637573465497,-0.026114536982573933,-0.022810066188429068,-0.022632089171483627,-0.06746031500622274,-0.01707496735117242,-0.022851109971560146,-0.020753157012466827
2023-09-22,0.007997649640634208,0.007407319359963971,-0.0025935117580440092,-0.011149315403890525,-0.04680849209374072,-0.009063403070394438,0.0017163080125588426,-0.006152735491594674
2023-09-25,0.0064648265535738325,-0.020588192598962718,0.0029718933778331014,0.04633153422894587,-0.040178645084278486,0.007621959499158448,-0.005782769327329573,-0.004815161564967418
2023-09-26,-0.023065786186181048,-0.015615655564097164,-0.014814633222989482,-0.0013841093385905667,-0.02325577783091115,-0.013615970874928607,-0.014218047104179843,-0.009158295622711643
2023-09-27,0.0316796518341802,0.002135444009327081,-0.001880236760734566,-0.001662867686964109,-0.028571446745753182,-0.00536779296463652,0.008741235162299521,-0.013079973838234893
2023-09-28,-0.0020276085724840742,0.015220668609593258,0.026365545435011573,0.010272041141724975,0.004901909426648254,0.0007707666136484992,0.03206244060921204,0.01790205836764347
2023-09-29,0.005514991342444819,0.01319352217263936,-0.0014677526948204678,-0.003297743621079041,0.034146311266572305,0.01001556031784312,-0.009655706551370935,0.025210315874645062
2023-10-02,-0.015011460500848006,-0.00873041073886427,-0.009280253465788757,-0.0033083137465278467,-0.0518866730705877,-0.0015255892094372392,-0.0027557171814664994,-0.03517774268118368
2023-10-03,-0.004396150398912835,-0.0061203396531911425,-0.01262042942768371,-0.027109476525692067,-0.08457711057041095,-0.0030557539649278542,-0.012752265414268105,-0.0247786886314052
2023-10-04,-0.0397410421619363,-0.010663803918813386,0.022932021095706467,-0.0002842374232265854,0.02717374798705463,0.012260480872750223,0.007535059995243509,0.007985481567751807
2023-10-05,0.0033721346432302735,0.00045540463576676515,0.0158032426646304,-0.005119486937482209,-0.04232795694111535,-0.02422396429460416,0.0029915588932560855,-0.0007203567611048234
2023-10-06,0.023831293334650283,0.01456749538309321,0.009406736505450652,-0.005145948799777478,-0.01657453534682729,0.023273792866639553,0.040690206147340646,-0.01693686329856492
2023-10-09,0.04297244001585154,-0.007179237963523488,-0.008602663536599775,0.001437126769933128,0.04494378579365543,-0.001516336246233374,-0.005322473758699209,0.002565982809690892
2023-10-10,0.0074390745904215905,0.0060259723135358545,-0.0010843821623838235,0.012912267553160772,0.06989263882713703,0.006074470168302426,-0.0016463700861216735,0.02504566842460676
2023-10-11,-0.0025561776034860317,0.008685362391191775,0.012667704148977554,-0.0036827629503957127,-0.04020113714130935,0.003018854201285004,0.009482536740814007,-0.008560729305331471
2023-10-13,0.033029556673720206,-0.011431271279826904,-0.010364602963446656,-0.017913111256974035,-0.04712044905692314,-0.02332593721727305,-0.0030629102970127775,-0.03237993071678502
2023-10-16,0.011025395874515898,0.010662275922572517,0.0014445694566225242,0.0031850130791830633,-0.016483527573618817,0.0023113904036340394,0.020278261419999444,-0.008180040783736131
2023-10-17,0.026990255396708962,0.008172381558341879,-0.014785502720681465,-0.0106782389873058,-0.055865897815535415,-0.016141465021160095,-0.00903412898122935,-0.006747731776531984
2023-10-18,0.02256436600856926,-0.036698558098674616,-0.020863929145259474,0.00029167706616761713,0.023668720511914154,-0.0210938095799027,-0.004862241148378743,-0.036233337228159135
2023-10-19,-0.004672909039024065,-0.014381853915610754,0.011588798761331898,-0.010207163173353018,-0.06936420201916205,-0.0007979230709720397,0.007736171110538814,0.0
2023-10-20,-0.01278057214517958,-0.027010412589007715,-0.003695453811385696,-0.0038302125734577253,-0.043478287924915704,-0.0023963131975205387,-0.003232296304561899,-0.0013706258449431852
2023-10-23,-0.06604989569292741,-0.0019143272609014605,0.0011124365336505626,0.002662195392790778,-0.019480532153731578,-0.0008004784577201329,-0.0014187772095030082,0.014117649442605185
2023-10-24,0.014992823738552152,0.022858045382174286,0.0,0.03274314028876191,-0.06622513578184197,0.003205113389847636,-0.004668268355589311,0.01720800455012861
2023-10-25,0.0052955807193006965,-0.0009377204668966632,0.0018527707188702447,-0.10111402757257104,0.021276530234015878,-0.006389927606478496,0.00020389652414376513,-0.023759623592420454
2023-10-26,-0.010258071031667093,0.021429757990123033,0.024778065649617487,0.037813817780553594,0.020833347827831306,0.015273402969391947,0.0207951972785545,0.017133957822697887
2023-10-27,-0.007282871364717058,0.03476252169376459,-0.014795884475170995,-0.031537020648399805,-0.006802649998386978,-0.026919954096026877,-0.025364474093527933,-0.03445644054487618
2023-10-30,-0.010157882165072518,0.009027764434416552,-0.00805868371754237,0.021182384173101587,-0.061643873216724154,0.0056953620929391935,-0.0069672122943933434,-0.0025773627091050244
2023-10-31,-0.009692191154136331,0.012027032973600749,-0.009601263456915365,0.02198141739193349,-0.029197099270966365,0.040453403767877205,-0.0022698888080664448,0.011131075840248084
2023-11-01,0.010938310791839934,0.019130392989201273,0.014090090621896145,0.0021206665048210116,0.0,0.010108752049496239,0.0010341233144071094,0.020640894164791312
2023-11-03,0.011959081484088863,0.012514263029170358,0.027593871572545003,0.01360341016140909,0.12030074873317487,0.023094714766897617,0.03512396201410595,0.055662520932470594
2023-11-06,-0.0008442260494709863,0.004213405642496948,0.009309148868394956,-0.009543732347894185,-0.04026848345190792,0.01655385249131669,0.00698592012639998,-0.01459587838475318
2023-11-07,-0.016614915406700015,-0.019860165998300094,0.02802371845387963,-0.012947948651842123,0.23776232649416817,0.004441092479948727,0.011298338138518327,0.024625032516009338
2023-11-08,-0.021477743036599106,0.0007135035278285073,0.004486118441828335,-0.01006699023577029,0.005649721067309432,-0.0022107281916273758,0.012740242046758388,0.0028911405708662574
2023-11-09,0.02077853192228707,0.004848267591810229,0.004465803864239559,-0.0012328851436959054,-0.03932592982830052,-0.009601158855613412,-0.04180379216560759,-0.004504389182452662
2023-11-10,-0.004587042982996503,0.015325705131619793,0.011970475969962369,0.023449663317232528,0.052631681733838365,-0.004474378980220184,0.014744670568314522,0.025882317001084232
2023-11-13,0.027937649051700708,-0.002096601188599556,-0.006759280758179109,-0.013566500702950846,-0.0388888510958304,0.005992567308459762,-0.0037821188455836596,-0.024347216119687043
2023-11-14,0.013729300934553823,0.03095241776093216,0.014970766961439841,0.02261607273175792,0.01156063599101742,0.020104132161381294,0.004795475915233105,0.06690778618752957
2023-11-16,-0.017412902529977514,0.006656789049545697,0.016091183616011584,0.0005977119883233684,0.25142854053221964,-0.0021896681448571043,-0.00019918160727372403,0.032203467508852945
2023-11-17,0.03263011935334004,0.0018892032712241047,0.004619354829483058,-0.0065709659271893095,0.013698588358888708,-0.005120658383366283,0.007557781017478504,-0.001642106942126187
2023-11-20,0.0008172433794244593,0.0245151658216467,0.009851767948825918,0.006614429115535225,0.02702704600010275,0.0,0.005329599192825496,0.0013157188425185762
2023-11-21,-0.010343018115446356,0.024191439167414064,-0.001626119118753877,0.005376502298735986,-0.065789469829718,-0.011764818407324018,0.007068576437700758,-0.01379742544526541
2023-11-22,0.0048944313885532775,-0.009505829214047079,0.00618917602374891,0.013071958260458816,-0.02347414209035703,0.009672681103660707,-0.008578837586076027,0.0026646749314593876
2023-11-23,0.0002844353408850697,-0.006279286748044899,-0.0012948588473177258,-0.001173108518159327,0.04326920503935394,-0.0014737910095831142,0.0033432974173421837,0.008637804084226763
2023-11-24,0.0028432393391497612,-0.008469997233680915,-0.005510724230106123,-0.00998240751661561,-0.08294915887904164,-0.011808231068484831,-0.0011759018445698377,-0.01515137762745944
2023-11-27,-0.005670584797368816,-0.005966156410274648,-0.0026075325716395925,0.012455595956286425,-0.015075552289738448,0.014189778402555087,0.018445893321244577,-0.013377928347873325
2023-11-28,0.015112766964600288,0.002182684840049909,0.009803833033642517,0.006736686150287774,-0.02551016467301892,0.00515459495261994,0.014450740703763731,0.001016876322909921
2023-11-29,-0.010393355635021306,-0.0002723537450116664,0.006796511640140723,-0.006982880069814401,-0.015706874633846235,-0.025641055387788825,0.0015194978185364416,0.002878465798069829
2023-11-30,0.01930187889926316,0.005445861529282725,0.015428769431717893,0.0017582978493144719,0.07446813801884722,0.029323326175238584,0.02920540729476695,0.013675686501288586
2023-12-01,-0.006683574670522607,0.018551231332262885,-0.002291346047882614,0.017256175237342353,0.07425741974073552,0.028487881681967364,0.002026962404367616,0.011658678928794464
2023-12-04,-0.021306282905311003,-0.022467497838373318,0.0012696759588564088,-0.0005749679506630301,-0.07834101477047928,-0.0014203277663393798,-0.0038616866889874535,-0.0014816193707715142
2023-12-05,-0.004583325484690537,-0.009247917475245448,0.008243415775217366,0.015535200372005065,0.0700000467534514,0.012802257993486998,0.0,0.0024731716920129987
2023-12-06,-0.03597120912973484,-0.006588817987796203,-0.008804738842643434,0.0025496500347537143,0.014018648321781013,-0.017556279010285336,-0.021414235600361375,0.004440683876364426
2023-12-07,-0.002388158094511539,0.0031780450909835167,0.011103624204797713,-0.000847760778169393,0.041474733335015834,0.006433158283167373,0.01622354539899007,0.00687742605776398
2023-12-08,0.03201698449004775,0.0027547457607075554,0.012650036252194186,-0.020079063235082684,-0.05752220714890366,0.016335376018520753,0.010766497898725413,-0.006667717009603669
2023-12-11,-0.003769178479558155,0.0008242570671248561,-0.006870669440786292,0.006348850193665712,0.0469483887044162,0.0006987495465835547,-0.00018363792602649198,0.0008184224424545583
2023-12-12,-0.008149071587329693,0.0017841497349511126,-0.005031373644921788,0.00458881754721463,0.022421489295576302,-0.006284828662471154,-0.02953337449361837,-0.009978631355882617
2023-12-13,0.014378062668638725,0.00013720168408437594,0.030341322794152914,0.029403575580984942,0.10964914893191113,0.033028720367204834,0.009142693094093213,0.03965632042705325
2023-12-14,0.021695020319380198,0.005479301929852021,0.00828216023262729,0.006655386492667947,-0.039525717786031866,-0.013605380933353062,0.0066063503143694025,0.03798478454396648
2023-12-15,0.0022651746870072653,0.006266962030116119,-0.004259039015909627,-0.0074381206122975385,-0.09053495001512635,-0.0020690145817825467,0.024001540165082824,-0.019445690651753056
2023-12-18,0.012429242482670189,0.0047388534185737186,0.004888163609967355,0.0022786609171552286,-0.013574619152292744,0.005528655069410027,0.0007323996053041348,0.005152996432261636
2023-12-19,0.011439611868145239,0.007006963040407266,0.0006082626191623586,0.01054412733499488,-0.009174317548240163,0.01030929037220396,0.0036596408838618366,-0.00031050312610159114
2023-12-20,0.0035863267332019166,-0.0032114996405542273,-0.01033123997899188,-0.007139109212590089,-0.027777794956440727,-0.01644980313498945,-0.011668165679216802,-0.017715884765820533
2023-12-21,0.0002748230305684718,0.033293153655131746,0.006754563755660081,0.006360797997020384,-0.0047618547825121205,-0.002911240492623368,0.0014756890184188798,0.020882776692022986
2023-12-22,0.009618081027580772,-0.00753549174386281,0.0158586342622955,0.003297602895487195,0.014353915609228052,0.0007300136022310166,0.0027628702935773575,-0.00015506680450083632
2023-12-26,0.01605882043961193,0.0035347497896953683,0.010207097740368543,0.005751950474066847,-0.004716827074492946,0.004376337591043944,0.009184517097616807,-0.00495957060387664
2023-12-27,0.0008036312022305925,0.00965289571488337,0.006834997967822609,0.0032678552261820037,0.06635064389130485,0.0050834931747936185,-0.0014560009444331001,-0.002361632753196452
2023-12-28,-0.0032119435908334326,-0.0025840914527400782,0.002656683678534444,0.00190003052065002,-0.03999997625221574,-0.00794806515373847,0.009660775057635407,0.0
2024-01-02,0.014500248295625351,-0.0019429216805447735,-0.012734109587015263,-0.009211727620258015,-0.05092600895613031,-0.0014565239653152595,-0.011373911145575843,-0.036792496844083256
2024-01-03,0.031233591045608522,-0.005191414666924965,-0.011038067796645512,0.007656686162379023,-0.024390206818597493,-0.008023272516063606,0.0009130523132565571,-0.005876561294204441
2024-01-04,-0.008470238392131013,-0.013437723968732995,-0.006636741836744342,-0.013297163577675297,-0.03499996771785496,0.0036762738618525415,-0.010581970545262775,-0.020853795541591724
2024-01-05,0.0023299000317040797,-0.012827236920784468,0.023383013992611,-0.010726053188985674,0.02072528639516147,-0.0036628083751619744,0.01198617264215196,0.014590044298644855
2024-01-08,-0.007489812141913799,-0.005090775405521497,-0.010682643371616507,0.0025023092432407967,0.06091386334294091,0.00808816607665186,0.008563939272174803,0.03801653476615319
2024-01-09,-0.008586984671267173,-0.012656333727386282,-0.0005997409363980299,-0.024681340631753423,0.023923405730338576,-0.00656462399421931,-0.01499548938013473,-0.009395071910466957
2024-01-10,-0.009186333215921105,-0.015000466368405352,-0.0009002721365048982,0.004265224882934904,0.01869160045255347,0.0102790369317185,-0.001650680362422996,0.012698993067415953
2024-01-11,0.008476814129090071,0.005260879735964119,0.0018022473689971452,-0.014156567423774025,0.0,-0.014534888716989713,0.006797728918642498,-0.03158731561295758
2024-01-12,0.0026267248258808884,-0.012670357301672208,0.0011994440917193483,-0.004307861575623462,0.03669727019296065,0.002212413933935009,0.005839446030795781,-0.00016384635556787597
2024-01-15,0.010741518928238936,-0.0019528911078972033,0.0017970107236837674,-0.010095007366678344,0.008849464241542426,0.0,0.01959358384312382,0.002950769068589043
2024-01-16,-0.012441772676410112,-0.01299789692978115,-0.014050892121599934,-0.02068780579961982,-0.04385958145504987,-0.01766008151622167,-0.005693900893653403,-0.014710717776718507
2024-01-17,-0.005774286720676258,-0.01798372923271596,0.0006064502567093566,-0.006248068268685181,-0.013761527385541594,0.005992495430725331,0.001968501605571271,0.010948930995760664
2024-01-18,-0.003959885592282997,-0.005046896297194681,-0.004242334791002,-0.007784560620409664,-0.06976743704412147,-0.006701409260120417,-0.011609395634037623,-0.02592707239564962
2024-01-19,-0.005300719605427773,-0.013043465182651981,0.0024343325874214283,0.010259529104212017,0.014999954359725898,0.0007496335232437534,0.010480705233344434,0.01229778861362063
2024-01-22,0.0045297613790247215,-0.004405235690291609,-0.01639330899586844,-0.002986770765773805,-0.039408785415905534,0.0007490719937659485,-0.006616523698426691,-0.022965585596995686
2024-01-23,0.012466704869787293,0.020648960984223974,0.004629757005504276,0.01168362177978155,-0.005128151262423053,0.000748511304910382,0.017821841787826642,0.008686726346855078
2024-01-24,-0.007597594556812859,0.010115535618415272,-0.004608421135467999,-0.008883730472385776,-0.010309399026555144,-0.006731402295213185,0.0019455230145049018,-0.009962812997105552
2024-01-25,0.036959097526442664,-0.02460653248128153,-0.002160365428186428,-0.0065730189645201165,0.07812499637637549,-0.0060240817571413086,-0.0012357198266595981,-0.004605108769068167
2024-01-26,0.01731125721652571,0.019360625305108625,0.014846932584860362,-0.0024059078093544572,0.004830975028364604,0.0,0.006892830679401385,-0.03632616624657092
2024-01-29,0.015265398946250786,-0.004748227669504557,-0.005181330613558965,0.002411710161666303,-0.004807748913421173,0.00378783899607682,-0.007898618378787803,-0.014047092765792413
2024-01-30,-0.006162384039328783,-0.005638257992550244,-0.006433769015920632,-0.007819556110040149,-0.0434782374883963,-0.015849231470917657,-0.005131218394853199,-0.017312830575434535
2024-01-31,0.010912915817141045,-0.014829980596075543,0.010792163281094558,-0.01970274042831688,0.06060610149412016,0.0030676839192493865,0.003912655137160659,-0.006790447440119585
2024-02-01,0.019872392037873166,-0.004574991956050489,-0.002208467649290835,0.008967036523423566,0.048784203567701745,-0.0007646165945798256,0.022852082955719277,0.0066520092463411284
2024-02-02,-0.012990073622986209,-0.020311326959745357,0.0015296142027794168,-0.0012255274338476285,-0.04368936258909928,0.0,-0.00034638686331067703,-0.016886826517375608
2024-02-05,0.00438677229093809,-0.008625794248580565,0.018937329878945697,0.020558137609023586,-0.010152200559552793,0.001530238872212486,0.010741331346275862,0.0033608190177285557
2024-02-06,0.009221231863570045,0.017707066863145382,0.0428654606556067,-0.0006011569302231123,0.05128205128205132,0.010695141495473681,0.021597640810832486,-0.0195386195693934
2024-02-07,0.014667178908773337,0.0019500121623703404,-0.00718587613338495,0.011732829476982731,0.014634126025740768,-0.017384681434402416,-0.0026845406054626375,0.015752555843604465
2024-02-08,-0.008057026885398777,-0.008832369357684833,-0.019687458918905665,0.005054898877249858,-0.004807752472078541,-0.0038461137746504948,-0.015141382890998978,-0.01625552589699142
2024-02-09,-0.013377898972240843,-0.00438001883837702,0.01269943647266114,-0.01272197221211957,0.004830978621488624,0.0,-0.016569842308155835,-0.002849075495953035
2024-02-14,-0.007506158352587389,-0.0030338978223743984,0.0,0.0047948820071535,-0.028846214491855204,-0.002316627891572276,0.01354875037103409,-0.00952383589462602
2024-02-15,0.031959044857581054,-0.0031953658402837926,0.00845713994135422,-0.009543756254953628,0.019802023065970564,-0.005417933409505027,0.00017134504423022,0.0024999708110626795
2024-02-16,0.009219785298077543,0.03800935278295525,-0.0011565455800255364,0.005721199339689065,-0.009708657388229236,-0.0070038847359631395,-0.00839620767846605,-0.005179393608242822
2024-02-19,0.0049193010671730875,-0.007500010578734506,0.011001963812275806,0.0026946674432524187,0.024509700844275173,0.00391853854139379,0.01814419442045767,0.01349795047519664
2024-02-20,-0.010489542647106442,-0.021929052366942203,0.02176378400780976,0.02329067488518266,-0.03349284489563831,0.003122510911292231,0.006449470250970313,0.028158272933012318
2024-02-21,0.0014134066495616882,0.007574402542603886,-0.005605425517592577,0.0688646572055418,-0.02970293151174097,0.003891009896670017,0.0023608471103357953,-0.0016654440224088685
2024-02-22,-0.007527697708612058,0.01067522903454643,-0.005672496865252841,-0.031667937321166795,0.07653061549723295,0.004651131009703713,-0.022543722930997934,-0.008155824172375481
2024-02-23,-0.006873417144125149,0.002380150897272282,0.0029273936543470214,0.014378088684559476,0.018957386195975312,-0.0054011287138928665,-0.012392281477471845,-0.005980115554468868
2024-02-26,0.018854154408842083,-0.024191147258086243,0.0029190007257682282,0.0248848757762945,-0.018604689904401228,0.011636722377263542,0.009585055147919741,-0.02068049374673797
2024-02-27,-0.0014053349537773707,0.026311881390560732,0.012223425080361006,0.01066451267044033,0.04265397090575629,0.02070558873416295,0.012083549321357134,0.0462658718667488
2024-02-28,-0.05160692230119046,-0.010966290111562915,0.0005750567043865118,-0.0013526114408650702,-0.013636345996522303,0.01051844367963417,0.0020465467280161853,-0.011742972268146357
2024-02-29,-0.007172829643951606,0.0037458835143948654,-0.024712480093282307,-0.005960413507072326,-0.018433123561778952,-0.064684014156841,-0.015148812659716016,-0.015967313933635263
2024-03-01,0.0009964528365271619,-0.0016419984315848568,0.004352408754183967,0.01635322558027985,0.04225346329485724,-0.011128899455560504,0.0010369292618723769,-0.009433908229804833
2024-03-04,-0.002488719067197942,-0.0022427970448879453,-0.007631293930823069,-0.004022579840797125,-0.04054048730265869,0.003215643022320691,-0.004143572967456155,-0.025333400222133817
2024-03-05,-0.002994168366404648,-0.013187521785456346,-0.0008873701994478456,0.007808397594962102,-0.00469489443062121,0.021634595507878718,0.006934867822990576,-0.006839897844379328
2024-03-06,0.02202219064865929,0.01366748324238487,0.010953286347256785,-0.00801517685198705,-0.028301849726562356,-0.004706018635223352,0.014807138755458915,0.010035288955932309
2024-03-07,-0.011018708190387527,-0.003445761307252271,-0.010541741234190272,-0.006194315879232248,-0.009708657388229236,-0.0031519540887096076,-0.00950129273515632,0.03584651153027685
2024-03-08,-0.09135922659137075,-0.00766673623146974,0.009174483981872816,0.0005419021018084891,0.00490191975354648,0.015019758815414397,-0.009763614686838062,-0.0003760919391604389
2024-03-11,-0.028610296532705637,-0.031056015134656056,0.0049851080426623895,0.006500629353396015,-0.02439014232382608,-0.0031152992234355636,-0.010032828369365032,-0.015992455059531285
2024-03-12,0.03281881260776176,-0.006230580599959401,0.004085299681100052,0.012109628302967801,0.009999811546298032,0.0031250346414273267,0.013728233736154616,0.024856552009645316
2024-03-13,-0.011949755450916921,0.006410203129285863,0.009880848502788808,0.010901503847978944,0.004950557310099857,-0.007009339535132941,-0.011111186317500521,0.0167909172366687
2024-03-14,-0.004398053825031223,-0.012738895774574766,-0.0005755527522385284,-0.006049636119334512,-0.009852237466773217,0.003921527630355026,-0.00438902091071991,-0.010642151971882008
2024-03-15,0.0027608151874476405,-0.011414441915719498,-0.005470563425781894,0.005557209229812843,-0.024875622921393892,-0.013281229267630645,0.010227617696200175,-0.020771450529227797
2024-03-18,0.0005506280344678149,0.019076323805950368,0.00405283726805683,0.0,0.07142861696126057,0.0,-0.021993334727507197,-0.005113670456613151
2024-03-19,-0.007429572284241015,0.00821022749388245,0.0014419737554036693,0.019999946315498507,-0.06190484123282147,-0.007125884469366017,-0.003569496069809386,0.013706545306765738
2024-03-20,0.017465851001299937,0.006677576947075048,0.0020155573236975144,0.0018059046217937524,0.040609225052777864,0.0,0.010746692119895318,0.02722999500341272
2024-03-21,-0.02724808952038915,-0.0024268784439459568,-0.010344766080773726,0.015451969422631162,-0.029268353630094612,0.0055821131675724,-0.013999708583609993,-0.015904937743661196
2024-03-22,0.009804128691265346,-0.011514692144967587,-0.013983223811440348,0.007862140556004649,-0.0351759025337528,-0.01586043350442201,-0.004133505406576532,-0.01820541526295749
2024-03-25,0.015256460541061445,-0.0021328781928909857,0.0,-0.016184361974973083,-0.0052082904026984345,-0.014504419485842024,0.003970411728423162,-0.006622470480819209
2024-03-26,-0.009289431665454373,-0.012660409857569999,0.01986931173754658,-0.006660053921182407,-0.0680628083884941,0.01471789399428336,0.005392743278205936,0.027238020810343766
2024-03-27,0.007997649648553873,0.009159086476350886,0.005525156036408685,-0.005930546078581234,0.02247184044617767,0.003223156208869815,0.0007153166582234416,-0.00018551487195028749
2024-03-28,0.02216153566367085,0.003795445733344005,0.001734971214572223,-0.009079356946784412,-0.01098892046247657,0.0032128871899463896,0.011613219320328438,0.014095006313433744
2024-04-01,0.0077622449063163845,0.0064112570201060315,-0.03414990263645412,-0.005497144243004404,-0.011111134248461774,-0.012810218293362818,-0.00953735182339488,-0.03712491376350491
2024-04-02,0.025763539110721156,0.01176088465394276,0.0011961373965518884,0.004737913387768966,-0.022471957432785072,-0.0048662339265550525,0.0016049038537924165,0.003304729429592035
2024-04-03,-0.005178633816157685,-0.014368737331789672,-0.0074671967174544385,-0.007335712821914031,-0.028735574409306408,0.014669914655319305,0.003916690888300822,-0.01125087162020788
2024-04-04,-0.011452385504962415,-0.011138518119367169,-0.013241050444412927,0.0055423348578831355,0.047337192438119624,0.001606529935056722,0.006738792495576629,0.0300867838880301
2024-04-05,0.0031595816651404096,-0.01093251041776433,-0.001829615800334139,-0.00288683102687326,-0.033898261216165126,-0.019246230813571574,0.004227700268096157,-0.00430622952560189
2024-04-08,0.013910743219443411,0.054597241361787896,0.014970812275185708,0.005527529872018322,0.0409356988637124,-0.004905935367023995,0.015611268728124683,0.01353884135242045
2024-04-09,0.002588716052283724,-0.006669909053278356,0.010535786805693448,0.01570690344178627,0.02247184044617767,0.015611980116637003,0.008462728202418557,0.026345079338730315
2024-04-10,0.022204933830668017,-0.01518779196152309,-0.0211497205897484,-0.010309341135428252,-0.027472529987153438,-0.02103548682818679,-0.013529699100698345,-0.03127266773336246
2024-04-11,-0.007324951397045143,0.004220744404622057,-0.001825718017048228,-0.00416671352579312,-0.02259874277114582,0.00826437690917392,0.0024306789542414275,-0.005784581656377519
2024-04-12,-0.009160510440860636,-0.0037180649858492565,-0.010366177676400135,-0.006799279917060641,-0.040462510541955043,-0.006557274206788977,-0.01298941609876425,-0.026839335063097658
2024-04-15,0.00950216360550793,0.005841432086410414,-0.016943716473534987,-0.008951846975463806,-0.07831316913117092,-0.00412545827708477,-0.009299795099813268,-0.024493727908845075
2024-04-16,0.004578713811507651,-0.008872520852773014,-0.007521336895359054,0.030021312130163125,-0.006536029106785968,-0.010770447168996,-0.011335457302684149,-0.010083118997369245
2024-04-17,0.007343636101033946,0.010904892202579619,0.0006314127090241151,-0.014186180603186105,0.0,-0.002512500608814139,0.002149943406640098,-0.0013979578506934098
2024-04-18,0.0017597421914603562,0.0037031722201528172,0.0012621098944145537,0.009942295437892268,-0.013157854178378559,0.004198199038949468,-0.0014302990190254716,0.018199912020388398
2024-04-19,0.01706391633812676,0.01636200807055266,-0.005672619735696327,-0.0012951600109979422,0.026666583372204178,-0.0008362194468476414,-0.00787677527989794,-0.012571119665290342
2024-04-22,0.023932888972772126,-0.000473601491353004,-0.0006338959585476811,-0.007263506694085153,-0.006493385323866119,0.0,-0.011548254656479684,-0.014521580997151728
2024-04-23,-0.0019276608170681886,-0.008684716776381163,0.014906535256310693,-0.007316225413197763,-0.0588236495018154,-0.007531464081643846,0.0076671810107245,0.014129907863737134
2024-04-24,-0.0045871743928501685,0.012424381141700414,-0.004375194274751748,0.006317039115131928,-0.006944387203597913,0.015177144328023529,-0.0036233264196665615,-0.014331208980323251
2024-04-25,0.024011677249966557,-0.02108240501708114,-0.005649634325492814,0.011509550885393072,-0.02797194141486714,-0.0016611479580540545,-0.004363675752480756,-0.01575112456911265
2024-04-26,0.014122760854769378,0.0,0.01672975817156086,0.014222972165011338,0.028776886806727298,-0.0008319559810060495,0.0,0.03610979081864851
2024-04-29,0.012004902913080873,0.027001014774018284,-0.0077616190415144,0.003569556172336341,0.013985970707433681,0.007493748869462191,0.0062089412401660216,0.0009903511573567947
2024-04-30,-0.003084246174022698,-0.009546162644277545,-0.01877340566463659,0.004827011556714833,-0.062068955613023946,0.0041322772921079665,-0.004718841929170381,-0.030069314769459177
2024-05-02,0.0038076006865226386,0.009953992151606528,0.014601528496442695,-0.017698866176525718,0.07352941626808329,0.014814801707862202,0.010576452021548555,-0.010605749744404869
2024-05-03,-0.01272102793779395,0.0010952241024178022,0.01257870653343729,-0.0020591725830125807,0.07534248431453938,0.0032440687706660754,0.018404835721471224,0.028241594728058317
2024-05-06,0.006768745935250786,0.002969287189736436,0.006211184099573552,-0.003610987667073684,0.0,0.0064672445356723784,0.005669814839033505,-0.020048026971348
2024-05-07,0.012201208275961717,0.006232435637760769,0.02067897779315686,0.006989022207644746,0.02547776107393629,0.012048326962298628,-0.003171198571054412,0.01534360802252066
2024-05-08,0.015252026761970017,-0.00913599277583077,0.0063503419462831445,0.004884407317488737,0.024844642572019238,-0.03412701845499411,0.003181287064045968,0.011082004955173419
2024-05-09,0.009692080271196168,0.008126414498577317,-0.030048091809158572,-0.004860665845664358,0.01212123812683119,-0.00986042110912333,-0.04369284954534325,-0.012554885171466745
2024-05-10,-0.002159549673783845,-0.0034103707859600707,0.011462004059872077,0.001799512973156281,-0.07784435169691584,-0.0008297955662761591,0.017686232553717707,-0.05146307844770348
2024-05-13,0.0009620241073833302,0.005910651617719642,0.012251315047386413,0.002822801242112094,0.025974149777789002,0.0016610586778240677,0.007603174526391587,-0.014893794947477668
2024-05-14,-0.018020285244766954,-0.0006185841530329528,0.010892530575613346,0.013562096852044903,0.0,0.0082919663476122,0.006467740746066264,0.015118973843722294
2024-05-15,-0.06043554819867847,-0.0029396742570700907,-0.002693867555508489,0.0002520978843321142,0.018987314662414656,0.012335485823733894,-0.012852590376044026,0.018723491181683594
2024-05-16,-0.02916672012767596,0.007293464756253032,-0.0030012797904214183,-0.0005044800107765202,-0.012422450625235504,0.0056864095336079945,0.001085079999499472,0.01566397893858018
2024-05-17,-0.015826194563857254,0.01956562189482125,0.0003008841185141442,0.0010099836840875565,0.0,0.0,0.0003611430351144751,-0.004729590374775605
2024-05-20,0.001635498936240598,-0.00045328441536685027,-0.003009021482710983,0.0052975525849721095,-0.012578578050781108,-0.02261711527651422,0.00830645513413164,-0.009917266806284353
2024-05-21,-0.0019047737008522914,-0.002872330695483205,-0.005131412749654007,-0.0022582841579663615,-0.012738880536968145,-0.006611554829851762,-0.0007164694943873062,-0.02712863134783361
2024-05-22,0.013631393934806946,-0.007883500956756162,-0.015473405404425211,-0.012072570062128918,-0.051612812650656315,-0.00415969047624587,-0.014336916155830215,-0.017589015987639067
2024-05-23,-0.009951389288288426,-0.005959539299151273,-0.00893673771562753,-0.006364627919644983,-0.034013604478522086,-0.0008353413135279153,-0.02036363433626942,-0.002183313236916895
2024-05-24,-0.005433367982216719,0.0004610196502512487,-0.009639085987827478,-0.017678617059121216,-0.07042253314584257,-0.007525256002328229,0.005196915883557418,-0.006564550202927122
2024-05-27,0.010925896550645131,0.003380432288779156,-0.0034539496698636762,0.0002609799115600442,-0.0037878471174358497,-0.005054635084796644,0.012185818567815643,-0.010132250186560832
2024-05-28,0.02134552066945372,-0.021592578133805107,-0.005355891781263944,-0.0031293483089918084,-0.06539937158607534,-0.018628395257475394,-0.0032834232752119163,-0.00845571793746902
2024-05-29,-0.0013227500974926087,-0.010173793051981073,-0.006968678076856971,-0.013078337561416409,-0.017087057206915834,-0.006039571113378495,0.0,-0.01256732375803904
2024-05-31,0.027549669821877343,-0.0006325003662633888,-0.010207293929422323,-0.00477088665302805,0.02566235004690065,0.00347226045349891,-0.007320523666253798,-0.028863633579291448
2024-06-03,-0.005413735618132742,-0.02104432255087474,0.0141119903350857,-0.005592517733147284,0.023405978730500765,-0.0008650613949033881,0.0011061238443585975,-0.001872121403502014
2024-06-04,-0.011145647673559744,-0.010182596517960829,0.0034978551313118444,0.012319052628661842,-0.08123032749322345,0.012121159100729972,0.0029465120611038564,0.004454864295025063
2024-06-05,0.001310549143757278,-0.014206510348948265,-0.0019013818568180962,-0.006878101981851792,0.046351849936979495,-0.010265297187967315,0.0022035525981449755,0.004201580762155821
2024-06-06,0.004712089942700892,0.013914260548330004,0.012698391940248355,0.007192279412762126,0.04183762019703008,0.02160775387001812,0.013191603705803523,0.015806698684121878
2024-06-07,-0.03751959647264147,-0.013069760120335894,-0.014106560301146542,0.0010575828257599618,-0.07559046635801259,-0.021996585129626434,-0.01699824001259831,-0.02173922333955791
2024-06-10,0.015159813035833247,0.010925420330503366,-0.00794894885061237,-0.0010564655259637235,-0.018739390864924932,-0.008650706936392027,0.0011038433944545734,-0.02081881066940594
2024-06-11,0.004266569027708833,-0.0014737860672432435,0.0112179283521463,-0.0002646381477398041,0.07986109636155225,-0.005235660534321007,0.011025296732280365,-0.007405536443330751
2024-06-12,-0.02175928151888551,-0.013775071313943177,-0.001584946420128186,0.0071429179616908645,-0.0795820345425956,-0.01140335385105995,-0.018928211585397703,-0.012755714701771281
2024-06-13,-0.010050279229864234,0.011473354829763416,-0.010476091615432281,0.009193513900390027,-0.020087333703187493,-0.015971591984826894,0.00678201529974598,-0.02047771010727817
2024-06-14,-0.021996609175251147,-0.0034522038992906845,-0.0009625448387053925,0.009110081288846716,0.019607884986821977,0.013525557499612484,-0.0024799558531424237,0.005973014057071291
2024-06-17,0.003748685625078796,-0.003959245475379403,0.024405868441270018,0.0,-0.039335701170190696,0.0,0.0,-0.025235029512379215
2024-06-18,0.031312831846104894,0.00463736847827767,-0.0006266353940845848,0.002321191589150784,-0.003639680187901395,0.0008897853048666082,-0.013988735444562028,-0.006345176981421563
2024-06-19,0.0008354536339150176,0.003132215116434356,0.00784156890818255,0.024446752793625626,0.011872123975637416,-0.0044444937056166145,0.007285370220000198,0.01981614618190175
2024-06-20,0.015864361519429604,0.009038596326685022,-0.0068469319462483025,0.02436575007959374,-0.03700354912997028,0.007142936666038269,0.004567775596938439,-0.009497667575256274
2024-06-21,0.00520520485842213,-0.009283322529680005,0.006980549331375041,0.0073566427725881844,0.014995345424171358,0.0,0.00833650143767417,0.05223307910762709
2024-06-24,0.010084698503576295,0.0011506356664545692,0.014429284742303095,-0.0051120523879748525,0.12280693489841799,0.0035460431948104443,0.007515929573089997,0.01151099390086241
2024-06-25,-0.0008096315910517404,-0.004105039607267269,0.0030920662793929576,0.017127533124049688,-0.029605155283646045,0.005300317285954925,0.002983849044088771,0.0011852736853812385
2024-06-26,0.0016203125757243697,0.012366030144678408,-0.0018495839203919173,0.009141175255319212,-0.027118699102916866,0.0061511164578638144,-0.006693766881663565,0.004025703506015166
2024-06-27,0.0167162319866776,0.0026058191185323043,0.0018530112201489146,-0.0059594393350771435,0.06358884677709642,0.0008733722024487633,-0.0003743375074339861,0.02236091577200794
2024-06-28,0.009016050616840854,0.010721323410172623,-0.0009247525889174435,0.011750773857542196,-0.013104040480699797,-0.0043630504452675245,0.0003744776884784251,-0.019836580589193353
2024-07-01,0.015243187950342962,0.014786282089761071,-0.004703232670513868,-0.0037325391801701358,0.007468852276574234,0.0035057360594894504,-0.013103653239595836,-0.005476135035151097
2024-07-02,-0.0031065286264252423,-0.003326046760447454,0.01302719826546861,0.0014294808817110205,0.0024712178676924434,0.0008733722024487633,0.003414338014192886,-0.0016758837420454142
2024-07-03,-0.017397919205756285,0.019863453376704587,0.006123646249952541,0.0019035442101942301,0.03368942800247621,-0.006980786913643899,0.009829738749585815,0.010791292554375165
2024-07-04,-0.013742024465481895,-0.004986032931004969,0.0015216327068443558,-0.005224390367839393,0.04769468673370181,0.0061511164578638144,0.005241605333357269,0.03440085858752617
2024-07-05,0.005358962874366657,-0.004071443313044099,0.0006075731919343852,0.007161733674248882,0.0386950354475466,-0.011353650870424392,-0.00446918453362688,0.003211182580016736
2024-07-08,0.02452021723937836,-0.007861679869328841,-0.0018220004558683334,0.0540410605842343,-0.058436861359362324,-0.006183719326753212,-0.01646108172457228,-0.0022864560498371267
2024-07-09,-0.0002600620808863585,-0.0012677359239595676,0.006997226165924131,0.0017988250554814567,0.048099323967498275,0.0,-0.003423347837115398,0.0178736094923575
2024-07-10,-0.009367834133032438,-0.013487857610958831,0.010574276315830078,-0.011223291162173021,-0.002960776075067395,0.01333319446778769,0.015648795428210516,0.018685385812619693
2024-07-11,0.006829693668217507,-0.002573545138315758,0.005978792478543937,0.020658300652870443,0.017817409811092588,0.011403636728462452,-0.004885398399367968,0.029834048696480542
2024-07-12,-0.0046960735364183215,0.014675077292337413,-0.005646077050765808,0.020462575653522386,0.011670262069229498,0.009540435418189386,0.01321763086911476,0.002146038724698096
2024-07-15,0.009174294968010921,0.0011125588185463275,0.003885301617320369,0.013731733205605945,0.033165175496022936,0.0,0.004472675572929852,-0.005567481972623356
2024-07-16,-0.0025975151396446794,-0.01047792669558556,0.005953873008262889,0.003654929584856248,-0.04884859792984486,0.005154511125334826,0.0033394310777494773,-0.012489273580332694
2024-07-17,0.005208496265731943,-0.009305334315602543,0.010950021068630189,0.007926472868159617,-0.01247247516711214,0.010256524275271683,0.009985107272142413,-0.01591799994352361
2024-07-18,-0.001813518489831134,-0.009392663753210684,-0.004683845825233068,0.007438832128602746,-0.05869250589628572,-0.012690494974320288,-0.004393829636303415,-0.036782657360430404
2024-07-19,0.004152725163170556,-0.0008174725814529271,0.007647339346290805,-0.0023207513326233276,-0.007892594837238476,0.005141353366837187,-0.0029423042668049737,-0.0013801433650639794
2024-07-22,-0.019902109131819556,-0.0011451763270142745,-0.0005838554685348996,-0.002537508422733481,-0.019093036256367713,0.006820287241082301,0.0011066792432481432,-0.010596723603013891
2024-07-23,-0.012921766116424482,-0.013431644553125843,-0.0014603795435914613,-0.0025438775102755162,-0.012165348625827188,-0.002540339147563797,-0.005895449565043287,0.010011741434694743
2024-07-24,0.008014919031575252,0.006143107791687363,-0.0014624406996537331,-0.008501707708091666,-0.04187204624825336,0.000848905885054041,-0.004077059231792246,-0.0018442672008592842
2024-07-25,-0.0013251662548389165,-0.0004950970121919696,-0.004393747694413475,-0.015005408780406126,-0.005998254170879291,0.005089115130539668,0.0007440577988298003,-0.00554273311188036
2024-07-26,-0.0010616171636842475,0.014858925854979832,0.007355304959058673,0.021110026204493426,0.024999916974809855,0.0025316735869131968,0.008553641145610635,0.02020443171685371
2024-07-29,-0.02019132259665457,0.001789515567419242,0.007301077531345568,-0.009377711857727844,-0.05803195278065343,-0.005050470319789224,0.0014747917633908258,-0.0302753961046065
2024-07-30,-0.006236218981354735,-0.022085157620300278,-0.0037691251512547153,-0.013339079455780167,-0.010714308622920221,-0.015228412085276255,-0.007731785958352666,-0.013145458723093806
2024-07-31,0.020736533285879988,0.023414145882458826,-0.013969673773953306,0.10466636648751715,-0.000902482041744368,-0.005154788170149471,-0.01484245343457713,0.04257843738510969
2024-08-01,-0.015236546338628698,-0.022391643500771274,-0.014539691965002266,0.04303207207785942,-0.02439015443617798,0.013816986816927113,-0.006779647372359365,-0.0015972136152819782
2024-08-02,-0.0301303786791014,-0.013941897146265814,-0.012586235110058297,-0.05715374760366143,0.0712961032172581,0.011073193389870228,-0.007963497804974295,0.03016452925386215
2024-08-05,-0.0008395649616110834,-0.005167861840957744,0.0,-0.01556344266118126,-0.002592873427137432,-0.0016848481753016786,0.0015289942708061055,-0.025288249558208964
2024-08-06,0.0173669510526131,0.0050859224874091336,0.022154767489747984,0.0022516381941075636,-0.020797181846389012,0.013502077706749382,0.017175700180092734,0.013654954190997826
2024-08-07,-0.0013766112799505903,-0.0019193366325066519,0.002672301997400206,-0.013273573507540215,0.07876099850899232,0.04163207739095176,-0.01313339333436736,0.09003151813019361
2024-08-08,0.015991132917668738,-0.006119007930394549,-0.003553547922422351,0.028352487979193652,0.02871216430671364,-0.011990625476620664,-0.004182311495289914,-0.0016477878748724084
2024-08-09,-0.009226598688588883,0.003693962451687627,0.027043189116843003,0.00020120852347682572,0.03349289248820453,0.007281635089606997,0.013745510959970009,0.00783980248385463
2024-08-12,0.0227335183773425,-0.005082281134563882,0.0014467684457255547,0.017706294488656127,-0.0007717269950279215,-0.004819244444835835,0.021469044351964284,0.007574227863415217
2024-08-13,-0.006159393084221976,-0.004403781821396113,0.028315400374222977,0.010873987762366921,0.0262548017933395,0.014527832852360367,0.012905472176496513,-0.02275500826645649
2024-08-14,0.017515234591777507,-0.009200271686082173,0.02472591940523805,0.00801863884705356,-0.0413843929261436,-0.0007953827607435349,0.016745688697677563,-0.16839915985778986
2024-08-15,0.015360192208641266,0.004107143704447536,0.015903726843010446,0.022506808783810728,0.0431709984906965,0.037420278592726675,0.00787684357519658,-0.019999922215692356
2024-08-16,0.004173241465953437,-0.002667659485924734,-0.008366986797272657,0.010436475247207921,-0.053423546026970525,-0.0015349363846167696,0.007815283807151907,0.08673464462592206
2024-08-19,-0.001558509083786741,0.016048536544785774,0.005987991929056191,-0.027417823853503664,0.10651825509359214,0.0,0.026788753391556064,0.03873255701024014
2024-08-20,-0.0039021964143695076,0.0038610578760389647,0.007305033583064002,0.025487507555314703,-0.008620707709734332,-0.005380453503156968,0.004462768464619238,-0.028926682703842355
2024-08-21,-0.006006511208282439,0.019230656465045515,-0.004028829205728779,0.00602520101236248,0.003623233783872859,0.0,-0.004442940649199811,0.01698848438687639
2024-08-22,0.0030588122544163987,0.001372245552903717,-0.009169352143241882,0.014411377642931544,-0.048375513683633686,0.004636753320686138,-0.02252090104442117,-0.040274656698369826
2024-08-23,-0.006196233926509809,-0.016786561796854116,-0.00762137738885571,-0.007195515751532877,0.03338390723094564,0.006153914339007471,0.007497346316223119,0.0085836535540742
2024-08-26,0.07264849893905301,0.011324027929870306,0.0021942696759040814,0.005017731104050682,-0.01982379275578172,0.0,0.0038980989838492963,-0.0004726400080472537
2024-08-27,-0.01339398898166999,0.03014645244703984,0.0010947676155490527,-0.001479376187506487,0.008988783323636396,-0.0038226720654427337,-0.011295621937166489,0.014664138628662116
2024-08-28,0.014344140546195705,-0.007190716199441782,0.021596358885575206,0.0,-0.021529331540265817,-0.006139663041617616,0.00606918741541751,-0.009324119897502925
2024-08-29,-0.006818024542619483,-0.0011789832100729258,-0.010971165448793951,-0.008518584368208182,-0.02200304233355954,-0.006949800668235362,0.004258331834279705,-0.01764687434674783
2024-08-30,0.0010165886710902239,0.004721719778760347,-0.007034676230155301,0.011393477442704025,-0.05663304893776133,0.0,-0.006360264413566852,-0.009101883510513886
2024-09-02,-0.009397649014264764,-0.014098589746223578,-0.007969816943886321,-0.03324117739070953,-0.01562499063493794,0.0007775299690073734,0.010668543092061444,-0.0029007074063218674
2024-09-03,-0.012051294938256074,-0.03728299639137489,0.016213330911131862,0.00859601737551019,-0.02422724289226641,-0.005438982335668752,0.009148445174912867,-0.013333186556057752
2024-09-04,0.00025945474125621537,0.007780756909715247,0.007030731873110874,0.011174368286632763,0.03082189460682594,0.01484366260912684,0.010808894052516838,0.030220948940565373
2024-09-05,-0.006227261804199191,0.00719420611232735,0.00644484372437093,0.011237994331359191,0.021594731071370887,-0.0015394975796191313,0.008968642063127863,0.013355611906007203
2024-09-06,-0.019582136227094038,-0.012543550305108231,-0.014141171366145677,-0.020559334913134553,-0.0406503232316221,0.0015418712867332207,-0.016410298212030328,-0.011061380106140106
2024-09-09,0.01091860791448429,0.0,0.0097431744629779,-0.008131566743477703,-0.023728861715052285,0.009237978488409349,0.012513085087195508,-0.011185202840367503
2024-09-10,-0.016596325622539765,-0.011997156470949899,0.0,0.008389006345108418,-0.01649304465029655,0.009916040359793765,-0.014761447328599964,0.01083045423184914
2024-09-11,-0.0010716237896807312,0.028392815652712677,0.001876170684091294,0.011533344142618862,-0.005295686148233947,-0.015105827011127282,0.0003483459574249448,0.008571489780624164
2024-09-12,-0.011262947672384782,0.009029410082877831,-0.010968479574382961,-0.0035514669165058743,-0.008873132907419312,-0.00996927205197673,-0.010286212105211745,-0.0025969787540854883
2024-09-13,-0.004610854168750844,0.006711325882468033,0.0010817897483916816,0.005814898897617216,0.03849600548237153,-0.01394266912871811,0.00673053870947693,0.04615389973946682
2024-09-16,0.013896444599639013,0.0,-0.00027013795780117533,-0.011562789408910312,0.007758591828149086,0.010212211233913582,0.0052778733275120615,-0.009275995222024824
2024-09-17,-0.004568469440100031,-0.004786290445081276,-0.0024322432251496773,0.006037859407135082,0.016253197355774907,0.00777596838925243,-0.006300225600279874,0.011418171483328132
2024-09-18,-0.024028215814570375,-0.011679815034741914,-0.005689647225979089,0.0052512011263692315,-0.030303006400807964,0.0015431440857811562,-0.004931308815065871,0.011966611507765235
2024-09-19,0.003319417996816787,0.011991584799647015,-0.0027247534132213147,-0.0063432573723714025,-0.031250064960823276,-0.0023111082843711994,-0.012035407024617362,-0.011378757869589862
2024-09-20,-0.00027562150596127655,-0.015112398180946673,-0.010929070654787432,-0.013894060046403034,-0.07258066096138127,-0.01467181063366152,-0.014690156547313316,-0.02956464574358164
2024-09-23,0.010204002452064431,0.0031385834766590737,-0.005844570566205798,0.034272691005084344,-0.031883976035336214,-0.0007837077082787358,-0.003636295135422185,-0.006744207831076099
2024-09-24,0.004094916813913496,0.04884413226972639,-0.00028021566826541555,0.019697975663858003,0.016965843347597875,0.0007843223877799232,-0.000730035184402511,0.008663101341057855
2024-09-25,0.0073409703390547865,0.004474588017448378,0.012601684629172993,0.005235606308043428,-0.018645416356432576,-0.0062695774237591095,-0.0029217400592023157,-0.027855095024655885
2024-09-26,-0.021592409229340137,0.06005609517983346,0.012721454417355282,0.006645130302331381,-0.020000143682933014,0.012618266043431081,0.006593389104223801,0.0077031341720561475
2024-09-27,-0.0038620041538232064,-0.004513607977197909,0.0038228710160885804,-0.00035689934296101455,0.020408312872713497,0.00623051472927405,-0.008369595804757823,-0.010287178417329068
2024-09-30,-0.0027692132008678705,-0.007035628177000985,-0.017682394519589084,-0.028054737931793694,-0.030000059347298436,0.012383954763584004,-0.0025688811538318035,-0.008943644880312629
2024-10-01,0.02665917527056627,0.004881151937316641,-0.016412144172084475,0.027394898235369336,0.0020616451986648077,0.03975537857314859,-0.0036791830465999764,0.002439045200089529
2024-10-02,0.013795019459344138,0.005484083238101789,0.006197281395462051,-0.009484594089940401,0.013374569240836687,0.00882346827257563,0.002584776607621242,0.01678829180589947
2024-10-03,0.012273121926696273,-0.019167870155568312,-0.024636163252619525,-0.013550298999473909,-0.012182661812191742,-0.023323716121854576,-0.009208084144233353,-0.0308687230734751
2024-10-04,-0.002635705195878413,-0.007308480858051802,0.0020090549816125236,-0.0018313759687207387,-0.006166508242395841,-0.008955083078364012,-0.0014868987817028279,0.034567891332819345
2024-10-07,0.014006222363354581,0.008802800822086398,0.006588669888258014,-0.020183507769666043,-0.016546053354109524,-0.008283223713818955,0.0048399281356021895,-0.011455807167221943
2024-10-08,-0.020067856619292446,-0.03030304705687703,0.005975996361810898,0.017041208097359428,0.006309161734469271,-0.006833625600569326,-0.0003704851141527188,0.03476589163248822
2024-10-09,-0.010106223729166586,-0.002617792464954083,-0.018387651647414738,-0.0057079972030903425,-0.03448266858235238,0.0,-0.02038562694185786,-0.03219779779873155
2024-10-10,0.01155309736593324,0.004757206676853087,0.005475806831484187,0.003333313844653407,-0.003246816173007261,0.0022935210577743614,-0.008702179682342437,-0.008678874611616205
2024-10-11,-0.0007969965957926872,0.014367406550198192,-0.0074522334980948735,-0.0001845273723570795,0.026058686420990185,-0.01754388985723143,0.00496185031930918,0.011186682846431317
2024-10-14,0.00239251981667854,-0.0032190636096336434,0.006352973891879055,0.01606050566244921,0.03703694726248785,0.0031056245337328647,0.007216141931711606,0.021164061967926306
2024-10-15,-0.008220688728074022,-0.012271931823616966,0.011477889750342918,0.027071226635472012,-0.010203997071944526,-0.0030960094907017677,-0.0018854127168989043,0.0037682060896839786
2024-10-16,-0.005080290579041469,0.0191269996860306,-0.0059574909142485755,0.01167524408332965,0.010309192037307291,0.004658436800599075,0.01095584525736637,0.01243549480357764
2024-10-17,-0.007524668724646855,-0.025344895521132393,0.0019975151469024954,-0.016960986440128556,-0.023469384502767143,-0.006182365451124605,-0.0014947557094258102,-0.011587487975944888
2024-10-18,-0.002707916720500636,-0.0034561068055151134,0.004841972709143105,-0.017787191733062535,-0.0177638286383911,0.0015551435254121948,-0.0011227645556003418,-0.00937864602663474
2024-10-21,-0.015748177585234058,-0.0036334114723748367,-0.005101997639339939,-0.0032598157125139915,0.028723409322179094,-0.00388203066716597,-0.002622702581880132,0.006390577173550183
2024-10-22,-0.0038620041538232064,0.0013259995773262645,0.0017092910550993157,0.016533513673353983,-0.03826269454576303,-0.0007793481291623605,-0.012021170820213478,0.0007054681667162388
2024-10-23,-0.01246198323123937,-0.017546786937167602,0.0062569938536845005,0.004468256884981647,-0.016129010589368775,-0.005460194994027501,0.0011407742237603546,-0.004230314352591469
2024-10-24,0.006730391676478709,0.005897269347777456,0.009044861224402734,0.0012454082233817054,0.03606559279771426,0.006274410485150206,0.0011394743408037478,0.026669855117163355
2024-10-25,0.006963726750667698,0.034003268808417086,-0.011204252891640176,-0.014217053558737591,-0.036919853351663146,-0.006235287730436356,0.00037941888685089076,-0.03149412870494528
2024-10-28,-0.0016596762954271815,0.018629591798932088,0.012180942131816197,0.014241857198773022,0.0372398330917596,0.010980429120373447,-0.0018962957001401604,0.0059339152947950335
2024-10-29,-0.0022166897245637918,-0.0034987767166544392,-0.01063520011602237,0.012086830060464404,-0.025343133406820706,0.006981983390645041,-0.005699060495087838,-0.005427045887422599
2024-10-30,-0.004443425689281577,-0.003032153675835425,-0.0028286712746141696,-0.05163332652327446,0.04008658833933931,-0.003851957560144781,0.007642514114801102,0.011387660632517616
2024-10-31,0.0016737629122551834,-0.006563184914408882,-0.006525045321089218,0.0020369418423309416,-0.014583256510091847,-0.02242845952902761,-0.0015170207173810235,-0.014309071529532202
2024-11-01,-0.013645257542310274,-0.00048339716393897003,-0.005495347486803359,0.01090381817280095,-0.06342496971660727,-0.00791139482715253,-0.009114922052354868,-0.02998560183687582
2024-11-04,0.0022585538873440836,0.010317624117138324,0.013501817942207284,0.027239419098006312,0.10383757391238024,0.010366855071558101,0.005749139994885466,0.04023543629010384
2024-11-05,-0.003098530086419471,-0.008776251428186943,0.030045471918459743,-0.0032032543704382244,0.020449726195020945,0.0007892746876985157,0.00038123368621922893,-0.0016508494636064963
2024-11-06,0.0002828090953757023,-0.011268467245692193,-0.004678094384449549,0.0014282757552142034,-0.025049998591588962,-0.01419565526631994,0.0019045666788524152,0.007559556843115711
2024-11-07,0.0031070816735880857,0.03484208936934685,-0.01465301526996965,-0.005705171262661457,-0.03597124457700507,0.00400004437327528,-0.004182335798564196,-0.01406811550348741
2024-11-08,0.018868063979455618,-0.046098129601756854,-0.0157124750814982,-0.012192952591123074,0.023454096247286893,-0.017529902863658298,-0.00763643776787748,-0.027348384169793016
2024-11-11,0.0019346071037977808,-0.032657053769003075,0.00114010683914878,0.007260860652575918,-0.020833270067134424,0.01459861459929468,0.0007694799837552058,0.04083143540443812
2024-11-12,0.018758864966045508,-0.022676935734942005,-0.01195903717073743,-0.0012615622232468038,-0.018085089061387727,0.0055954132716957705,-0.002306745328746307,0.06788810718426186
2024-11-13,-0.0013541184215294377,-0.0027913374382785294,-0.005187139386715889,-0.012991624681983449,0.0032502212368168415,0.011923649949534543,0.0,-0.006159185563935354
2024-11-14,0.010574906775720816,-0.005598377832243595,-0.0028970549526159406,-0.006398615126900098,-0.02807770132457088,-0.0070698235106907426,-0.02235068445514854,-0.009960290279796835
2024-11-18,0.024952968423023858,0.012491176345040822,-0.003486419773404803,-0.006439672115837736,0.02555555092808537,-0.017405085628184103,0.013401417512881597,-0.03085182072823911
2024-11-19,-0.01047124923318643,0.0022589026035586546,0.009038070431241607,0.002407451631719626,0.016251331792054957,0.0008052484473608512,0.005445672377963007,0.012456836489971534
2024-11-21,0.002910245394874167,-0.0010402090567968036,-0.017336034165991054,-0.007389632216562192,-0.025586518906311695,-0.0032181427391113626,-0.022824131073018283,-0.007974407961124252
2024-11-22,0.039831056162805245,0.00971892896737514,0.002940275204464937,0.005211168919240006,0.03063464309876429,0.023406058966593646,0.013460108482012512,0.015158432128943744
2024-11-25,-0.006088366060115313,-0.0001719780583849806,-0.0002931507050407678,-0.034437992054287214,0.06263277958056324,-0.011041046368478136,0.00585934519824427,-0.015158491584661427
2024-11-26,-0.0012760537189346888,-0.012721226761183702,0.019061718309025588,0.012080465860702105,0.06293714512999893,0.0055821131675724,0.0159618420098393,0.01263521777198151
2024-11-27,-0.00357781763940046,0.012188700729010238,-0.024460489350970116,-0.012694264915333764,-0.09398505768620868,-0.004758095953500074,-0.017530205907997698,-0.057395855072362445
2024-11-28,-0.010259084406355479,-0.010321714491764444,-0.03598839380062746,0.015352172288958466,-0.0674273695343135,-0.011952323296276823,-0.029341888258522797,-0.06137182197815749
2024-11-29,0.008033287976880077,0.0217277268482321,-0.002447903978832544,0.019467042947845403,0.004449513557761353,0.02661294076740406,0.011846573026529805,-0.03641008013997671
2024-12-02,0.006426860845358151,0.0023818566565598775,-0.014190141519749178,-0.0016685859357025157,0.018826000138824073,0.04084850717161714,-0.008074510570715954,-0.02554563055067871
2024-12-03,0.008939882362149376,-0.007637453612372336,0.011208042727343104,0.013927596910948248,0.011956604034734308,0.045283031725802836,0.012210275103873958,0.013653744789466238
2024-12-04,-0.006329237430325763,-0.01949723346542076,0.006157415524344456,0.007326171069819587,-0.007518756631096912,0.005776236944306623,0.012062653106233112,-0.02316821279604786
2024-12-05,0.009936250265508484,0.008198252137719741,0.02141980298672408,-0.0012726543213874564,-0.005411435409609977,0.03517572467556551,0.012316107926509057,0.02040831796071174
2024-12-06,-0.01538839152838889,-0.01712803992488121,-0.020371363012459565,0.012197178907751072,-0.0707289263396792,-0.013869555938201605,-0.02943479946650962,-0.058918927679770694
2024-12-09,0.02587752566595114,0.053159579798717216,0.004893101379427334,0.0026978745256478476,-0.009367761873423142,-0.0007032426417673543,-0.0024261058001598945,-0.03934517007315286
2024-12-10,0.0037462326564012827,-0.0010028289474067753,0.013535038338698957,0.020269173367733817,0.030732803639751616,0.004222349593783203,0.006485460388758746,0.029297409950848285
2024-12-11,0.00995282562093669,-0.015559670790890379,0.009699721484955237,0.029359896571482302,0.05619278467596622,-0.03293614259454858,0.021345256076869656,0.029044445156729104
2024-12-12,-0.01788656606800898,-0.0275974672542747,-0.024917401864049227,-0.01280951293612731,-0.09011945429917223,-0.05072472742831646,-0.013243086950038396,-0.04741739074322149
2024-12-13,-0.006259703495346103,-0.014988556984814827,-0.01293096936058713,-0.002422076632916381,-0.021479758972854035,-0.0015266524135344461,-0.01368210395971281,-0.04503716136032909
2024-12-16,-0.004199562072357721,-0.0005370139658411599,-0.010917196132105955,-0.009538719696337905,-0.05365839846321707,-0.018348661551142786,-0.014279975987172122,-0.047160972607035556
2024-12-17,0.009488668937704059,0.005015210037874862,0.005361214406414128,0.013833092855797258,-0.03737127631983406,0.020249193799539933,0.010761639128895162,0.015304578897957999
2024-12-18,-0.0258485265148245,-0.02316876826891978,-0.028544410584014357,-0.014680659085750225,-0.10040154457160078,-0.025954157758459107,-0.02784613590678664,-0.0274671806111505
2024-12-19,-0.004020304791288343,-0.018974617747505862,0.005488990934490623,-0.010341902524101054,0.06101187744031589,0.0015673311740864726,0.006318552006714828,0.08753755044607336
2024-12-20,-0.008342388264515499,0.015808010339382284,0.011560612776475798,-0.016294620117791925,0.02384282170807972,0.009709059607697856,0.007953030372350955,0.03471585738809191
2024-12-23,0.00027127963827244805,0.004210891088169744,-0.019364883638620656,-0.02200182107759574,-0.04383549940563547,-0.0008176077472061838,-0.0066445297859776264,-0.02375291056387474
2024-12-26,0.007517454571904336,0.0029170493462200575,0.00647436106817878,0.007743124688749159,-0.06447004867445605,-0.006546631063220398,0.011705727310825198,-0.01064496074685184
2024-12-27,-0.003075146739977108,-0.004908119910511766,-0.009970786236538132,-0.017928862946338775,-0.0030626345273935263,-0.005766102834512399,-0.003719051395460138,-0.0009220908129619065
2024-12-30,0.014862375764002511,-0.0034709912192787407,-0.0016246999950056962,-0.016952291960866228,-0.0015361814718921618,-0.027340488495278814,0.0024886510538757456,-0.009230809702354237
2025-01-02,0.016026820833765498,-0.005499576526434069,-0.004634842400041417,-0.0009475373297231915,-0.010769254057181543,-0.011925039189251141,-0.01034345522790514,0.0
2025-01-03,-0.010606592387519154,-0.018617454968263836,-0.024533891021600862,-0.004931698577514632,-0.02643854603865481,-0.023275999637805578,-0.007525086102182388,0.0024844277282687344
2025-01-06,-0.004672948962835877,-0.012772383541132637,0.04493635213214464,0.00019053486287190502,0.062300371032951274,-0.0035303083096359655,0.009267043851850065,0.0006196154118700559
2025-01-07,0.021264881385348433,-0.009703241450746525,0.010911362743909248,0.020011439157739064,-0.007518734600505228,0.022143476945755802,0.012103628055713633,-0.009287903239507123
2025-01-08,-0.008112544909608665,-0.009606126341103471,-0.016190464388572412,-0.005792165061562438,-0.0651515698876014,-0.010398724139255244,-0.003711383021056336,-0.03937501950832223
2025-01-09,0.004362193621300303,-0.006207571481754326,0.002581681799280533,0.02029691121277777,-0.025931983387006752,-0.0017512877063010635,0.004553014130906696,-0.014964166416731262
2025-01-10,0.002714358775992798,0.005660798577965531,-0.013839740019347735,-0.017314452275816183,0.0033277942280121042,-0.021052678614117193,-0.0024723282480358932,-0.04656529501453033
2025-01-13,0.003519220999394168,-0.0001941676463739217,0.007179946683879557,-0.0018744723264184637,-0.03648423785129273,0.007168536000472514,0.0,-0.0038102663342282073
2025-01-14,-0.0067440899697289725,0.006600635169693003,0.0006482609740570133,-0.006009242255576752,0.01721165136928282,-0.0026689543936548876,0.018174361719863308,0.015994382650358796
2025-01-15,0.012764905913680957,0.014464811789411947,0.04339367883827161,0.02323807135500222,0.07783426267391103,0.016057035050905943,0.025152266454446126,0.05989044572189006
2025-01-16,-0.006436223670167607,0.0013308562476617158,-0.0031036355186870868,-0.009047264779287523,-0.06750398635775257,-0.02721685649936223,0.004352939347606055,-0.023571134829537654
2025-01-17,0.004048875474614411,0.034554797518687064,0.0071604920575221165,0.009316104332837583,0.02020206446539885,0.0009024677412607929,-0.0011820200151860805,0.0066137403422190655
2025-01-20,0.002419246291260446,-0.0036704214455806072,0.009582963606504125,0.01772215027781754,0.008250756896384104,-0.003606707975251644,0.003155863864840791,0.004599213826106396
2025-01-21,0.000268195565434004,-0.0049732913332225515,0.0021432144401198894,0.009069459895503229,0.008183324183948848,0.01809937020855701,0.009044415121685745,-0.0006539937538925233
2025-01-22,-0.005630126998771967,-0.02517584472483414,-0.003666344529049015,0.014560562436371827,0.03409098399877353,-0.0204442794269466,0.018316401068684707,-0.000981733489284431
2025-01-23,-0.0070098593457330605,-0.006456488758904588,-0.0021466541706062214,0.014351451913365842,-0.012558814662212425,0.0027223287536233265,0.022579394571239586,-0.016377226873774187
2025-01-24,-0.005158824840575726,0.013570240402063671,-0.002458706662161525,0.01082978993185435,0.012718544505429197,-0.016289626802309942,-0.0037424736326240327,0.009657033176213137
2025-01-27,0.01473786880315564,0.017537306445716938,0.024029818945171755,-0.07879735039429725,0.10047092592439744,0.022999066413598834,0.04094673790697456,0.04584419000002704
2025-01-28,-0.0013447096579444207,-0.024277220219079076,0.0018050083599634448,0.014631353665386149,-0.03566326636703632,-0.0008993130369789881,-0.0064959242548612295,-0.01072209189190454
2025-01-29,-0.006194489070863174,0.0028489388354759893,-0.002402366614024598,0.006285805534721911,-0.02514798128369733,-0.012601348606561591,-0.003269124660210121,-0.03793434885122182
2025-01-30,0.013279171623582275,0.04223482348931573,0.024382961453601526,0.032702632198215786,0.10318662953174362,0.01276216914898387,0.007288548641233739,0.04903907252157835
2025-01-31,0.008023527777025974,-0.015627845262740747,-0.006464915688887518,-0.020814841510577997,0.026134785086022294,-0.0009000308293800607,0.0014471620174905109,-0.024952605816715878
2025-02-03,-0.005041054162856273,0.000738436769608164,-0.009243302186080382,-0.02071220463261636,-0.0321715815823479,-0.006306350212893275,-0.0025288003074268595,0.01976018965606441
2025-02-04,-0.009866730277520275,-0.0035048470696175116,0.0035841351467176263,0.0029683870713750338,0.0027701611984483065,-0.011786186631755347,0.005794863583660881,0.005717993949309497
2025-02-05,-0.007271894110386312,0.005368432132492051,0.01517882502996648,0.007584236690389767,-0.0497238605919329,-0.007339341840753688,0.002160654509958615,-0.0022109928539361112
2025-02-06,-0.001898913573761818,0.01509849232896543,0.0017590050854316974,0.0011014688477393175,0.07412799397204695,0.003696897178746772,0.01149840232925703,0.009496652870796929
2025-02-07,-0.0057079956710323065,-0.005441717642470589,-0.0073166477725054024,-0.010819638059640146,-0.04330170975556136,-0.0009208435700099882,-0.01314394362270288,-0.061147643305575206
2025-02-10,0.006834248472477711,0.01039580322094058,0.01090821901729,0.0050054617980608285,0.026874024123141993,0.011059838168634206,0.0014398689845245283,0.009685994082074156
2025-02-11,0.0,-0.004332172896943209,0.010498629852441876,-0.02029126866525177,0.0013774134314050723,-0.0009114243052549265,0.008627011945172347,0.026463781100162453
2025-02-12,-0.014933562400341271,-0.006707692298058898,-0.027705548904869426,-0.007719973506992495,-0.024759337920687408,-0.003649766665538845,-0.016393478296980457,-0.011279412575081249
2025-02-13,0.0011026475252915446,0.0012775819163808322,0.0053426536860123885,-0.0043643388914326176,-0.011283449313396976,0.005494517797147491,-0.005434722489552013,-0.030638791361524254
2025-02-14,0.03083698899664533,0.014764854749026668,0.026572414721946158,0.02534778698516571,0.05278177978059451,0.013661325392402723,0.047358678247277686,0.06287826623695936
2025-02-17,0.006143199113293862,-0.005388855333760767,0.002013110681815089,-0.025092813848742068,0.07859081114193267,-0.0026954234644177566,0.01426092546352109,0.02720662947849073
2025-02-18,0.018316839339886704,0.006682251673506556,-0.001672546901301808,0.00838883118752598,-0.03517595301396992,-0.0009010251788673651,0.009945160237004647,-0.014474996088352121
2025-02-19,0.0020856027857980575,-0.0008970275708367614,-0.00933751811066652,-0.012856843510419602,-0.029947846057069683,-0.010820583250272131,-0.020033941659188037,-0.048437478123383504
2025-02-20,0.0015606901635152326,0.036810918442563345,-0.0027363807338357526,-0.0021069258685069148,-0.010738347422466044,0.006381084574491824,-0.029798981950515113,-0.0032840641591544983
2025-02-21,-0.002857091167150716,0.007274003051073397,-0.003048765621102789,0.016314820070034708,-0.012211625031909978,0.007246454381093725,-0.0007144231552773661,-0.03657337671888339
2025-02-24,-0.007032995422288413,-0.00911280539270698,-0.005504487229138433,-0.02644009384997481,-0.05631858760957609,-0.008093542481638516,-0.006075701667124345,-0.046853519571928404
2025-02-25,-0.004459593089567115,-0.009717207804272321,0.01014747741563049,0.01648896570947156,0.07423573241382075,0.005439629241048349,0.015102460594162315,0.016864050191951252
2025-02-26,0.0,-0.006132782851024587,-0.002435372836665395,-0.0868321242923028,-0.0027101033759935333,0.05500457027894767,-0.00566766684316844,-0.024700152558891353
2025-02-27,-0.03530961405537136,-0.007404812046947207,-0.0009154670663145126,0.021943578169187683,-0.006793493156958763,0.05299145224721924,-0.003918803527880321,-0.0014471893015510773
2025-02-28,-0.018574365126572623,-0.020426264384162618,-0.02443482437871003,-0.009815957613789505,-0.021887802002998447,-0.008116845663252104,-0.023247603171021147,0.018115971976336853
2025-03-05,-0.03645951889462884,0.007978229123104086,0.014962706278421667,-0.00971276003874888,0.018181857896283127,0.0458264174425429,0.016843686067873787,0.0
2025-03-06,-0.010398716478720926,0.010973250798365974,0.0018519979007254328,-0.007764923715891658,-0.023351626938037273,0.0054774268091388745,-0.0014404607715395867,0.007829132770228675
2025-03-07,0.01079977332143689,0.014590731693001846,0.004312874625718832,0.01290187916624852,0.10548523639271123,0.019455241195565964,0.011900632256641952,0.05296619025557603
2025-03-10,-0.0002886697076498468,-0.016184129358549182,0.008895723840501857,-0.0043849327129802385,0.04961822707570862,0.0015266171098082815,-0.003207377090621688,-0.0023474877311873144
2025-03-11,-0.015020347157860714,0.008334855289484633,-0.008817287684240616,-0.022651173212970943,0.0060606194458519,-0.019817013748739565,-0.008938194040466585,0.009075683985339866
2025-03-12,0.0,-0.012490837841297342,0.003067604544460645,0.012875700357492192,0.03373495109429059,0.013219286821115839,-0.0010922985681680597,0.010992637162189789
2025-03-13,0.00997059251052268,0.013764942171366812,0.016207743495375126,-0.009745717819665267,-0.01398598386072547,0.023023762868276343,0.016266186008038197,0.029983607174596916
2025-03-14,0.030778232363736002,0.03284407157337399,0.03250109188028061,0.0,0.13475175559276265,0.023255813953488413,0.01418686102201172,0.05086350839044562
2025-03-17,0.018591520132026584,0.014389670311402147,0.030020212123686107,0.01946920069881819,0.05625001355704251,0.0042626753925372185,0.02080356811097106,0.015829653684447553
2025-03-18,0.0008295483737550402,0.007355624100086278,0.005376182565392185,0.0,-0.010848098284187313,-0.0014737894767296034,0.0014054824084142048,-0.014384104927541164
2025-03-19,-0.0008288607936316472,-0.0017385371841506236,0.0024769981041936617,0.010283436827155601,0.03988044379009348,0.009594143214610273,-0.003859669392058507,0.0215870099019404
2025-03-20,0.0022125530082621747,-0.003134831400504523,-0.009264903990654827,-0.0049855886501389834,-0.005752648397455151,-0.005847902306847175,-0.00493128253687658,-0.013690552794359379
2025-03-21,0.015452409747417795,0.003668816482734538,0.0021817545041069586,-0.0010438057115995658,-0.026036747957749573,0.009558647063249825,0.004247861059919922,0.009656081177959575
2025-03-24,-0.0013585952127880274,-0.0052219664850403635,0.0009333008335414839,-0.008568016013909996,0.010891164229891004,-0.013838209886634534,-0.00035260790022517696,-0.02749542525025994
2025-03-25,0.007891120653565897,0.003324577340611423,0.008079537394720004,-0.007601427508140413,0.024485696460209594,0.004431387950718513,0.0038787229170531567,0.021512056948298275
2025-03-26,0.009449254533447027,0.0061039093644463804,-0.01078925260248731,-0.005319209745685005,0.0028681248839745876,-0.016176588668870506,0.011942369549828191,0.04753299336840233
2025-03-27,0.007488688411021016,0.00797373415781788,0.001246502449442799,-0.007700355658343594,0.036224954216330874,0.005979172463764115,-0.004165223643612381,0.011243972964885218
2025-03-28,-0.006371180730838533,-0.010146211807718353,-0.013694186744887538,-0.011640599096010784,-0.028518777031071307,-0.00222882542737024,-0.0017428208526120148,-0.007769725049626697
2025-03-31,-0.00721337614653994,-0.014940914496641589,-0.008835651368005126,-0.01243177222040126,-0.03882578866731923,0.0052121847198625115,-0.015712147383738717,-0.025812256997026828
2025-04-01,0.0037674014502337982,0.00864192970900235,0.00024375949790234053,0.0015457379475167787,0.029556609820930335,0.008148095871983285,0.004966268254521955,0.04495413891042377
2025-04-02,-0.0026808842278931433,-0.004546235941006338,0.00031832893257899286,-0.00992272539663841,0.07081334955250651,0.004408596210154103,0.0007060711945763298,0.03846135621595792
2025-04-03,-0.03225814808721861,-0.03618483837630582,0.01782861506175304,-0.014031077451433172,0.0545131237175982,0.013167515904380478,0.005643532031156084,0.021673616912875504
2025-04-04,-0.04027777912982866,-0.03991245388274045,-0.02596169584968988,-0.012423850532287672,-0.0822034243022346,-0.010108324347233077,-0.01858989648760878,-0.030612349380988557
2025-04-07,-0.0396526979035603,-0.011959013668289331,0.001926825865731674,0.006404395442734634,-0.06371199497925906,-0.03865792708642435,-0.010721987778278486,-0.008033147055505285
2025-04-08,-0.0355635631200385,-0.0547550068775462,0.00032050847805020766,0.0,-0.13412226913354652,0.004552350770381075,-0.0018063418503029283,-0.0030718994155144452
2025-04-09,0.04062493732768746,0.05386172115556298,0.018263407589498293,0.0320454835005024,0.1127562084557876,0.032477383130579796,0.004343108680193941,0.035574324381906
2025-04-10,-0.06216214438501266,0.017936410063745134,-0.004090703929718331,-0.011010740094205995,0.04503592233920206,-0.005120676019602088,-0.006846870034002195,0.011631142578191422
2025-04-11,0.019852822668597003,0.01667295047823747,0.00505536103195392,0.00467595417063138,0.025465181425497807,-0.008823674775356283,0.008708279770243799,0.03128336257317876
2025-04-14,-0.0037677669695134197,0.013045107803864475,0.016346907133032218,0.015514237892268357,0.0019102237594086358,0.014836892117028766,0.009712255738091313,0.01788949668331874
2025-04-15,-0.02300660113370767,-0.01011772416409451,0.012681884955433542,0.0,-0.0038131635232566685,-0.0014620862402177082,-0.010687539517693967,0.003566142415282858
2025-04-16,0.0,-0.023229882031646887,-0.0015274279891098752,0.00043659711187826744,-0.009569398489401082,0.01683757689260834,-0.004321284711529261,-0.016497578082602438
2025-04-17,0.01977161719352294,0.006088304488115481,0.0018355981506221752,0.0023995801259621974,-0.014492734670095597,0.007919315708809327,-0.007956498930487221,0.038709777376068955
2025-04-22,0.002269036550825998,0.01777602528740929,0.019542118004241438,0.006311307576152059,-0.00588236555063304,0.0014286672044534487,0.01275977923662408,-0.027329253767625183
2025-04-23,-0.011319498398527195,0.011891538410166325,0.020964334454737,0.0006486436237465032,-0.05917151986324598,0.002139799566468259,0.009359221836103826,0.03090674676506766
2025-04-24,-0.00457970849116085,0.015607812360157514,0.019360507177603736,0.05014058123085441,0.10796629892103549,0.007117339559419067,-0.012125579004463649,0.030723517988094473
2025-04-25,0.0029576785816010087,-0.026396726812486393,-0.0037411434641683172,0.026754399718761368,-0.01135281218337314,-0.00424021035220723,0.011191362120713144,0.029086419969780897
2025-04-28,-0.003931825296720093,0.0035283119544764485,0.01068769570946193,0.008618934618761731,-0.014275635541271092,0.014904182740788086,0.012138637270506125,0.0058399305094605225
2025-04-29,0.005263080552328825,-0.003700986837552378,0.008002238755852487,0.002980892422199899,-0.0020001210908160427,0.014685239617046264,0.005290885799221101,0.0027867142847721738
2025-04-30,-0.018651813349953694,-0.01820198551398433,0.008789096532061835,-0.11551411135749168,-0.06613222535661467,0.0041351478525242236,0.015087608257998486,-0.005094982042992524
2025-05-02,0.027342492708107846,-0.001135112682730366,-0.0025967396876455107,-0.004928439847469601,0.0010729179692232638,-0.03088537164895011,-0.0010368664227929925,0.0032589080802469805
2025-05-05,-0.03732554198838167,0.0030302758436373534,-0.017761539506090607,-0.042548270808499655,-0.05037504839910811,-0.004249290468559153,0.007612427845924419,-0.0009280113544918311
2025-05-06,0.0165205850796728,0.0007552606382807969,-0.0051663926700968865,0.009875434178652887,-0.013544154031126188,0.01066855998164118,-0.007554916588512373,-0.024616933945422526
2025-05-07,0.0046433634293781,-0.001886726625346613,0.010963748397336825,-0.023282870884064555,-0.022883181133064867,0.00422237730709063,0.014186706656056591,0.0021429052278021388
2025-05-08,0.01386598903888614,-0.003024547496117691,0.007990875697454713,0.006197645623022163,0.05620606266046346,0.007007682756501765,0.0034119095547511247,0.043003162717253796
2025-05-09,0.006512615277536105,0.003981776388486846,0.05407692885744653,-0.009950207638375286,-0.06984476537977402,-0.00626304625720564,0.004080247918110791,-0.06605927287202729
2025-05-12,0.023940344663292645,0.025117981728281835,-0.02014496225212936,0.021057819000089406,0.0464838348916814,0.0007002563554554531,-0.015577424403576678,0.012195086960414825
2025-05-13,0.015165925555637338,0.01639646456256627,0.012335356242745732,0.031169289558288904,0.04328027532678935,-0.0027992066113087244,0.020295871044755165,0.005783131776404993
2025-05-14,-0.006847199467743148,-0.004893981558054317,0.006769576145821743,0.0015908872607084401,0.020742290497337557,-0.0014034612572876304,0.003371580285885356,-0.04863441334542706
2025-05-15,-0.001253473712386155,0.010018281662948603,0.013448230809100181,0.002269125220791368,0.03743326318447693,0.012649258182630074,-0.012096849897544892,0.026189839432892104
2025-05-16,0.004706576705879151,0.0007213453863308406,0.005838310337832109,0.018791127207998803,0.008247296776701774,0.007562100646236081,-0.12687069909386472,0.026748447447652257
2025-05-19,-0.0012492343316349297,-0.002703207658152351,0.011873534345061554,-0.009999989307206802,0.012269959574172429,-0.004864560963311115,-0.024542305137654097,0.006214019467032816
2025-05-20,0.004064989571345823,0.00018065726808358384,-0.001303738094406759,-0.00044895329886618374,-0.030303030303030276,-0.0020949432382915134,0.01837066132030274,-0.009500931313654704
2025-05-21,-0.011211397105444831,-0.012827427197986352,-0.02010454608351575,-0.02425337669881733,-0.040625042115619125,-0.009097355366231463,-0.009411771677789282,-0.0321343511664246
2025-05-22,-0.01322830434619282,-0.007503588519020554,-0.006927494487459329,0.005063234833505348,0.02823014192223483,-0.004237230065726405,-0.008313525730257454,0.0049553672206221755
2025-05-23,0.002234273034728007,0.001659578269891826,0.012073886923288812,0.0004580921019468054,-0.049630330677104983,0.00992901230451504,-0.02514973890843042,0.0007396949028559696
2025-05-26,-0.0031847517476312204,-0.005706990173695803,0.002120958753314639,0.0009153975857880692,0.004444377059453775,0.0014045453884514725,0.010237579224355198,0.0064054843274305995
2025-05-27,0.007348297486780453,-0.0031475708495795063,0.007936704460934196,0.01966625789282861,0.03318595474568342,-0.004207585930278257,-0.004053549440963478,0.044063642385901325
2025-05-28,-0.0031716207832984677,-0.007986541378869672,-0.008136713159137443,0.0015699270394888831,0.022483895781540975,-0.007042227229132836,-0.019943095566850366,0.015709338946961582
2025-05-29,-0.0060451507268461935,0.0007488972320988108,-0.00793869029899863,-0.014330581124323505,-0.04921457501362425,-0.0028368403892063965,-0.01578070264096454,0.0027699889428924873
2025-05-30,-0.010883545353145951,-0.025257261183693758,-0.0016004203675279438,-0.037937222345194255,0.015418434038263484,-0.0021337543547313986,-0.011814271510447005,-0.011049722725059108
2025-06-02,0.005825244061622659,0.008829185257366978,-0.007012339378702381,-0.011806415126603076,0.03470717951613267,-0.00855312539925901,-0.005977758618567197,0.008147034136809506
2025-06-03,0.00030390763738674664,-0.000570874897205309,-0.0032303606095374082,-0.0035840978616712427,0.07442343454925804,0.0071891176899094855,0.005456143728360008,-0.004386961924433663
2025-06-04,-0.027501644720898,0.004568895927276051,-0.0024303590657258622,0.035011681779049786,-0.02048786404535763,0.004996362270714094,-0.027415129519136383,0.013450959891151193
2025-06-05,0.0003406855379166629,0.0026530086434599642,-0.012181869517255861,-0.014365036938268294,0.0019920521277969616,-0.014914710312306068,-0.004921638009589668,0.01144152205837301
2025-06-06,0.01055850290194349,0.0013229944061352583,0.0024663245449501048,0.0007053435880091108,-0.05566596602349494,0.015140526884767969,-0.023831095328945562,-0.00904971229447915
2025-06-09,-0.016851957542605933,0.005851256486036682,-0.005194033243896667,0.006342487545562436,-0.0021052844373654622,-0.008522681458022485,0.0009213782134829263,-0.003196408479016921
2025-06-10,0.030167960342742273,0.006755565009544773,-0.0015503010500150793,-0.012605215057668429,0.002109726010702806,-0.011461303679763946,-0.008743643114260902,0.007558452085205891
2025-06-11,0.03327784517007171,-0.00876052680577144,0.009166521727364874,-0.00023622733942796348,0.0042105688747309244,0.007970977199995621,-0.006499642614360868,0.00022740121994391238
2025-06-12,0.022544240262330817,-0.006581387059163113,0.00770707993171782,-0.0007095131846380776,0.008385722689161046,-0.007907943165325948,0.0009345427809877016,0.010454482385713337
2025-06-13,0.024566927960603557,-0.013250056001328891,-0.012018347365581827,0.003076328957125174,-0.07068615325679117,-0.01159418819154756,0.00793660702690513,-0.009896504896108937
2025-06-16,-0.009837102451500157,0.03261075684130499,0.018246995615424533,0.003538440276866117,0.06711421157463926,0.0029325842235197186,0.01806388694593597,0.022035512522732725
2025-06-17,0.02266384047476322,-0.04495631758870677,0.005973569474891027,-0.02656326026150968,-0.022012641254191445,-0.015350957529146725,-0.0036396183662846804,-0.008668726574588392
2025-06-18,-0.0009107297737266373,-0.0033067553037446906,-0.005938097834925382,0.01086692971301817,0.0021436444360471985,0.0014847605966488153,-0.0041097394746422156,0.0062781477963269605
2025-06-20,-0.0027346798755643054,-0.025761196859675484,-0.005158488650217952,-0.0052556514345756256,-0.053475935828877,0.002965192852097509,-0.021091132689675884,-0.036096340545225925
2025-06-23,-0.02498484417331881,0.012620209965866325,-0.0021838431680847314,0.001301354712759606,0.006779729544058366,0.0022173383408272684,-0.012177964878197,-0.01964861868257417
2025-06-24,-0.019687456130482395,-0.00019777593318426323,0.018873335261559543,-0.003846288116543084,0.021324285140589483,-0.0036873385369367018,0.01659549248378589,0.02593724416589427
2025-06-25,-0.00510042906282171,-0.0011872192070362386,-0.017986739154954412,0.009169843493241014,0.003296792156031625,-0.026647005475216368,-0.008395557126053332,-0.008273866134449137
2025-06-26,0.008010213928590915,0.03011095420019494,-0.007380817547086527,0.029890084869844458,0.031763348066879304,0.012927807847646022,0.015992489850665592,-0.07276955317924005
2025-06-27,-0.007946560280745696,0.01673078430590702,-0.0011016682218771834,-0.01671681447823925,-0.012738874689994129,-0.012762812658007827,0.0060185987679748365,0.013496625615473823
2025-06-30,0.005446958768057897,-0.004161083214590855,0.018748068386569727,0.010153376165965122,0.05913978494623651,0.012927807847646022,0.016566935839585017,0.011891958295164873
2025-07-01,0.0035053739082033797,0.013485163289759239,0.004539408146381652,-0.0065451095116048075,-0.014213136399500947,0.00450451769714566,-0.008148605250579144,0.002714746212751029
2025-07-02,0.017783376835189157,0.03635687704551138,-0.008086352472194247,-0.001647081083701596,-0.06591146903573131,0.020179318893225773,0.0036513359914260857,-0.05759290579345344
2025-07-03,0.0034322891684201995,-0.004701613491018053,0.024728414871621363,0.006599005161265659,0.013230451982400249,-0.012454188349309114,0.01409743023833765,0.025071546679402257
2025-07-04,-0.0012439297935831206,0.0029069506280425816,0.0005303015222566376,0.006789924316595641,0.0065286814228058265,0.0029674667250809694,0.005829586127834796,-0.0017833067465189423
2025-07-07,-0.0018678310259563347,-0.014673889805924878,-0.013251989253613594,-0.015581116876519419,-0.015134961952244619,-0.008875838803278802,-0.016495769140692618,-0.012506470706295958
2025-07-08,0.01434806501787933,0.0034932817068697997,-0.0024173541626052453,-0.0406333549579303,-0.023051656694280442,-0.0014925168130219824,-0.002719836569112344,-0.010596900322789815
2025-07-09,-0.006150158816892959,-0.009893768895883559,-0.020732142397223097,-0.012312153118513636,-0.0393258426966292,-0.0052316918819064195,-0.02500003771092718,-0.024817108674094923
2025-07-10,-0.0024751585349506167,0.02294593385097321,-0.03079496633795409,-0.0052354736278813485,-0.02456141533070011,-0.00601058605055238,-0.011188826844520605,0.024644919295913503
2025-07-11,0.012096804816015938,0.013024673930266628,-0.008226722910087747,-0.003759491980271812,-0.03597122345753967,0.007558626763278786,-0.00330024650148375,-0.04156859673048774
2025-07-14,-0.01317810626881466,-0.011428617221311943,-0.0017164150765022201,-0.005534608564582766,-0.01119408027878277,-0.0030007089801551423,-0.021759672358307114,-0.005455583332295233
2025-07-15,-0.0077639371322464346,-0.026192220597861637,0.0034383637198855954,0.0035415607359499113,0.01257868072258339,-0.001504870167503225,0.010638256699919246,0.01234242494326554
2025-07-16,-0.005007838975029211,0.009089329695463721,0.004854416202618506,0.036551557560688064,0.007453365924230626,0.030896785681387984,-0.0009569001702338653,0.002438367644889805
2025-07-17,-0.010066087294337112,-0.001838247369463919,0.015061110204005024,0.02358948124448701,0.011097461010697529,-0.016081868458699966,-0.006704903918690386,0.00972974588200759
2025-07-18,-0.015252599671148559,0.004788199225084666,-0.01819725044197984,0.006652406959976265,-0.03902441489694786,-0.010401267881417486,-0.02314380632508839,-0.04175595730175974
2025-07-21,0.0019360721250474278,0.027309381498078933,0.011691011780177618,-0.009440595097133908,-0.03553297018124302,0.007507554527433458,-0.01974342764958603,0.0005585855789584926
2025-07-22,0.009661855441380096,0.025869781562682936,-0.013528563834372398,-0.015487163267467463,-0.013157828238496094,-0.0014903669522700058,0.0015106622143954418,-0.0005582737353008183
2025-07-23,0.020414665720380754,-0.001391327950371557,0.011142905868121167,-0.08010648629126971,0.039999997304600576,0.014179133668414279,0.016088345011062266,0.01201115649370288
2025-07-24,-0.0015629807899367743,-0.01549982682768436,-0.00932509523965075,-0.046829811100037144,-0.033333408925465435,-0.00662249900817824,-0.0069271855885331135,-0.007176422458592291
2025-07-25,0.0012523030403153168,-0.01468250759679579,0.00427873907619758,-0.0016561715801707289,-0.005304959425901368,-0.0022222656914542283,0.008470361758154077,0.005838320269018871
2025-07-28,0.001250801621227815,-0.009694753463959871,-0.02101686465877428,0.020318937637010315,-0.04266669074556839,-0.030437963532842116,-0.01482213124232823,-0.027916058947360933
2025-07-29,0.013116751040092911,-0.006163972748799651,0.005802217625346717,-0.004083786626674746,-0.02785515202693789,0.009953997553051597,0.0005016316735173554,0.008530012054094982
2025-07-30,0.010172692459209154,-0.017876670416412832,0.011537121038626585,0.007380979956581379,0.051575943472490726,-0.00303263466478354,-0.0025065094292544554,0.0033831465408635797
2025-07-31,-0.003967074290150863,-0.007057857623125274,0.0025663644076006076,0.007055685652120891,-0.03814724702950634,-0.05247144904986101,-0.010050152175154148,-0.026973803061196344
2025-08-01,-0.0131740700512466,0.0054245433889241745,-0.006042638850764059,0.0018862737852365363,0.022662976717816363,-0.013643632972617392,-0.0685277565640191,-0.007507992098823024
2025-08-04,-0.0015521766483317379,0.008000068648882586,0.010592631597035496,-0.0029584873620916996,-0.0055401520502139645,0.00976406427812293,0.020163278106602123,-0.0002909130579052954
2025-08-05,0.0046641560533153825,-0.001292059520788369,0.011048311594050286,0.0016184891873902707,0.0027854025815441386,-0.0040291145378597015,-0.005341670893425632,0.006693880082593973
2025-08-06,0.0012378337479139745,-0.006283430857840444,0.01260870489677024,0.02774031271900168,0.019444572156168904,0.009708766935775603,0.004296390899547697,0.023417094750163958
2025-08-07,0.005564231237676687,0.007253054685463667,0.01770875151018192,0.02201256450691136,0.010899085565529987,0.0048077065653491236,0.011229765543999903,0.0070622343203381455
2025-08-08,-0.061481667073191915,0.022710500236342357,0.006796932363942743,-0.02307684297018442,-0.051212980965215094,-0.013556592357780284,0.0010578064869644077,-0.007012708926677602
2025-08-11,0.006223315685381703,-0.00108319019203873,0.006211508768289908,-0.023097121364212825,-0.0028408662628448544,-0.0048503779456997576,0.008980461931878958,-0.023163843406221907
2025-08-12,0.002604140634266061,0.010482568229967404,0.020665699270287385,-0.01638914766033761,0.001424587877050909,-0.0064988542212365275,0.007329758921380547,-0.004627037086034735
2025-08-13,-0.007467415907613573,0.0013956673443717982,-0.00946621752639154,0.0002732101067293158,-0.0426743232499559,-0.00899423457197357,0.0020790219069919402,0.01104015146471915
2025-08-14,-0.01275757012601253,-0.012386827332747985,-0.0013276332549994052,-0.003549782693105019,-0.007429420728364722,-0.008250793894721165,0.029564419543306908,-0.011494349461421804
2025-08-15,-0.0003313848773405237,-0.0018719342942796757,-0.0034554096592147587,-0.01425069623779529,-0.008982126988128392,0.0016638705253417818,0.04030215478824295,-0.00523245123565752
2025-08-18,0.006297643340693826,-0.002250534004919813,0.007201812100576799,0.01223247683634665,0.04380678929311399,0.00249165998839862,0.020339034963583247,0.019286999800291138
2025-08-19,-0.01054021488856094,0.0007518701108917281,-0.029056117299032125,-0.02224676490276145,-0.007235889908627224,0.0,-0.06027535750114055,-0.030963354907825646
2025-08-20,0.005992036773077913,-0.0045079067636547565,0.000550787263272623,0.013202273236433637,-0.02623911087176012,0.0024855499233624734,0.0030302827146506672,-0.016567878608019893
2025-08-21,0.002316349198567602,0.008490609483014833,0.0011013187541155656,-0.004435811436231285,0.0,-0.003305739485606529,-0.008559829458041013,-0.01624563332999507
2025-08-22,0.028763530760375078,0.025070139354909537,0.028044736057749597,0.04427744121363575,0.03293408733912151,0.012437721606738394,0.0411376520470379,0.05871557452680354
2025-08-25,0.00590754048911557,0.00237266549841908,-0.005081454191223078,0.0061333153817175745,0.031884162848732966,-0.007370987846234467,-0.021951165629263025,0.0
2025-08-26,-0.007177835130026233,0.008922101177815778,-0.006720350790965557,-0.0037105551680719495,-0.016853960498294907,0.004950509349582077,0.01645874016175819,-0.005777056106997525
2025-08-27,0.007558301453419958,-0.0005414116128698021,0.016779351799629527,0.0039904619569852695,0.02571432903320825,-0.002463102329615885,0.012266973433594508,0.016850775874951207
2025-08-28,0.00880629758439433,0.0003611365987949977,0.02076131254704383,0.002119604569778888,0.09192194537832021,0.00823050417230542,0.020358657484723208,0.019714089900233045
2025-08-29,0.005496354819320537,0.0028881222719827626,0.0036505300858440393,-0.004230558544695451,0.04464298664378319,0.008163234310162526,0.016152033804908816,0.004203090287704159
2025-09-01,0.002250718419533726,0.0007198609439347248,0.007996747863441067,0.003983150932165058,0.01098893571898385,-0.004048608245356022,-0.014025241985869297,0.005859384605342299
2025-09-02,0.005133197495609476,-0.00377693042147742,-0.017019252625967485,-0.0034383756207900795,-0.015700580176203238,-0.01138203871205734,-0.031768519472403,-0.0013870018524841932
2025-09-03,-0.008618036757372827,0.0037912497078342877,-0.008656961324742807,0.004511728857089725,0.008588982392114808,-0.021381612500945946,-0.00685604026630704,0.010000016691174896
2025-09-04,0.0,0.001978392125535855,0.00396943677438788,-0.015851992802715986,0.052311597307772795,0.021848774531601167,0.0069033700493386085,0.01760175254028118
2025-09-05,-0.015131962027921109,0.009154650425360122,0.01107012143350472,0.016107326018837576,0.07167619872041753,0.007401295765564475,0.035749243563225175,0.029729598638779775
2025-09-08,0.003922844165156425,0.0024901851758363236,-0.004692344986434449,-0.010832219628252537,-0.038834906994540064,-0.008979549575576451,-0.009456261720645731,-0.018110163449466476
2025-09-09,0.007815097247555025,-0.0030163564041482127,-0.008643133720404816,-0.012286289279227258,0.0011224024449179026,0.015650689497142656,0.02147956683059915,-0.004009737045586381
2025-09-10,0.01809366897271736,0.006940791407824554,0.000792651051661375,0.008112464821633525,0.03699526137025244,0.002432975342253174,0.030373780624634028,0.002147221883859185
2025-09-11,-0.0038083728957638563,0.007776571139821664,0.001847792827601502,-0.01207082691065442,0.08108130848699124,0.01294504955747433,0.007709758396112543,0.03615410437157163
2025-09-12,-0.0066899694926843,-0.0003507496516969022,-0.015019680185109463,0.003258288618985361,-0.015000099561313651,0.0047923463074412975,0.0040504659683109345,-0.021194007721444863
2025-09-15,0.008659431483924784,0.00877188843261667,0.016586331113730868,-0.011908042206608571,0.07411165460355607,0.003974587638321481,-0.019722023746087225,0.011090697954366124
2025-09-16,0.0025437158831285167,0.0034782864888804887,-0.002631591879659334,0.007121391822145107,0.01512293095671935,0.006334117009737961,0.0032006503770123373,0.021154277709397373
2025-09-17,0.006025916363022077,0.001733080187205971,0.014248113708088539,-0.00163191086366421,0.05307264252301436,0.0062942485032300155,-0.003190438897551995,0.025575353764970776
2025-09-18,-0.009772982252805096,-0.001903089998356089,0.0013006242886175468,0.0005449317604213633,-0.0070733681304401275,-0.021110264634779385,0.01051667769313247,-0.004987473376116713
2025-09-19,-0.011142978377233437,0.003986775370714568,0.013250127991395688,-0.010345787919532334,-0.010685770640169623,0.002396213101258482,-0.02171948659016687,-0.006265540990364471
2025-09-22,0.00998078089078902,0.0013812672602093734,-0.014358806825539805,0.020907884376671904,-0.024302449323194808,-0.015139552292576464,-0.005087907484054632,-0.01311484221069703
2025-09-23,0.016895110213973163,-0.0056897211403335035,0.015868720416455817,-0.01104832830863478,0.014760204374212327,0.008090666089586751,0.028823760564773426,0.03731151982322922
2025-09-24,0.022570494873698443,0.003814829672654785,-0.00665792478248084,0.0051771771094084595,-0.010909109286815655,-0.006420537885926114,-0.0009037151292321521,-0.0009856305390522069
2025-09-25,-0.007970463767342562,0.005527724193101324,-0.007991876280682764,-0.01463812682749921,0.012867777360853871,0.006462027578815865,-0.014473050844883706,-0.007398089801516683
2025-09-26,-0.003399362097645575,-0.01924064303519346,0.004937565990739801,-0.0008253832911312431,0.015426330480416972,0.0,0.014685596225746389,0.00869181829717669
2025-09-29,-0.013643388321476047,0.0033280361148417814,0.005689258926748764,0.004425121719899394,-0.050938268299587586,-0.004012786003826263,0.00045239871972224677,-0.00049905979817777
2025-09-30,-0.011002858713719199,0.0052375038975363,0.00462817807326843,0.006049168072940203,-0.09604521494717089,-0.025785704336970583,-0.0013563176923343523,-0.015227245804540934
2025-10-01,-0.0025429074519054407,0.012677990883726675,-0.01798465416691919,-0.021863784389926644,0.0,-0.008271267730158294,-0.007243165391589534,0.013434681790277736
2025-10-02,-0.00956024601131622,0.006688373300867578,-0.010951800573137382,0.009499749163054183,-0.04583327015990457,-0.00500418468405639,-0.007751856560077042,-0.030014929124493328
2025-10-03,-0.002573933093015124,-0.0018739114271325574,0.007382233495554891,0.007472862885260723,-0.0010917691924450246,-0.005029352492771366,-0.008272092629782457,0.005672971271092786
2025-10-06,-0.009032373591961962,0.01706774703998737,-0.011515514597095211,-0.01978018598439457,-0.020765071509283528,-0.0016848968221905292,-0.007877671839779166,-0.01999988643226558
2025-10-07,0.0035807730248123004,-0.014096347508208318,-0.01588582718068321,0.0014015190076217543,0.0022320527101062915,-0.011814352260157479,-0.009341427279713876,-0.03689160925336876
2025-10-08,-0.005838426609279024,0.007659613779774865,0.0018832656083582755,-0.006437275670275522,0.012249512396738771,0.014517563012059531,-0.004243160925258116,-0.0010867870820164827
2025-10-09,-0.014355670260052467,-0.0015202508892033784,-0.001610998074935921,0.047887218736224924,-0.013201232055687129,-0.013467995891079942,0.0033142172219506882,-0.0016317391110290957
2025-10-10,-0.008937406588600538,-0.004060310683786761,-0.0010757317183512916,-0.013709520621371873,-0.017837189752974325,0.00767916005996927,-0.02737134204384839,-0.024788958344083456
2025-10-13,0.009685971838423013,0.014948274097334346,0.004038909224943987,0.031343676961318234,-0.023836501842684932,0.004233641804343602,0.013100538014850782,0.009497314081767128
2025-10-14,-0.006946680237468916,0.0,0.004290460318361333,-0.013477854969703329,0.020930089059832513,0.016020268871232535,-0.008620724311369954,-0.007470936661229333
2025-10-15,-0.00899397220841236,0.01857737026850792,0.0,0.0024109517953201376,0.014806470570966956,-0.004979267509845786,-0.018357520450788756,0.025648169136071486
2025-10-16,-0.010084050691752111,-0.009201460724799215,-0.0024032860314776583,0.026990926678793548,-0.07968580899419397,0.01334443687300646,0.002460677340489381,-0.018755227416887177
2025-10-17,0.009507624183846541,-0.002819201299307794,0.003479965303677446,0.044756687296731545,0.024390305535052503,0.01810699391974091,0.026018637571858294,0.013850488643916137
2025-10-20,0.000672754166018974,0.01280562488792314,0.017871319708727018,-0.015193089119408865,-0.007142928911305857,-0.0008084771881748942,-0.006220084610710219,0.010109381163853293
2025-10-21,-0.00806728147256619,-0.0016420810442240308,-0.009434170969016109,0.0032877956699446376,0.0023980452050276213,-0.011326786852643322,-0.011073557327071604,0.010278511396857093
2025-10-22,0.011521602445965895,0.017763195642684693,0.008201076133819152,0.008822881031050889,-0.002392308341480409,-0.012274953992558624,0.007302678285463937,0.011780444523501021
2025-10-23,0.01139023122352234,-0.001939342197495142,-0.0007872218049753688,0.03548221029044596,-0.05635488039133718,0.004142527956428221,-0.001933319489088925,0.010849433281746146
2025-10-24,-0.011593273915903146,-0.0004856801384188758,-0.0013128843473104723,-0.0016892260827082728,0.026683620798381158,-0.0008251536681579408,-0.006295294042243493,0.01439802229063969
2025-10-27,0.005361921545147252,-0.0011339560629581857,0.00841439817844214,0.007251666896000986,0.05445543099131922,0.0033030926360173574,0.016081761192962007,0.014709544288347365
2025-10-28,-0.0003332820695733929,0.008757656886832832,0.003389798260322374,0.015598779808286833,0.016431971946964774,-0.009876572075529055,0.005275712603662441,-0.0038148925738279438
2025-10-29,0.0010003148563060282,0.018167229747718228,0.022349297905015053,-0.006380020974075085,-0.015011639666957843,0.0,0.012404559446282937,0.015317905886191863
2025-10-30,-0.0043304560948767,0.0075793764893155036,-0.0012709423499428496,-0.014268702672881273,-0.003516975211723561,0.04655040063007232,0.019321511657697688,-0.013326582256328101
2025-10-31,-0.004683799099894914,0.022723735369393427,0.003817679099875182,0.015681476215517964,-0.0035295068964573684,0.009531321791295788,0.012482668726038204,0.005096725208175279
2025-11-03,0.011764668974871162,0.0013790198292693567,0.0166821447678962,0.016627159910381106,-0.015348206005721732,0.01573566060844156,0.008219122402242762,0.005324659971870593
2025-11-04,0.004983363623164427,-0.01117053912514443,-0.0029941494482707,-0.001168276308291416,0.004796151008069183,0.019364798832818497,0.008605132524982073,0.031525814598233115
2025-11-05,0.019834745554392796,0.01717731102000819,0.004254653563812161,0.017777808730534694,0.04295937999695809,0.0015198119400894328,0.015267188955086608,0.016381383412436445
2025-11-06,0.005186442891746523,-0.0034991796526495644,0.0,0.009193333437342632,-0.08581236293388872,-0.007587300401905583,0.01105700808155241,-0.010103374920113817
2025-11-07,0.03772971614909104,-0.010992410146983489,0.0009965242636911231,0.02482354041992285,0.018773468258504344,0.003058061879485985,0.0013124124983614482,-0.006318310983410957
2025-11-10,0.005593621585469055,0.006637890802218882,0.006721504857059246,0.00822219963909343,0.03439807421298324,0.004573260454745931,-0.004805616029658899,0.028857773342309656
2025-11-11,0.02595792723554391,-0.00260692890145775,0.01928793121526695,0.014546899660183188,0.07957241340813304,0.03110768878619896,0.03028969329828124,0.028048548123759565
2025-11-12,-0.0256025644425959,0.011070092708338475,-0.02280456362850991,-0.0247663720660678,0.006600727224205238,0.0022075487391166604,-0.028547248685434012,-0.004393024303496085
2025-11-13,0.004327878944824448,-0.0013686567232514824,0.0039722012235259285,-0.0015593130108855213,-0.009836109760649636,0.0007342042531701676,-0.01315772237384738,-0.023687867654757055
2025-11-14,0.006463406554092277,-0.006091106179286099,0.003956380413127736,-0.008478504859638414,0.05849898810944931,0.004401993556629735,-0.0026665618608515684,0.04781150488529251
2025-11-17,0.005504609128264892,-0.000765977510373772,-0.0073891363225623286,-0.010575868760788976,-0.04796658772645335,0.00511329722511511,0.0026736914244316345,-0.01997728152726741
2025-11-18,0.0033455394894543744,-0.003066628036829333,-0.004962656183202352,-0.012053793505669264,0.0372396881322532,-0.0014535409916006659,-0.027555687199062873,-0.003937918514913319
2025-11-19,-0.005153083270612813,-0.0010765781915770267,-0.006234549507032949,0.004834268595841573,-0.014783464148815928,-0.024017500788253265,-0.013711060805896014,-0.005813891998658338
2025-11-21,-0.007617370844856142,0.0032334008065886266,0.003011324175006269,-0.009851017905170845,0.032154341532707464,0.01566003869414967,0.019462515295407323,-0.016608169563955277
2025-11-24,-0.0009210759507667365,-0.0010743881489178042,-0.0037529602460556477,-0.0006941907130545433,0.02803740475834604,0.011013210682469854,-0.0072727963220399205,0.022121812669815055
2025-11-25,-0.007990183923000216,0.007835328764271843,0.0022603014040469827,-0.005325305102785505,0.03636369762271885,-0.002178691810052591,0.005952460225390199,0.01256679870721622
2025-11-26,-0.0015489598983182695,0.014939079018097212,0.023553101149818234,0.03351967903163189,-0.01461998069282211,-0.005094616967142085,0.01137901697754029,0.028729087636582662
2025-11-27,0.005274721981906927,-0.0037548936437047375,-0.0034270353906928896,-0.007882964940390758,0.0009891797096786004,0.0036577405075790548,-0.002700164223750856,-0.0013405496067850908
2025-11-28,-0.01882720575849306,0.016131439457716334,0.02284422471917602,0.0045402268914878086,0.01581023641244439,0.010203940282037083,0.013989104560943266,0.012304350607109216
2025-12-01,0.00188735083708913,0.007715035193906816,-0.007744504172914168,0.02101693528542259,0.005836634984904832,0.010822578931688476,-0.00934564499893098,0.0033149516985031546
2025-12-02,0.006907334934589171,0.008245126243817236,0.022275987805760344,0.009517593780219658,0.024177948764469548,-0.0007138374366967293,0.016762409351674723,0.04735673974528609
2025-12-03,0.007483680633955769,0.032272194190069436,0.0,-0.01227801586831867,0.06137856132286856,0.010714353080510497,-0.005959318898511867,-0.006940036016297779
2025-12-04,0.00649954052850088,0.017399863161691842,0.024633066496027922,0.020247890226110288,0.03647692425150284,-0.014134292854138475,0.017426359527101587,0.05040235151568351
2025-12-05,-0.03536284085133801,-0.023637297312383176,-0.04623229941376816,0.026373533740866817,-0.0978540251961445,-0.02437278283310773,-0.07070707501416085,-0.07399190233819941
2025-12-08,0.009244436913200316,-0.006835800495608724,0.0048473949425482665,0.022912267409110676,0.0028544049585090825,0.0007348172555494692,0.02079396247359222,0.0019595584807106103
2025-12-09,0.006317173154731348,0.0005736667945703822,-0.0021708918721031756,-0.002302664998891535,-0.04933588066489425,0.0014684085063405572,-0.00509255043128054,-0.022164351802122728
2025-12-10,0.002510981324361561,0.01834324564703871,0.007870224135975601,0.016995406633484755,-0.0029939917404967487,-0.0029325108887470197,0.005118617247753088,0.021999913702049456
2025-12-11,-0.01659366449474775,0.013228316386338479,-0.0007606780576249195,0.0016503915220662524,-0.041041100087246374,0.013235258207716427,-0.0013888610449424021,0.016525442748205776
2025-12-12,0.005730681976217733,0.002802943983271522,0.008880960158571094,0.019979523083235362,0.03027144158971473,0.018867882070165765,0.006026798213260465,0.015828850406942152
2025-12-15,0.0034821570041310146,0.006121529882072929,0.015090614778063394,0.0032310327702826935,-0.0030395955425955856,0.01709399578127102,0.014285727069351273,0.005685317027996684
2025-12-16,-0.030283924311086285,0.003766509355762171,-0.025768108185107663,0.005233370265929738,-0.034552786025420335,-0.008403386067384,-0.013630160208839448,-0.051507468305934
2025-12-17,0.011060455865529173,0.012700205538902942,-0.008901389723722342,-0.0028034068640739873,-0.03157894736842104,-0.009886940795055255,-0.007369847452851741,-0.03730680341460113
2025-12-18,-0.005791463699638011,0.00256520321893694,0.005131971597665208,0.004016103237226565,0.016304347826086918,-0.007132712095123894,0.001856141341752604,0.005232192305714811
2025-12-19,0.003559913835075257,0.0071073206943128575,0.009190752563299043,-0.005599928383793085,-0.01069529527003854,-0.0021264708323467385,-0.0069476117550864025,0.010618570929845417
2025-12-22,0.0029023009562891833,0.029216651226609658,0.0020238907344445334,-0.01694473980540978,-0.02810806747037664,-0.012048243093271793,-0.0065298706008374285,-0.007994393695102797
2025-12-23,0.005377651305524367,-0.0002742271471274371,0.01641005065246559,0.013008794202162166,0.03337052625282677,0.02667686460264651,0.021126792664059924,0.03384754397316647
2025-12-26,0.0032992945888195013,0.0030178493291941333,0.0003228503885208678,0.009734879209875924,-0.0043058571952533375,0.018559826949033242,0.004597638550989824,-0.00022272112295307345
2025-12-29,0.010522830100024416,-0.013676148282786293,-0.0030689757985156163,-0.0008205345068205139,0.010810921265109963,0.010932898273002367,-0.005949744970937809,0.002004849594494651
2025-12-30,0.002928749464939928,-0.0022185753745961323,0.006413581810739588,-0.004105963015652581,0.003957264655127357,-0.000721005090887572,0.009208247361112143,-0.03134730520193607
2026-01-02,-0.0035691366835955973,0.00583655050429166,-0.0015766322658536946,-0.005359664102122963,-0.012304274768801582,-0.015151548605704224,-0.010949039607040745,-0.0029836682149464444
2026-01-05,-0.016606948769287477,0.010223895015816886,0.014559424973023649,-0.0035233496067372805,0.013590051136714187,0.004395684311104153,0.009225236683475524,0.006906200980434152
2026-01-06,-0.01854308534672422,0.03760940777766253,0.006042378636463841,0.0018718699556066198,0.022346324850712307,-0.0007294194311002755,0.010968878556105954,0.01326005213856285
2026-01-07,0.006410260663849865,0.005931157663790376,-0.01601616864052524,-0.009757109970357614,0.015300653839566358,0.0,-0.018987400111190156,-0.0081227127261152
2026-01-08,0.01240365645582342,-0.009695988819818036,0.015513769303900027,-0.04171903711531122,-0.007535035943148305,-0.004379571622888823,0.0055300223713645735,-0.008871771170886222
2026-01-09,0.003311181507556382,-0.011378679406146786,-0.0020033062347839525,0.008532002911931569,-0.036876314302207835,0.019061531970231416,0.0018332624649832763,-0.008262534819253764
2026-01-12,0.001980295064483828,0.00026762102167721125,-0.009033950196017049,0.014099844654838822,-0.03378376986683551,0.0,0.0004573881104674715,-0.0071742128076977
2026-01-13,0.02569166055606753,0.008161635373115983,-0.008103591507499952,-0.0074865623754380994,-0.04428907776480662,0.0007194490109003748,-0.03063552143223025,-0.024009388304554014
2026-01-14,0.027296113018499435,0.047378895383127784,0.010977887386911744,0.013146423203190372,0.02439019522627861,0.020848333995751478,0.014150841862977437,0.0011941005051081532
2026-01-15,-0.006251931672156208,-0.0008869703047175159,0.008585886621573557,-0.012125095063542757,0.04047614600035132,-0.011267585524507129,-0.0018604579748654482,0.001431416683019382
2026-01-16,0.007864080282787622,0.00038045377143181014,-0.008262251300556689,-0.0025839652562453796,-0.03203650817095349,0.00427351358832917,-0.0041938555148548495,-0.030490696291083363
2026-01-19,0.004057340255578801,-0.003929989469926287,-0.001514912354025233,-0.002158910433964434,-0.011820364056425836,-0.0007092440057113736,-0.0028077089643688824,0.002702654954265693
2026-01-20,0.0037303050865611365,0.01921855850955212,0.00935529706560434,0.004543545837756735,0.004784656489138506,-0.001419494779586361,0.01079317330831464,-0.001960338949422269
2026-01-21,0.03530506860143756,0.030219756663477648,0.04383758863146925,0.024983846739748516,0.04880965218916988,0.017057675525779192,0.03992560809656531,0.04640320763877037
2026-01-22,0.004486971685353058,0.005818222508285897,0.0338374668472039,0.03446104633111613,0.017025989492226223,0.019566667009724537,0.046875016254194435,0.029563563614777966
2026-01-23,0.04347831689340831,0.024584155261574203,0.011374225502692958,0.013000157229522413,0.045758941161795796,0.02124743293614295,0.03539454845518586,0.019826799045409738
2026-01-26,0.00913234217578296,-0.022935744827522475,0.013311921150207073,0.034890678297609945,0.010672388962710944,0.010067136278088862,0.004942240028945166,0.021005613326673167
2026-01-27,0.021776007811996845,0.022029635702149886,0.02650056170051962,0.02111999624607308,0.017951404944933635,-0.01196015898331404,0.011885299979196962,0.043992137437133705
2026-01-28,0.033490143332591815,0.024381621408961385,0.022506516772598184,-0.021442128451942044,0.045643143168133005,0.0053799500920603816,0.028756529211432902,0.02683436925395033
2026-01-29,0.009641186068149121,0.00505924382235734,-0.0041001399681240835,0.00969555565875635,-0.035714234553428814,-0.012709015637879628,0.003937107500029624,-0.017354013058174522
2026-01-30,0.0015913810833911857,-0.03535069028517401,-0.014084702961641216,-0.006721659295664484,0.007201596877551841,0.006097574408095996,-0.010980425244941472,0.005401970259284239
2026-02-02,-0.013771097716727576,0.005929791292808684,0.008755017779474628,0.004446973021435152,0.0040857741176161255,0.01414144510512405,0.0031719963165204312,0.024385236948830213
2026-02-03,0.009130062512767712,0.0491629118598047,0.005666924245141924,0.039461048750661254,0.02950152245420412,0.021248301181137075,0.015415172266428634,0.021787367115878586
2026-02-04,-0.0015966719219161485,0.0049444033258638775,-0.032943368983483934,-0.048148212801365387,-0.038537574503741956,-0.005201551169427221,-0.022966251844326768,-0.011648545652326092
2026-02-05,-0.013859289136254782,-0.03332218882661819,0.020170367681948687,0.01575881781096422,-0.008221938519085481,0.011764669114579185,-0.026294836066626415,0.0001997638586663797
2026-02-06,-0.009459426272512728,-0.009485248395267765,0.027021097213683287,-0.0068953394624424735,0.056994831057705975,-0.00387591583407898,-0.004500781302327339,0.018573938138176205
2026-02-09,0.01828103648350865,0.01961929649727656,0.03336912698972583,0.0366442136115841,0.07549024937352722,-0.0019455295148983476,0.020139767378938744,-0.008235211904128126
2026-02-10,0.0008037924330941415,-0.002977832025037652,0.002276870623546756,-0.025116213084233396,-0.03372838244273246,0.01754383566538409,-0.0008058377704612818,-0.0017793911872273638
2026-02-11,0.019544925567263283,0.03492238000641201,0.019619993547069337,0.02270991988214166,0.04716985330143286,0.007024321799727229,0.00443552557822624,0.011883521566296462
2026-02-12,-0.025472763836453693,-0.009545932022591574,-0.022888386708846853,0.008210417795680991,-0.08558569301465757,0.04755863629439383,0.044961844242126014,0.009982333229842988
2026-02-13,-0.00592825819680165,-0.024655435334193232,-0.009743004483921736,-0.004256847430792354,0.007881815166715933,-0.010290617733456742,-0.023050386759241093,-0.003100755115624909
2026-02-18,0.008132256382855196,-0.03573481160488523,0.004605543765569653,-0.007620823351199291,0.004887552418388008,-0.013455648405660714,0.015336368795521915,-0.0027215902443619155
2026-02-19,0.016671153078304135,-0.0054814000775667004,0.011669023443479754,-0.03783475980592099,0.029182963546181107,0.0024799357498141994,0.02478681375772207,0.022027303886859917
2026-02-20,0.004231649052048203,0.04013897089467311,0.014006073896727145,0.012069283955789212,0.020793899939211657,-0.008658007377873922,0.020030323734486766,0.007629281851426306
2026-02-23,0.01632878945487848,0.006681279200166035,-0.03615677457631006,-0.00038466266874970234,-0.03981481250394414,0.00998120689767279,-0.00592809860172816,-0.028960890175247278
2026-02-24,0.025395129752807888,0.0038906507570639626,0.015173913193148314,-0.010775510408727373,-0.02314361969802725,0.024088996914581218,0.019185510890954438,0.014619840052531252
2026-02-25,0.0,0.02553285966097585,-0.007888744234864298,-0.021980163039629907,-0.06317872006732606,-0.012062790604850271,0.01696161232604987,-0.024207476697822305
2026-02-26,0.0010108831225661419,-0.00844728382704063,-0.002511033786490202,-0.017899739328106068,0.009483704001479465,0.0018315058948568108,-0.01087734959465858,-0.006694197274925262
2026-02-27,-0.007068936580967189,-0.008295010328033148,-0.01866992023535341,0.006480372448755878,-0.02400838765196789,-0.008531324492906278,-0.012096791273361496,0.006144652749311197
2026-03-02,0.04576652836603223,-0.0035039850154450214,-0.018002377194034747,-0.020321947800771234,-0.017112389097901914,-0.02212666108660688,0.0,0.019109569905146895
2026-03-03,-0.004376294997037622,-0.04174228847902628,-0.03353652909779492,-0.026494079386067182,-0.020674507753307036,-0.021370214443886093,-0.041289599671851085,-0.054707130592175135
2026-03-04,-0.010989067990631596,-0.004616560174544038,0.014195594787748123,-0.0012658965654420706,0.05888880664830953,0.001926847955352029,0.006596822430895655,0.029856825777018203
2026-03-05,0.004691361046376796,-0.03329760428472772,-0.03332596581627556,-0.01330799248516501,-0.0388247031691753,-0.01987185794334545,-0.03623749523764741,-0.0687053116682198
2026-03-06,0.036126840733130106,-0.029892979183269053,-0.013330228736474936,-0.0019267716832570558,0.018558930281237673,-0.003924142092722294,-0.010000006915102722,-0.02281449102799271
2026-03-09,0.023719174734205373,0.0050722992998100125,0.00535751122856909,-0.0008579413369664834,0.02036448354169962,0.011818804948149797,-0.002020125820722196,-0.0017456127538192368
2026-03-10,-0.005329025952377386,0.016401657675063852,0.01482853142539664,0.01309570377170921,0.06512600708391703,0.002595681385912485,0.01781369849718617,0.03256837770554322
2026-03-11,0.0435592758938006,-0.008813295754586559,0.0020549230371322835,-0.006569179181467266,-0.009861960464437991,-0.001294418735299896,0.007955454953535224,-0.008255780287049652
2026-03-12,0.004464357838409594,-0.007639331521706372,-0.027341162615235004,-0.022610987164245144,-0.06374506537772262,-0.03110829755825395,-0.043804291920971794,-0.035859184064994554
2026-03-13,-0.0073334294294000735,-0.011862630456247247,-0.00679304829698435,0.008511604125190031,-0.006382935580974358,0.0033445316676945502,-0.019810087561336953,-0.03431473609489566
2026-03-16,0.026639903832733403,0.006896465709916644,0.014150939936280027,-0.005193652453169939,0.0535332386906493,0.006666638614326592,0.006315793560171423,0.026822591115445604
2026-03-17,0.011338782428824246,0.0015221049233402617,-0.00674434565029125,0.005003290903901503,-0.08130084323188869,-0.005298003766039394,-0.009623437149884784,-0.003795557950421413
2026-03-18,0.013367750099336329,-0.023176315251687396,-0.010067882292212671,-0.0008658237015733983,-0.02101766236288727,-0.018641809223157724,-0.010984375530022294,-0.011429794554290496
2026-03-19,-0.004680801524491018,-0.006482562139308867,0.007095782629304104,0.009315400727593515,-0.0090395948503732,0.002035282600319155,0.004271681573790653,0.007027833416773266
2026-03-20,-0.023728157681178086,-0.014093621823952018,-0.016128499178199918,-0.01352222279977866,-0.04903078239248637,-0.020311421640234473,-0.01020842862066107,-0.027239943013356194
2026-03-23,0.00788276445322067,0.025678288995999887,0.029602731369153368,0.030312335387733258,0.050359715551792306,0.013130599353740502,0.02965184936811327,0.08863693935946593
2026-03-24,0.02693896009737995,0.00787199157527363,-0.0056101154947433285,0.004232839170318803,-0.007990923027049623,0.002728475404189634,-0.012938159549710226,-0.012755163711260953
2026-03-25,0.004865598149025541,0.018566000076391642,0.013164091518343524,0.015384564557000102,0.023015025755954266,0.021088503705550377,0.008879498369988248,0.024763158330979307
2026-03-26,0.010947380032217291,-0.008045246575691944,-0.02691416184996953,-0.013698632311217929,-0.05061876048660552,-0.01199203105261959,-0.03352894028647735,-0.027947055291141165
2026-03-27,0.02894626967418157,0.0011404933939171968,-0.011683159760528361,-0.0023148017770442397,-0.04146914336544694,-0.0047201935771395975,-0.01734606533195926,-0.02399481927350544
2026-03-30,0.00526205842280425,0.006329113924050667,0.003618630687673763,0.03459185359678352,-0.011124829529546187,0.0054200445431988875,-0.01147397071134959,0.008786379540783429
2026-03-31,-0.0201328866662005,0.037484318955139484,0.04519246276334443,0.039959212471112115,0.09625000744543932,0.027628071992044756,0.026785732661306128,0.043536216002600714
2026-04-01,-0.02671048813821786,0.006304517724327718,0.008471371819699591,0.0,0.007981811432243191,0.0072130468215299,0.027391239132932954,0.01638997728778091
2026-04-02,0.01646617717019705,0.006626542792262713,-0.012092191362896298,-0.013722763096893797,-0.010181034525002852,-0.005208324253595742,-0.010156506759312456,-0.0016754623315831108
2026-04-06,0.016407019970041015,-0.005505765374804628,0.0043881011508986045,0.006161741223132511,0.00799994543191418,0.011125658423391416,0.001710133658804125,-0.01111808051194818
2026-04-07,-0.008786270543026276,0.0072211593448103795,-0.000689914984926876,0.0005927164685972652,-0.004535116703509812,0.0019417518996920347,0.00042680352362944873,0.00021222483902461065
2026-04-08,-0.03916712717990345,0.022702758287223235,0.03497468210518173,0.04185585569807615,0.01936216481012587,0.024547837619643076,0.04479516926201543,0.046871666769889186
2026-04-09,0.027676467917425285,-0.01051517624713283,0.017118663005728285,-0.0051165277140964305,0.031284919325702765,0.012610348006965921,0.009391595033054312,0.013776361783717439
2026-04-10,0.02359076374080349,0.010626920185851318,0.006994552238887675,0.0072380674103655895,-0.008667434486324788,0.003735998194525525,0.00040453102724224976,-0.020783464499462667
2026-04-13,0.015296703825680158,0.020680036782258382,-0.005209308909282728,-0.015884965865446854,0.006557438103650615,-0.01178658658492382,0.0008087348961263174,-0.003877475923040774
2026-04-14,-0.03816780803651332,0.010760101131396693,0.015273640710646852,-0.0026902897263348935,0.004343075813702191,-0.0025110109996533403,0.025454563234424077,0.044662935219442534
2026-04-15,-0.020676716592054722,0.0015854969967143973,0.010960790162250378,-0.037379619317017276,0.015135240892229396,-0.0037759679799841406,-0.03861310746783109,0.01863104569266527
2026-04-16,0.036041773031784574,-0.01130710054720463,-0.001275533613522506,-0.031224902287771084,-0.014909580795290367,-0.02526843235072207,-0.004917957547534879,-0.022333425003863372
2026-04-17,-0.04857963744441218,0.026418086620499492,-0.003831488032342567,0.005165252694804501,0.004324399141843127,-0.006480915984168667,0.004942263389071,0.0070893959903075565
2026-04-20,0.01730854827494932,-0.011364865103803967,-0.009187901719008185,-0.0034943133412177474,0.006458513418657885,-0.0013046134958532019,-0.004917957547534879,0.0164255024417288
2026-04-22,0.013823771797755402,-0.017017942962947896,-0.02889816344088636,-0.026609003375960394,-0.042780766831884254,-0.020248205991559076,-0.03624384501462008,-0.02847248530176949
2026-04-23,0.016233907423637284,-0.014331575126179774,-0.018876168649850755,0.023098176385131453,-0.033519541054989666,-0.017333349654694796,-0.017094028319741716,-0.02198019474822599
2026-04-24,-0.012769495989709778,-0.0011631786983971049,0.0043005220174392456,-0.009941991979597442,0.00924849212875456,-0.016282260802552684,-0.013043403459822911,-0.0020246291822986207
2026-04-27,0.004452886496754793,-0.004308870790117214,-0.008564213446390134,0.008158935053360405,-0.013720911897238675,0.0027586487996114073,-0.008370133630201004,-0.019679481869694593
2026-04-28,0.0031666382800319415,-0.012982463278965684,0.0025004972081870136,-0.018675990843184276,0.0011723598118276168,0.0027510595923694314,0.0013328272475321423,-0.02090230742518817
2026-04-29,0.030303015461931482,-0.05865620315254283,-0.02789123137279581,-0.0674561423012785,-0.05386417332572924,-0.01714683538475248,-0.03682353220899004,-0.04459942603108247
2026-04-30,0.0024509924312923204,0.021903295698573633,0.007464355135258227,0.017233580655288572,0.018564309399333956,0.012561088654377883,0.023030877656049498,0.015707933330564527
2026-05-04,0.005297486298098786,-0.031042087134677376,-0.017877670473680607,-0.01114579323845688,-0.02794648299261393,-0.00482429169970322,-0.013507438431663465,-0.020257025199810985
2026-05-05,-0.013781936307453058,-0.0034325484349170265,0.0014150697385690858,-0.018485118583560056,0.0,0.15304714567002797,0.0004565005876557837,0.020453526274903933
2026-05-06,-0.028565570751824754,0.036229161747642236,-0.016015127671713314,0.03215425386643678,0.0037499666213989258,0.01801805734440598,0.006842982260508945,0.038126347721824105
2026-05-07,-0.02221278558146944,-0.014280482754779555,-0.023695414694653638,-0.014018620820503869,-0.01120793010505261,-0.031858475383564344,-0.017217867862457603,-0.02728226618651386
2026-05-08,-0.011899703613080459,0.009117064564954536,0.01152229396758142,0.027307623208800313,-0.09949621614103377,-0.005484472840233123,0.005071376087104618,0.07615965510608924
2026-05-11,0.016641175575299094,0.03279695292569329,-0.022539973740199004,-0.029877020996618042,-0.030769267705513692,-0.004289186171517523,-0.0119265257987613,-0.057337594025428595
2026-05-12,-0.01615332420717086,-0.002396608215171403,-0.011405926634223351,-0.017436582379981247,0.03318903676345775,-0.007384631609401282,-0.010213562550223099,-0.019991502485999346
2026-05-13,-0.02429948745086352,0.012612649270364207,-0.006019459466145016,-0.0018437403811218944,-0.02793293485019055,-0.013639172312846615,-0.02626643307594201,-0.06401907655703254
2026-05-14,0.00964774172246008,-0.016963229577794947,0.019429743304189895,0.009466678626075753,-0.007183935411037012,-0.00879943642059755,0.0,0.0187804056513885
2026-05-15,0.010444416746442142,0.007602235218267195,-0.01732684408291052,-0.013495026208116045,-0.017366119856576212,-0.005072974569997224,-0.002890175282339369,-0.021848003879885614
2026-05-18,0.02133275984865679,-0.019999978071201352,-0.002015046130631082,-0.01831672639855919,-0.026509547768760244,0.00764820033847613,-0.01352657883471986,-0.0002325861667490381
2026-05-19,-0.007536566949758461,-0.009898633384618605,-0.021201434043062184,-0.012281469510305287,-0.018154366107771658,0.0,-0.009304609456905033,-0.020479445719261635
2026-05-20,-0.03232809260946168,0.012095820754609576,0.022949840902746432,0.018173144114205897,0.03698000869327811,0.025932929646429015,0.023232837982664067,0.056545554192445335
2026-05-21,0.007847579554878026,0.007682893334365559,0.011343680560525815,-0.0025833577131039176,0.0059435307191177955,0.011097435031480973,0.005797105214879972,-0.009669494098093367
2026-05-22,-0.010456120536797564,0.005688021739389315,-0.017198299019732577,0.006121892452432887,-0.020679448579028814,-0.01829272275019922,0.005763692483129024,-0.015667612333203684
2026-05-25,-0.024280521114986686,0.005896484630166787,0.022571610916851892,0.01357360629204285,0.021116118260791517,0.018633581693970225,0.033906329276254255,0.035755540839544464
2026-05-26,0.0009215443227426068,-0.006220799926398568,-0.0064483642607283675,0.0030016233485332666,-0.017725241639167555,0.01158535219993162,-0.02494219225973393,-0.026726050050898453
2026-05-27,-0.014272527046278016,0.004574422232020758,0.0064902155346262536,0.00023025728611147933,-0.0075188255665883386,0.0012055865800701948,-0.0018948377772635139,-0.0201373408311869
2026-05-28,-0.007239590778326699,0.0061114698008530866,-0.007936529169465412,0.0062140195814435195,-0.03787878842612158,-0.019265467352767573,-0.021832002541700368,0.0
2026-05-29,-0.011997122464431853,-0.013577887113856213,0.001000014735842658,0.008691640645121623,-0.058267699388334315,0.0018415071051951504,-0.015041251928434307,-0.018682823549066252
2026-06-01,0.00880946687985662,-0.013523336762968241,-0.01653643766182411,-0.024943342703747984,-0.026755827241100705,0.006740250152913241,-0.01083744560199762,-0.01618279902994213
2026-06-02,-0.0023764828986884146,0.04039171572856248,0.005081318411253033,-0.023255828428755954,-0.024055041098527963,0.0012173269028548095,-0.0024444114734760714,0.011852952600429845
2026-06-03,-0.00769785174821791,-0.03776469511144298,-0.02123358402523201,-0.005238065802917191,-0.05985909965250491,-0.023100391949854582,-0.01809948285821905,-0.03322982745850467
2026-06-05,-0.008727287523674243,-0.03777972775029692,0.002840829416771218,0.016275754547132593,0.018726573366127264,0.006222868530059822,-0.018433210327418403,0.0034620630633039884
2026-06-08,0.008070477769149376,-0.008005048003144055,-0.00798345691032687,0.03626940438979309,-0.018382335217044576,-0.005565874559109507,-0.003651522928827866,-0.010103633009275081
2026-06-09,-0.0012130773963368036,0.005507881476324528,0.018172441204955536,-0.015227242016516818,0.028089815401518337,0.008084435828489722,0.000523572182309362,0.016928087480456044
2026-06-10,0.011659057038668097,-0.010191121678443493,0.0035695606296588522,-0.021694013687261426,-0.06739524608098901,0.004318410536076955,-0.005756180368302943,-0.042350026594172974
2026-06-11,0.002640979390743814,0.014157093265375176,0.028963358409245465,-0.0009436626540408888,0.04101563336735148,0.022112953122922052,0.021578939337479452,0.0429447931509348
2026-06-12,-0.013888841946105845,0.004695369325613763,0.0024690494083714487,0.006139420394872586,-0.020637924031698507,-0.00180277374741189,0.0025759524705619707,-0.002450987585443487
2026-06-15,-0.05148127528348534,0.025135853722233037,-0.0049259364362990166,0.00398963472063496,0.024904237483914793,-0.002408269782409378,-0.003597106789181348,-0.0012284573900671614
2026-06-16,-0.013312863273969189,0.0034499601609505604,0.0012375803512196804,0.0011687800847810514,-0.06542054408814157,-0.007845482954647154,0.0005157415779586394,0.007626012842450791
2026-06-17,0.0007783803472820594,-0.020383148481653124,0.008652640068603557,0.022647613310377235,-0.05200004577636719,-0.015206807486038088,0.0005154757256946585,-0.010253861170529954
2026-06-18,0.007259496539079535,0.0020055610999945017,-0.007597980805667426,0.04589049472661566,-0.050632865550022665,0.001852999762660179,0.0061824235021514795,-0.011100228005301416
2026-06-19,-0.0012869816994678374,0.01013256859965006,-0.006432449767052373,-0.014189074762986142,0.026666641235351562,-0.010480950169674874,-0.005632391525043801,0.0007483474355443054
2026-06-22,0.009536055132994825,0.0019814694998065985,0.026837204618741062,0.004315196728080561,0.00865800061555344,0.007476771611505839,0.008238921049615433,0.017447612489741582
2026-06-23,0.004084852427596708,-0.018909978240526537,0.0026868206334922373,0.010165725623705102,-0.05150209849286713,0.015187486168112718,0.014300341559577934,0.023517916308110953
2026-06-24,-0.026442940938440684,-0.020786016044027078,-0.001948798349480696,0.019689379652265915,-0.013574647453366007,0.0006107709847662512,-0.006545874326281509,-0.0004787178571190598
2026-06-25,0.004178632634799007,0.011964495883336701,0.017817950129524585,-0.0023600216458081746,0.01376145434453857,0.0006105146150305885,0.01621894081341413,0.014128385581859693
2026-06-26,-0.01014302683770929,-0.006483627161031236,0.012949663727167993,0.008602183352234505,0.0045248824844552615,0.020744366397147385,0.014463886611591592,0.01770957005585294
2026-06-29,0.002101892103807401,-0.0002559727712136972,0.004024596614261133,-0.0023454287158363174,0.04504500150622537,-0.00836816458332812,-0.00393313289606223,-0.007397478752256381
2026-06-30,-0.008914529576006469,-0.003199795325592003,-0.005423237393854863,0.0025646276883262153,0.008620681681899223,-0.018083136485911977,-0.017275438179451763,-0.016804712058524407
2026-07-01,0.0007937194338545339,0.0011556750187380338,0.0065978928869099285,-0.013856353186809112,-0.053418805378193546,-0.005524870934912274,-0.009040698470883068,-0.01107364165465663
2026-07-02,0.003436353347232801,0.0034628272263603765,0.0007069414459230927,0.0,-0.03611734844516101,0.006172745025411208,0.013684767563510558,0.004138222039143269
2026-07-03,0.0076396449557862844,0.007668692363282048,0.0063574393690399855,0.004755755051567334,0.04215452673130127,-0.0006133939878028016,-0.0010000228881835715,0.0048485033439866765
2026-07-06,-0.012549007640165422,-0.01331805518944007,-0.004211518439562134,-0.004733244898232236,-0.02247188964466096,-0.025168862986104545,-0.010510464929127439,-0.027261786424997436
2026-07-07,0.017738897559573363,-0.020439695957990223,-0.0030545362763267914,-0.008430596709877114,0.016091993838167618,-0.017002547595584727,-0.002023313839208063,-0.030505941258581415
2026-07-08,0.03147770401659655,-0.04593176036971924,-0.012726865699821177,-0.011336395680668132,0.020362025120903127,0.0006406296669940748,-0.010136789672127389,-0.006395497544746109
2026-07-09,-0.011097160768558045,0.006189884408896118,0.016710450540432076,0.008599850440309531,0.0776052964235312,0.00640207312435237,0.024065504189965337,0.014418160944669856
2026-07-10,0.011221689662841428,0.014080639204532064,0.040150248376290554,0.016834206707712074,0.07407400139656373,0.006361286647376785,0.02899999618530269,0.04314712899504802
2026-07-13,0.025472844455604715,-0.017929385623929317,-0.01760719622415574,-0.04558157403551766,-0.030651312996745395,0.0006321257316526108,-0.016520901547538158,-0.021897755342943137
2026-07-14,0.0,0.015923180321293362,0.00252758752744775,-0.004280212419946361,-0.0019762356043001583,-0.0012633925575328275,0.01729250916144598,0.008457715077989203
2026-07-15,-0.0017215862047936792,0.006755843609890011,-0.011230842687851572,0.001357410804482484,-0.003960392113094846,-0.01518031109567164,-0.001942735076780222,-0.004686789272702718
2026-07-16,-0.017245645733135695,-0.02053413951726235,-0.013676406141291286,-0.0173971231872323,-0.02186881290778231,0.0019268264119158829,0.010219026745391213,-0.036926838168907405
2026-07-17,0.025319682920139863,-0.0005481078882897394,-0.01386604378770484,0.0032191166761383894,0.0,0.0019230597588206777,-0.013005802253703291,-0.016212070463720307
2026-07-20,0.006112469209611504,-0.013847026356241465,0.00810295900873137,-0.011460004303447069,-0.012195110131936526,0.01023671441078755,-0.01561735960950461,-0.01935647064164847
2026-07-21,0.01239364040393709,0.006117092166543436,0.005437341522096739,-0.015302569697825175,-0.008230444599618192,0.0006333267198224135,0.03520074773361692,-0.025073416893074185
2026-07-22,0.022083581061264068,0.037722752852430874,0.008699806188617654,0.10054156663603164,0.018672131233495648,0.020886010509370223,0.010057519169631046,0.016142275373555837
2026-07-23,0.008689500140296236,0.007723060490534506,-0.00792541120034207,-0.022892671610973414,-0.04073315997566673,-0.013019162764957959,-0.007586526612351707,0.0
2026-07-24,-0.017229375211218367,-0.005813985724523851,-0.010808338447531152,0.007006864951859759,-0.012738841251293542,-0.01758792284103894,-0.02771141496651708,-0.006731287132699326
2026-07-27,-0.028429300852102712,0.005980922254297472,0.014014255913822993,0.008914977874507901,0.03870963970902874,0.014066451951736614,0.007370988487393815,0.02249937231735477
2026-07-28,0.004876878105952942,0.0,0.003982243830202847,0.006465500586098516,0.0,0.015132454602004852,0.016097557253953898,0.017232176302923286
2026-07-29,0.01917012698563747,-0.008455534007201004,-0.02426507001206535,-0.022698101840979423,-0.014492690668721164,-0.012422407341657227,-0.0024003474432875427,-0.02423769432015721
